message_id,ticket_id,message_created_at,it_member_id,message_source,draft_text,sent_text,sent_at,customer_action_required,included_context,follow_up_request,quality_check_notes
MSG-000001,TKT-00001,2026-01-19T05:30:50,IT-008,specialist_solution,"Hi Noor,

Our specialist looked into 'Invoice total looks wrong'. Recommended fix:

Refresh tax engine cache for affected account; reissue invoice with corrected line items.

Let me know how this lands.

Thanks,
Maya Chen","Hi Noor,

Our specialist looked into 'Invoice total looks wrong'. Recommended fix:

Refresh tax engine cache for affected account; reissue invoice with corrected line items.

Let me know how this lands.

Thanks,
Maya Chen",2026-01-19T05:44:54,Apply the specialist fix or confirm whether the IT team should apply it on the user's behalf.,issue summary|resolution steps|request to confirm outcome,Reply with whether the issue is resolved and include any remaining error details.,Includes customer-safe steps and confirmation request.
MSG-000002,TKT-00002,2026-03-20T12:23:33,IT-002,faq,"Hi Quinn,

Thanks for the ticket regarding 'Shared mailbox missing'. We've identified this as a known issue (out_of_office_disabled). Please try the following steps:

Re-enable auto-reply in mail settings, send test message, verify delivery.

Let me know if this resolves it.

Thanks,
Alex Tanaka","Hi Quinn,

Thanks for the ticket regarding 'Shared mailbox missing'. We've identified this as a known issue (out_of_office_disabled). Please try the following steps:

Re-enable auto-reply in mail settings, send test message, verify delivery.

Let me know if this resolves it.

Thanks,
Alex Tanaka",2026-03-20T12:53:31,Try FAQ steps and provide: Date range and rule preview.,issue summary|resolution steps|request to confirm outcome,Reply with whether the issue is resolved and include any remaining error details.,Includes customer-safe steps and confirmation request.
MSG-000003,TKT-00003,2026-03-23T00:11:32,IT-008,specialist_solution,"Hi Sana,

Our specialist looked into 'Email calendar sync issue'. Recommended fix:

Revoke and reissue OAuth token; ask user to reauthorize on device.

Let me know how this lands.

Thanks,
Maya Chen","Hi Sana,

Our specialist looked into 'Email calendar sync issue'. Recommended fix:

Revoke and reissue OAuth token; ask user to reauthorize on device.

Let me know how this lands.

Thanks,
Maya Chen",2026-03-23T00:35:56,Apply the specialist fix or confirm whether the IT team should apply it on the user's behalf.,issue summary|resolution steps|request to confirm outcome,Reply with whether the issue is resolved and include any remaining error details.,Includes customer-safe steps and confirmation request.
MSG-000004,TKT-00004,2026-03-15T11:56:04,IT-003,faq,"Hi Wren,

Thanks for the ticket regarding 'Password reset link expired'. We've identified this as a known issue (self_service_reset_failed). Please try the following steps:

Verify on-file email, resend reset link via admin console, expire any prior tokens.

Let me know if this resolves it.

Thanks,
Vera Liang","Hi Wren,
thanks for reaching out regarding 'Password reset link expired'. We've identified this as a known issue (self_service_reset_failed). Please try the following steps:
Verify on-file email, resend reset link via admin console, expire any prior tokens.
Let me know if this resolves it.
Thanks,
Vera Liang",2026-03-15T12:01:39,"Try FAQ steps and provide: Username, on-file email.",issue summary|resolution steps|request to confirm outcome,Reply with whether the issue is resolved and include any remaining error details.,Message is brief; review tone and specificity before reuse.
MSG-000005,TKT-00005,2026-01-26T22:36:06,IT-007,specialist_solution,"Hi Xavi,

Our specialist looked into 'Out of office not sending'. Recommended fix:

Revoke and reissue OAuth token; ask user to reauthorize on device.

Let me know how this lands.

Thanks,
Zane Underwood","Hi Xavi,

Our specialist looked into 'Out of office not sending'. Recommended fix:

Revoke and reissue OAuth token; ask user to reauthorize on device.

Let me know how this lands.

Thanks,
Zane Underwood",2026-01-26T22:59:20,Apply the specialist fix or confirm whether the IT team should apply it on the user's behalf.,issue summary|resolution steps|request to confirm outcome,Reply with whether the issue is resolved and include any remaining error details.,Includes customer-safe steps and confirmation request.
MSG-000006,TKT-00006,2026-01-31T07:57:35,IT-001,faq,"Hi Theo,

Thanks for the ticket regarding 'Wi-Fi drops in conference room'. We've identified this as a known issue (wifi_reauth_conference_room). Please try the following steps:

Forget network, reconnect with corp credentials, reauthorize device.

Let me know if this resolves it.

Thanks,
Dani Xu","Hi Theo,

Thanks for the ticket regarding 'Wi-Fi drops in conference room'. We've identified this as a known issue (wifi_reauth_conference_room). Please try the following steps:

Forget network, reconnect with corp credentials, reauthorize device.

Let me know if this resolves it.

Thanks,
Dani Xu",2026-01-31T08:36:05,Try FAQ steps and provide: Conference room name.,issue summary|resolution steps|request to confirm outcome,Reply with whether the issue is resolved and include any remaining error details.,Includes customer-safe steps and confirmation request.
MSG-000007,TKT-00007,2026-01-17T19:35:32,IT-002,faq,"Hi Quinn,

Thanks for the ticket regarding 'MFA prompt never arrives'. We've identified this as a known issue (sso_redirect_unmapped_email). Please try the following steps:

Add user to SSO group in CRM admin, retry sign-in.

Let me know if this resolves it.

Thanks,
Alex Tanaka","Hi Quinn,

Thanks for the ticket regarding 'MFA prompt never arrives'. We've identified this as a known issue (sso_redirect_unmapped_email). Please try the following steps:

Add user to SSO group in CRM admin, retry sign-in.

Let me know if this resolves it.

Thanks,
Alex Tanaka",2026-01-17T19:52:37,Try FAQ steps and provide: Username and CRM tenant id.,issue summary|resolution steps|request to confirm outcome,Reply with whether the issue is resolved and include any remaining error details.,Includes customer-safe steps and confirmation request.
MSG-000008,TKT-00008,2026-03-05T09:51:02,IT-002,specialist_solution,"Hi Iris,

Our specialist looked into 'Cannot log into customer portal'. Recommended fix:

Force a refresh of the user's SSO group membership and clear server-side session cache.

Let me know how this lands.

Thanks,
Alex Tanaka","Hi Iris,

Our specialist looked into 'Cannot log into customer portal'. Recommended fix:

Force a refresh of the user's SSO group membership and clear server-side session cache.

Let me know how this lands.

Thanks,
Alex Tanaka",2026-03-05T10:27:56,Apply the specialist fix or confirm whether the IT team should apply it on the user's behalf.,issue summary|resolution steps|request to confirm outcome,Reply with whether the issue is resolved and include any remaining error details.,Includes customer-safe steps and confirmation request.
MSG-000009,TKT-00008,2026-03-06T21:49:21,IT-002,specialist_solution,"Hi Iris,

Our specialist looked into 'Cannot log into customer portal'. Recommended fix:

Force a refresh of the user's SSO group membership and clear server-side session cache.

Let me know how this lands.

Thanks,
Alex Tanaka","Hi Iris,

Our specialist looked into 'Cannot log into customer portal'. Recommended fix:

Force a refresh of the user's SSO group membership and clear server-side session cache.

Let me know how this lands.

Thanks,
Alex Tanaka",2026-03-06T22:08:44,Apply the specialist fix or confirm whether the IT team should apply it on the user's behalf.,rejection acknowledgement|corrected specialist steps|confirmation request,Reply after retrying the corrected steps.,Acknowledges first attempt and explains corrected next step.
MSG-000010,TKT-00009,2026-02-21T02:52:34,IT-008,specialist_solution,"Hi Iris,

Our specialist looked into 'Inventory App shows stale data'. Recommended fix:

Apply temporary mitigation (re-queue affected records); engineering ticket logged for permanent fix.

Let me know how this lands.

Thanks,
Maya Chen","Hi Iris,

Our specialist looked into 'Inventory App shows stale data'. Recommended fix:

Apply temporary mitigation (re-queue affected records); engineering ticket logged for permanent fix.

Let me know how this lands.

Thanks,
Maya Chen",2026-02-21T03:19:03,Apply the specialist fix or confirm whether the IT team should apply it on the user's behalf.,issue summary|resolution steps|request to confirm outcome,Reply with whether the issue is resolved and include any remaining error details.,Includes customer-safe steps and confirmation request.
MSG-000011,TKT-00009,2026-02-23T06:41:59,IT-008,specialist_solution,"Hi Iris,

Our specialist looked into 'Inventory App shows stale data'. Recommended fix:

Apply temporary mitigation (re-queue affected records); engineering ticket logged for permanent fix.

Let me know how this lands.

Thanks,
Maya Chen","Hi Iris,

Our specialist looked into 'Inventory App shows stale data'. Recommended fix:

Apply temporary mitigation (re-queue affected records); engineering ticket logged for permanent fix.

Let me know how this lands.

Thanks,
Maya Chen",2026-02-23T07:03:10,Apply the specialist fix or confirm whether the IT team should apply it on the user's behalf.,rejection acknowledgement|corrected specialist steps|confirmation request,Reply after retrying the corrected steps.,Acknowledges first attempt and explains corrected next step.
MSG-000012,TKT-00010,2026-02-11T09:25:42,IT-008,specialist_solution,"Hi Noor,

Our specialist looked into 'Need help with a workflow'. Recommended fix:

Coordinate with requested team and provide tailored next steps.

Let me know how this lands.

Thanks,
Maya Chen","Hi Noor,

Our specialist looked into 'Need help with a workflow'. Recommended fix:

Coordinate with requested team and provide tailored next steps.

Let me know how this lands.

Thanks,
Maya Chen",2026-02-11T09:52:20,Apply the specialist fix or confirm whether the IT team should apply it on the user's behalf.,issue summary|resolution steps|request to confirm outcome,Reply with whether the issue is resolved and include any remaining error details.,Includes customer-safe steps and confirmation request.
MSG-000013,TKT-00011,2026-02-06T18:12:59,IT-008,specialist_solution,"Hi Nikhil,

Our specialist looked into 'Stuck in SSO redirect loop'. Recommended fix:

Force a refresh of the user's SSO group membership and clear server-side session cache.

Let me know how this lands.

Thanks,
Maya Chen","Hi Nikhil,

Our specialist looked into 'Stuck in SSO redirect loop'. Recommended fix:

Force a refresh of the user's SSO group membership and clear server-side session cache.

Let me know how this lands.

Thanks,
Maya Chen",2026-02-06T18:42:05,Apply the specialist fix or confirm whether the IT team should apply it on the user's behalf.,issue summary|resolution steps|request to confirm outcome,Reply with whether the issue is resolved and include any remaining error details.,Includes customer-safe steps and confirmation request.
MSG-000014,TKT-00012,2026-01-20T03:51:16,IT-006,specialist_solution,"Hi Vera,

Our specialist looked into 'Wireless mouse not working'. Recommended fix:

Push updated driver via MDM and confirm device reports healthy.

Let me know how this lands.

Thanks,
Quinn Quintero","Hi Vera,
Our specialist looked into 'Wireless mouse not working'. Recommended fix:
Push updated driver via MDM and confirm device reports healthy.
Let me know how this lands.
Thanks,
Quinn Quintero",2026-01-20T04:03:12,Apply the specialist fix or confirm whether the IT team should apply it on the user's behalf.,issue summary|resolution steps|request to confirm outcome,Reply with whether the issue is resolved and include any remaining error details.,Message is brief; review tone and specificity before reuse.
MSG-000015,TKT-00012,2026-01-21T07:39:32,IT-006,specialist_solution,"Hi Vera,

Our specialist looked into 'Wireless mouse not working'. Recommended fix:

Push updated driver via MDM and confirm device reports healthy.

Let me know how this lands.

Thanks,
Quinn Quintero","Hi Vera,
Our specialist looked into 'Wireless mouse not working'. Recommended fix:
Push updated driver via MDM and confirm device reports healthy.
Let me know how this lands.
Thanks,
Quinn Quintero",2026-01-21T08:04:45,Apply the specialist fix or confirm whether the IT team should apply it on the user's behalf.,rejection acknowledgement|corrected specialist steps|confirmation request,Reply after retrying the corrected steps.,Acknowledges first attempt and explains corrected next step.
MSG-000016,TKT-00013,2026-03-17T19:43:53,IT-001,specialist_solution,"Hi Theo,

Our specialist looked into 'Service account password expired'. Recommended fix:

Run elevated reset workflow with ticket-approval token; confirm sign-in.

Let me know how this lands.

Thanks,
Dani Xu","Hi Theo,

Our specialist looked into 'Service account password expired'. Recommended fix:

Run elevated reset workflow with ticket-approval token; confirm sign-in.

Let me know how this lands.

Thanks,
Dani Xu",2026-03-17T19:59:15,Apply the specialist fix or confirm whether the IT team should apply it on the user's behalf.,issue summary|resolution steps|request to confirm outcome,Reply with whether the issue is resolved and include any remaining error details.,Includes customer-safe steps and confirmation request.
MSG-000017,TKT-00014,2026-02-08T16:49:10,IT-007,faq,"Hi Theo,

Thanks for the ticket regarding 'High latency to internal apps'. We've identified this as a known issue (wifi_reauth_conference_room). Please try the following steps:

Forget network, reconnect with corp credentials, reauthorize device.

Let me know if this resolves it.

Thanks,
Zane Underwood","Hi Theo,

Thanks for the ticket regarding 'High latency to internal apps'. We've identified this as a known issue (wifi_reauth_conference_room). Please try the following steps:

Forget network, reconnect with corp credentials, reauthorize device.

Let me know if this resolves it.

Thanks,
Zane Underwood",2026-02-08T16:53:04,Try FAQ steps and provide: Conference room name.,issue summary|resolution steps|request to confirm outcome,Reply with whether the issue is resolved and include any remaining error details.,Includes customer-safe steps and confirmation request.
MSG-000018,TKT-00015,2026-01-18T22:55:50,IT-004,specialist_solution,"Hi Imani,

Our specialist looked into 'Printer offline error'. Recommended fix:

Push updated driver via MDM and confirm device reports healthy.

Let me know how this lands.

Thanks,
Noor Xu","Hi Imani,
Our specialist looked into 'Printer offline error'. Recommended fix:
Push updated driver via MDM and confirm device reports healthy.
Let me know how this lands.
Thanks,
Noor Xu",2026-01-18T23:28:41,Apply the specialist fix or confirm whether the IT team should apply it on the user's behalf.,issue summary|resolution steps|request to confirm outcome,Reply with whether the issue is resolved and include any remaining error details.,Message is brief; review tone and specificity before reuse.
MSG-000019,TKT-00016,2026-02-04T22:30:19,IT-005,specialist_solution,"Hi Noor,

Our specialist looked into 'Need access for new employee'. Recommended fix:

Open access review, obtain manager and security approval, grant scoped role.

Let me know how this lands.

Thanks,
Tomo Holm","Hi Noor,

Our specialist looked into 'Need access for new employee'. Recommended fix:

Open access review, obtain manager and security approval, grant scoped role.

Let me know how this lands.

Thanks,
Tomo Holm",2026-02-04T22:55:15,Apply the specialist fix or confirm whether the IT team should apply it on the user's behalf.,issue summary|resolution steps|request to confirm outcome,Reply with whether the issue is resolved and include any remaining error details.,Includes customer-safe steps and confirmation request.
MSG-000020,TKT-00017,2026-03-10T09:25:58,IT-005,faq,"Hi Lin,

Thanks for the ticket regarding 'Stuck in SSO redirect loop'. We've identified this as a known issue (sso_redirect_unmapped_email). Please try the following steps:

Add user to SSO group in CRM admin, retry sign-in.

Let me know if this resolves it.

Thanks,
Tomo Holm","Hi Lin,

Thanks for the ticket regarding 'Stuck in SSO redirect loop'. We've identified this as a known issue (sso_redirect_unmapped_email). Please try the following steps:

Add user to SSO group in CRM admin, retry sign-in.

Let me know if this resolves it.

Thanks,
Tomo Holm",2026-03-10T09:49:41,Try FAQ steps and provide: Username and CRM tenant id.,issue summary|resolution steps|request to confirm outcome,Reply with whether the issue is resolved and include any remaining error details.,Includes customer-safe steps and confirmation request.
MSG-000021,TKT-00018,2026-03-12T11:48:11,IT-008,faq,"Hi Imani,

Thanks for the ticket regarding 'Cannot download invoice PDF'. We've identified this as a known issue (wrong_tax_rate_after_relocation). Please try the following steps:

Update billing region in account, re-issue affected invoice with corrected tax.

Let me know if this resolves it.

Thanks,
Maya Chen","Hi Imani,

Thanks for the ticket regarding 'Cannot download invoice PDF'. We've identified this as a known issue (wrong_tax_rate_after_relocation). Please try the following steps:

Update billing region in account, re-issue affected invoice with corrected tax.

Let me know if this resolves it.

Thanks,
Maya Chen",2026-03-12T12:03:20,Try FAQ steps and provide: New address and effective date.,issue summary|resolution steps|request to confirm outcome,Reply with whether the issue is resolved and include any remaining error details.,Includes customer-safe steps and confirmation request.
MSG-000022,TKT-00019,2026-02-10T12:25:07,IT-008,specialist_solution,"Hi Imani,

Our specialist looked into 'Wi-Fi drops in conference room'. Recommended fix:

Apply corrected route table entry and validate user can reach internal hosts.

Let me know how this lands.

Thanks,
Maya Chen","Hi Imani,

Our specialist looked into 'Wi-Fi drops in conference room'. Recommended fix:

Apply corrected route table entry and validate user can reach internal hosts.

Let me know how this lands.

Thanks,
Maya Chen",2026-02-10T12:55:22,Apply the specialist fix or confirm whether the IT team should apply it on the user's behalf.,issue summary|resolution steps|request to confirm outcome,Reply with whether the issue is resolved and include any remaining error details.,Includes customer-safe steps and confirmation request.
MSG-000023,TKT-00020,2026-03-11T20:02:25,IT-003,faq,"Hi Imani,

Thanks for the ticket regarding 'VPN disconnects every few minutes'. We've identified this as a known issue (dns_resolver_lag). Please try the following steps:

Switch DNS resolver, flush local cache, retry.

Let me know if this resolves it.

Thanks,
Vera Liang","Hi Imani,
thanks for reaching out regarding 'VPN disconnects every few minutes'. We've identified this as a known issue (dns_resolver_lag). Please try the following steps:
Switch DNS resolver, flush local cache, retry.
Let me know if this resolves it.
Thanks,
Vera Liang",2026-03-11T20:36:55,Try FAQ steps and provide: Region.,issue summary|resolution steps|request to confirm outcome,Reply with whether the issue is resolved and include any remaining error details.,Message is brief; review tone and specificity before reuse.
MSG-000024,TKT-00021,2026-02-21T19:52:14,IT-002,faq,"Hi Sana,

Thanks for the ticket regarding 'Wi-Fi drops in conference room'. We've identified this as a known issue (vpn_disconnects_short_intervals). Please try the following steps:

Update VPN profile, restart client, switch to backup gateway.

Let me know if this resolves it.

Thanks,
Alex Tanaka","Hi Sana,

Thanks for the ticket regarding 'Wi-Fi drops in conference room'. We've identified this as a known issue (vpn_disconnects_short_intervals). Please try the following steps:

Update VPN profile, restart client, switch to backup gateway.

Let me know if this resolves it.

Thanks,
Alex Tanaka",2026-02-21T20:08:22,Try FAQ steps and provide: Region and VPN client version.,issue summary|resolution steps|request to confirm outcome,Reply with whether the issue is resolved and include any remaining error details.,Includes customer-safe steps and confirmation request.
MSG-000025,TKT-00022,2026-02-17T18:17:16,IT-006,faq,"Hi Theo,

Thanks for the ticket regarding 'Account locked after travel'. We've identified this as a known issue (mfa_code_not_received). Please try the following steps:

Reseed MFA app via self-service portal; if SMS, ask user to update phone number.

Let me know if this resolves it.

Thanks,
Quinn Quintero","Hi Theo,
thanks for reaching out regarding 'Account locked after travel'. We've identified this as a known issue (mfa_code_not_received). Please try the following steps:
Reseed MFA app via self-service portal; if SMS, ask user to update phone number.
Let me know if this resolves it.
Thanks,
Quinn Quintero",2026-02-17T18:34:55,"Try FAQ steps and provide: Username, MFA method on file.",issue summary|resolution steps|request to confirm outcome,Reply with whether the issue is resolved and include any remaining error details.,Message is brief; review tone and specificity before reuse.
MSG-000026,TKT-00022,2026-02-19T00:13:06,IT-006,specialist_solution,"Hi Theo,

Our specialist looked into 'Account locked after travel'. Recommended fix:

Force a refresh of the user's SSO group membership and clear server-side session cache.

Let me know how this lands.

Thanks,
Quinn Quintero","Hi Theo,
Our specialist looked into 'Account locked after travel'. Recommended fix:
Force a refresh of the user's SSO group membership and clear server-side session cache.
Let me know how this lands.
Thanks,
Quinn Quintero",2026-02-19T00:50:02,Apply the specialist fix or confirm whether the IT team should apply it on the user's behalf.,rejection acknowledgement|corrected specialist steps|confirmation request,Reply after retrying the corrected steps.,Acknowledges first attempt and explains corrected next step.
MSG-000027,TKT-00023,2026-03-23T01:11:11,IT-003,specialist_solution,"Hi Bea,

Our specialist looked into 'Email calendar sync issue'. Recommended fix:

Coordinate with requested team and provide tailored next steps.

Let me know how this lands.

Thanks,
Vera Liang","Hi Bea,
Our specialist looked into 'Email calendar sync issue'. Recommended fix:
Coordinate with requested team and provide tailored next steps.
Let me know how this lands.
Thanks,
Vera Liang",2026-03-23T01:37:09,Apply the specialist fix or confirm whether the IT team should apply it on the user's behalf.,issue summary|resolution steps|request to confirm outcome,Reply with whether the issue is resolved and include any remaining error details.,Message is brief; review tone and specificity before reuse.
MSG-000028,TKT-00024,2026-03-06T09:59:44,IT-008,faq,"Hi Uma,

Thanks for the ticket regarding 'App freezes when opening report'. We've identified this as a known issue (stale_cache_after_release). Please try the following steps:

Hard refresh, clear cache, log back in.

Let me know if this resolves it.

Thanks,
Maya Chen","Hi Uma,

Thanks for the ticket regarding 'App freezes when opening report'. We've identified this as a known issue (stale_cache_after_release). Please try the following steps:

Hard refresh, clear cache, log back in.

Let me know if this resolves it.

Thanks,
Maya Chen",2026-03-06T10:18:34,Try FAQ steps and provide: Browser version and screenshot.,issue summary|resolution steps|request to confirm outcome,Reply with whether the issue is resolved and include any remaining error details.,Includes customer-safe steps and confirmation request.
MSG-000029,TKT-00025,2026-02-25T22:36:18,IT-003,specialist_solution,"Hi Priya,

Our specialist looked into 'Account locked after travel'. Recommended fix:

Force a refresh of the user's SSO group membership and clear server-side session cache.

Let me know how this lands.

Thanks,
Vera Liang","Hi Priya,
Our specialist looked into 'Account locked after travel'. Recommended fix:
Force a refresh of the user's SSO group membership and clear server-side session cache.
Let me know how this lands.
Thanks,
Vera Liang",2026-02-25T22:47:18,Apply the specialist fix or confirm whether the IT team should apply it on the user's behalf.,issue summary|resolution steps|request to confirm outcome,Reply with whether the issue is resolved and include any remaining error details.,Message is brief; review tone and specificity before reuse.
MSG-000030,TKT-00025,2026-02-27T18:04:05,IT-003,specialist_solution,"Hi Priya,

Our specialist looked into 'Account locked after travel'. Recommended fix:

Force a refresh of the user's SSO group membership and clear server-side session cache.

Let me know how this lands.

Thanks,
Vera Liang","Hi Priya,
Our specialist looked into 'Account locked after travel'. Recommended fix:
Force a refresh of the user's SSO group membership and clear server-side session cache.
Let me know how this lands.
Thanks,
Vera Liang",2026-02-27T18:16:08,Apply the specialist fix or confirm whether the IT team should apply it on the user's behalf.,rejection acknowledgement|corrected specialist steps|confirmation request,Reply after retrying the corrected steps.,Acknowledges first attempt and explains corrected next step.
MSG-000031,TKT-00026,2026-02-05T09:40:11,IT-003,specialist_solution,"Hi Wren,

Our specialist looked into 'Cannot log into customer portal'. Recommended fix:

Force a refresh of the user's SSO group membership and clear server-side session cache.

Let me know how this lands.

Thanks,
Vera Liang","Hi Wren,
Our specialist looked into 'Cannot log into customer portal'. Recommended fix:
Force a refresh of the user's SSO group membership and clear server-side session cache.
Let me know how this lands.
Thanks,
Vera Liang",2026-02-05T09:56:40,Apply the specialist fix or confirm whether the IT team should apply it on the user's behalf.,issue summary|resolution steps|request to confirm outcome,Reply with whether the issue is resolved and include any remaining error details.,Message is brief; review tone and specificity before reuse.
MSG-000032,TKT-00027,2026-03-25T06:45:39,IT-004,faq,"Hi Theo,

Thanks for the ticket regarding 'Service account password expired'. We've identified this as a known issue (policy_block_on_complexity). Please try the following steps:

Share password rules; suggest passphrase; confirm reset succeeds.

Let me know if this resolves it.

Thanks,
Noor Xu","Hi Theo,
thanks for reaching out regarding 'Service account password expired'. We've identified this as a known issue (policy_block_on_complexity). Please try the following steps:
Share password rules; suggest passphrase; confirm reset succeeds.
Let me know if this resolves it.
Thanks,
Noor Xu",2026-03-25T07:29:29,Try FAQ steps and provide: Username.,issue summary|resolution steps|request to confirm outcome,Reply with whether the issue is resolved and include any remaining error details.,Message is brief; review tone and specificity before reuse.
MSG-000033,TKT-00028,2026-03-06T02:12:26,IT-008,specialist_solution,"Hi Quinn,

Our specialist looked into 'Need access for new employee'. Recommended fix:

Open access review, obtain manager and security approval, grant scoped role.

Let me know how this lands.

Thanks,
Maya Chen","Hi Quinn,

Our specialist looked into 'Need access for new employee'. Recommended fix:

Open access review, obtain manager and security approval, grant scoped role.

Let me know how this lands.

Thanks,
Maya Chen",2026-03-06T02:30:30,Apply the specialist fix or confirm whether the IT team should apply it on the user's behalf.,issue summary|resolution steps|request to confirm outcome,Reply with whether the issue is resolved and include any remaining error details.,Includes customer-safe steps and confirmation request.
MSG-000034,TKT-00029,2026-03-20T03:51:42,IT-001,specialist_solution,"Hi Erin,

Our specialist looked into 'Shared mailbox missing'. Recommended fix:

Revoke and reissue OAuth token; ask user to reauthorize on device.

Let me know how this lands.

Thanks,
Dani Xu","Hi Erin,

Our specialist looked into 'Shared mailbox missing'. Recommended fix:

Revoke and reissue OAuth token; ask user to reauthorize on device.

Let me know how this lands.

Thanks,
Dani Xu",2026-03-20T04:36:23,Apply the specialist fix or confirm whether the IT team should apply it on the user's behalf.,issue summary|resolution steps|request to confirm outcome,Reply with whether the issue is resolved and include any remaining error details.,Includes customer-safe steps and confirmation request.
MSG-000035,TKT-00030,2026-02-12T21:57:48,IT-004,faq,"Hi Uma,

Thanks for the ticket regarding 'Shared mailbox missing'. We've identified this as a known issue (shared_mailbox_missing). Please try the following steps:

Re-grant mailbox permission, ask user to restart mail client.

Let me know if this resolves it.

Thanks,
Noor Xu","Hi Uma,
thanks for reaching out regarding 'Shared mailbox missing'. We've identified this as a known issue (shared_mailbox_missing). Please try the following steps:
Re-grant mailbox permission, ask user to restart mail client.
Let me know if this resolves it.
Thanks,
Noor Xu",2026-02-12T22:25:17,Try FAQ steps and provide: Mailbox name.,issue summary|resolution steps|request to confirm outcome,Reply with whether the issue is resolved and include any remaining error details.,Message is brief; review tone and specificity before reuse.
MSG-000036,TKT-00031,2026-02-02T21:45:22,IT-003,specialist_solution,"Hi Xavi,

Our specialist looked into 'Shared mailbox missing'. Recommended fix:

Revoke and reissue OAuth token; ask user to reauthorize on device.

Let me know how this lands.

Thanks,
Vera Liang","Hi Xavi,
Our specialist looked into 'Shared mailbox missing'. Recommended fix:
Revoke and reissue OAuth token; ask user to reauthorize on device.
Let me know how this lands.
Thanks,
Vera Liang",2026-02-02T22:18:11,Apply the specialist fix or confirm whether the IT team should apply it on the user's behalf.,issue summary|resolution steps|request to confirm outcome,Reply with whether the issue is resolved and include any remaining error details.,Message is brief; review tone and specificity before reuse.
MSG-000037,TKT-00032,2026-03-26T13:40:06,IT-002,faq,"Hi Marta,

Thanks for the ticket regarding 'Password reset link expired'. We've identified this as a known issue (self_service_reset_failed). Please try the following steps:

Verify on-file email, resend reset link via admin console, expire any prior tokens.

Let me know if this resolves it.

Thanks,
Alex Tanaka","Hi Marta,

Thanks for the ticket regarding 'Password reset link expired'. We've identified this as a known issue (self_service_reset_failed). Please try the following steps:

Verify on-file email, resend reset link via admin console, expire any prior tokens.

Let me know if this resolves it.

Thanks,
Alex Tanaka",2026-03-26T13:45:19,"Try FAQ steps and provide: Username, on-file email.",issue summary|resolution steps|request to confirm outcome,Reply with whether the issue is resolved and include any remaining error details.,Includes customer-safe steps and confirmation request.
MSG-000038,TKT-00033,2026-03-23T00:19:10,IT-008,faq,"Hi Xavi,

Thanks for the ticket regarding 'Service account password expired'. We've identified this as a known issue (service_account_password_expired). Please try the following steps:

Rotate service account password, update secret in CI/CD, restart job.

Let me know if this resolves it.

Thanks,
Maya Chen","Hi Xavi,

Thanks for the ticket regarding 'Service account password expired'. We've identified this as a known issue (service_account_password_expired). Please try the following steps:

Rotate service account password, update secret in CI/CD, restart job.

Let me know if this resolves it.

Thanks,
Maya Chen",2026-03-23T00:50:08,Try FAQ steps and provide: Service account name.,issue summary|resolution steps|request to confirm outcome,Reply with whether the issue is resolved and include any remaining error details.,Includes customer-safe steps and confirmation request.
MSG-000039,TKT-00034,2026-01-21T21:15:54,IT-007,specialist_solution,"Hi Zane,

Our specialist looked into 'Account locked after travel'. Recommended fix:

Force a refresh of the user's SSO group membership and clear server-side session cache.

Let me know how this lands.

Thanks,
Zane Underwood","Hi Zane,

Our specialist looked into 'Account locked after travel'. Recommended fix:

Force a refresh of the user's SSO group membership and clear server-side session cache.

Let me know how this lands.

Thanks,
Zane Underwood",2026-01-21T21:28:25,Apply the specialist fix or confirm whether the IT team should apply it on the user's behalf.,issue summary|resolution steps|request to confirm outcome,Reply with whether the issue is resolved and include any remaining error details.,Includes customer-safe steps and confirmation request.
MSG-000040,TKT-00035,2026-03-15T15:30:14,IT-006,specialist_solution,"Hi Alex,

Our specialist looked into 'Wrong billing region applied'. Recommended fix:

Refresh tax engine cache for affected account; reissue invoice with corrected line items.

Let me know how this lands.

Thanks,
Quinn Quintero","Hi Alex,
Our specialist looked into 'Wrong billing region applied'. Recommended fix:
Refresh tax engine cache for affected account; reissue invoice with corrected line items.
Let me know how this lands.
Thanks,
Quinn Quintero",2026-03-15T15:36:52,Apply the specialist fix or confirm whether the IT team should apply it on the user's behalf.,issue summary|resolution steps|request to confirm outcome,Reply with whether the issue is resolved and include any remaining error details.,Message is brief; review tone and specificity before reuse.
MSG-000041,TKT-00036,2026-02-12T22:46:32,IT-007,specialist_solution,"Hi Grace,

Our specialist looked into 'Out of office not sending'. Recommended fix:

Revoke and reissue OAuth token; ask user to reauthorize on device.

Let me know how this lands.

Thanks,
Zane Underwood","Hi Grace,

Our specialist looked into 'Out of office not sending'. Recommended fix:

Revoke and reissue OAuth token; ask user to reauthorize on device.

Let me know how this lands.

Thanks,
Zane Underwood",2026-02-12T23:23:01,Apply the specialist fix or confirm whether the IT team should apply it on the user's behalf.,issue summary|resolution steps|request to confirm outcome,Reply with whether the issue is resolved and include any remaining error details.,Includes customer-safe steps and confirmation request.
MSG-000042,TKT-00037,2026-02-16T15:01:52,IT-007,specialist_solution,"Hi Chen,

Our specialist looked into 'Cannot download invoice PDF'. Recommended fix:

Refresh tax engine cache for affected account; reissue invoice with corrected line items.

Let me know how this lands.

Thanks,
Zane Underwood","Hi Chen,

Our specialist looked into 'Cannot download invoice PDF'. Recommended fix:

Refresh tax engine cache for affected account; reissue invoice with corrected line items.

Let me know how this lands.

Thanks,
Zane Underwood",2026-02-16T15:19:33,Apply the specialist fix or confirm whether the IT team should apply it on the user's behalf.,issue summary|resolution steps|request to confirm outcome,Reply with whether the issue is resolved and include any remaining error details.,Includes customer-safe steps and confirmation request.
MSG-000043,TKT-00038,2026-02-26T14:33:42,IT-003,specialist_solution,"Hi Olu,

Our specialist looked into 'Password reset link expired'. Recommended fix:

Run elevated reset workflow with ticket-approval token; confirm sign-in.

Let me know how this lands.

Thanks,
Vera Liang","Hi Olu,
Our specialist looked into 'Password reset link expired'. Recommended fix:
Run elevated reset workflow with ticket-approval token; confirm sign-in.
Let me know how this lands.
Thanks,
Vera Liang",2026-02-26T14:39:36,Apply the specialist fix or confirm whether the IT team should apply it on the user's behalf.,issue summary|resolution steps|request to confirm outcome,Reply with whether the issue is resolved and include any remaining error details.,Message is brief; review tone and specificity before reuse.
MSG-000044,TKT-00039,2026-02-03T16:23:20,IT-008,faq,"Hi Bea,

Thanks for the ticket regarding 'Email calendar sync issue'. We've identified this as a known issue (out_of_office_disabled). Please try the following steps:

Re-enable auto-reply in mail settings, send test message, verify delivery.

Let me know if this resolves it.

Thanks,
Maya Chen","Hi Bea,

Thanks for the ticket regarding 'Email calendar sync issue'. We've identified this as a known issue (out_of_office_disabled). Please try the following steps:

Re-enable auto-reply in mail settings, send test message, verify delivery.

Let me know if this resolves it.

Thanks,
Maya Chen",2026-02-03T16:35:09,Try FAQ steps and provide: Date range and rule preview.,issue summary|resolution steps|request to confirm outcome,Reply with whether the issue is resolved and include any remaining error details.,Includes customer-safe steps and confirmation request.
MSG-000045,TKT-00040,2026-03-01T01:22:34,IT-004,specialist_solution,"Hi Kai,

Our specialist looked into 'General question about software list'. Recommended fix:

Coordinate with requested team and provide tailored next steps.

Let me know how this lands.

Thanks,
Noor Xu","Hi Kai,
Our specialist looked into 'General question about software list'. Recommended fix:
Coordinate with requested team and provide tailored next steps.
Let me know how this lands.
Thanks,
Noor Xu",2026-03-01T01:53:32,Apply the specialist fix or confirm whether the IT team should apply it on the user's behalf.,issue summary|resolution steps|request to confirm outcome,Reply with whether the issue is resolved and include any remaining error details.,Message is brief; review tone and specificity before reuse.
MSG-000046,TKT-00041,2026-02-09T11:16:14,IT-003,specialist_solution,"Hi Wren,

Our specialist looked into 'Need password reset'. Recommended fix:

Apply corrected route table entry and validate user can reach internal hosts.

Let me know how this lands.

Thanks,
Vera Liang","Hi Wren,
Our specialist looked into 'Need password reset'. Recommended fix:
Apply corrected route table entry and validate user can reach internal hosts.
Let me know how this lands.
Thanks,
Vera Liang",2026-02-09T11:24:51,Apply the specialist fix or confirm whether the IT team should apply it on the user's behalf.,issue summary|resolution steps|request to confirm outcome,Reply with whether the issue is resolved and include any remaining error details.,Message is brief; review tone and specificity before reuse.
MSG-000047,TKT-00042,2026-02-03T11:11:03,IT-008,specialist_solution,"Hi Wren,

Our specialist looked into 'Suspicious login notification'. Recommended fix:

Open access review, obtain manager and security approval, grant scoped role.

Let me know how this lands.

Thanks,
Maya Chen","Hi Wren,

Our specialist looked into 'Suspicious login notification'. Recommended fix:

Open access review, obtain manager and security approval, grant scoped role.

Let me know how this lands.

Thanks,
Maya Chen",2026-02-03T11:30:24,Apply the specialist fix or confirm whether the IT team should apply it on the user's behalf.,issue summary|resolution steps|request to confirm outcome,Reply with whether the issue is resolved and include any remaining error details.,Includes customer-safe steps and confirmation request.
MSG-000048,TKT-00043,2026-01-16T14:28:20,IT-006,faq,"Hi Felix,

Thanks for the ticket regarding 'Email calendar sync issue'. We've identified this as a known issue (shared_mailbox_missing). Please try the following steps:

Re-grant mailbox permission, ask user to restart mail client.

Let me know if this resolves it.

Thanks,
Quinn Quintero","Hi Felix,
thanks for reaching out regarding 'Email calendar sync issue'. We've identified this as a known issue (shared_mailbox_missing). Please try the following steps:
Re-grant mailbox permission, ask user to restart mail client.
Let me know if this resolves it.
Thanks,
Quinn Quintero",2026-01-16T15:02:53,Try FAQ steps and provide: Mailbox name.,issue summary|resolution steps|request to confirm outcome,Reply with whether the issue is resolved and include any remaining error details.,Message is brief; review tone and specificity before reuse.
MSG-000049,TKT-00044,2026-03-20T11:17:34,IT-008,faq,"Hi Kai,

Thanks for the ticket regarding 'Email calendar sync issue'. We've identified this as a known issue (out_of_office_disabled). Please try the following steps:

Re-enable auto-reply in mail settings, send test message, verify delivery.

Let me know if this resolves it.

Thanks,
Maya Chen","Hi Kai,

Thanks for the ticket regarding 'Email calendar sync issue'. We've identified this as a known issue (out_of_office_disabled). Please try the following steps:

Re-enable auto-reply in mail settings, send test message, verify delivery.

Let me know if this resolves it.

Thanks,
Maya Chen",2026-03-20T12:01:52,Try FAQ steps and provide: Date range and rule preview.,issue summary|resolution steps|request to confirm outcome,Reply with whether the issue is resolved and include any remaining error details.,Includes customer-safe steps and confirmation request.
MSG-000050,TKT-00045,2026-02-08T02:38:23,IT-003,specialist_solution,"Hi Bea,

Our specialist looked into 'Vendor needs limited portal access'. Recommended fix:

Open access review, obtain manager and security approval, grant scoped role.

Let me know how this lands.

Thanks,
Vera Liang","Hi Bea,
Our specialist looked into 'Vendor needs limited portal access'. Recommended fix:
Open access review, obtain manager and security approval, grant scoped role.
Let me know how this lands.
Thanks,
Vera Liang",2026-02-08T03:21:45,Apply the specialist fix or confirm whether the IT team should apply it on the user's behalf.,issue summary|resolution steps|request to confirm outcome,Reply with whether the issue is resolved and include any remaining error details.,Message is brief; review tone and specificity before reuse.
MSG-000051,TKT-00046,2026-02-03T09:23:34,IT-001,specialist_solution,"Hi Dani,

Our specialist looked into 'MFA prompt never arrives'. Recommended fix:

Force a refresh of the user's SSO group membership and clear server-side session cache.

Let me know how this lands.

Thanks,
Dani Xu","Hi Dani,

Our specialist looked into 'MFA prompt never arrives'. Recommended fix:

Force a refresh of the user's SSO group membership and clear server-side session cache.

Let me know how this lands.

Thanks,
Dani Xu",2026-02-03T09:55:20,Apply the specialist fix or confirm whether the IT team should apply it on the user's behalf.,issue summary|resolution steps|request to confirm outcome,Reply with whether the issue is resolved and include any remaining error details.,Includes customer-safe steps and confirmation request.
MSG-000052,TKT-00047,2026-03-24T16:09:33,IT-003,specialist_solution,"Hi Xavi,

Our specialist looked into 'Need help with a workflow'. Recommended fix:

Coordinate with requested team and provide tailored next steps.

Let me know how this lands.

Thanks,
Vera Liang","Hi Xavi,
Our specialist looked into 'Need help with a workflow'. Recommended fix:
Coordinate with requested team and provide tailored next steps.
Let me know how this lands.
Thanks,
Vera Liang",2026-03-24T16:49:41,Apply the specialist fix or confirm whether the IT team should apply it on the user's behalf.,issue summary|resolution steps|request to confirm outcome,Reply with whether the issue is resolved and include any remaining error details.,Message is brief; review tone and specificity before reuse.
MSG-000053,TKT-00048,2026-01-19T20:01:51,IT-008,faq,"Hi Olu,

Thanks for the ticket regarding 'Need password reset'. We've identified this as a known issue (service_account_password_expired). Please try the following steps:

Rotate service account password, update secret in CI/CD, restart job.

Let me know if this resolves it.

Thanks,
Maya Chen","Hi Olu,

Thanks for the ticket regarding 'Need password reset'. We've identified this as a known issue (service_account_password_expired). Please try the following steps:

Rotate service account password, update secret in CI/CD, restart job.

Let me know if this resolves it.

Thanks,
Maya Chen",2026-01-19T20:17:14,Try FAQ steps and provide: Service account name.,issue summary|resolution steps|request to confirm outcome,Reply with whether the issue is resolved and include any remaining error details.,Includes customer-safe steps and confirmation request.
MSG-000054,TKT-00049,2026-03-13T20:51:36,IT-008,faq,"Hi Yuki,

Thanks for the ticket regarding 'Wrong billing region applied'. We've identified this as a known issue (wrong_tax_rate_after_relocation). Please try the following steps:

Update billing region in account, re-issue affected invoice with corrected tax.

Let me know if this resolves it.

Thanks,
Maya Chen","Hi Yuki,

Thanks for the ticket regarding 'Wrong billing region applied'. We've identified this as a known issue (wrong_tax_rate_after_relocation). Please try the following steps:

Update billing region in account, re-issue affected invoice with corrected tax.

Let me know if this resolves it.

Thanks,
Maya Chen",2026-03-13T21:05:38,Try FAQ steps and provide: New address and effective date.,issue summary|resolution steps|request to confirm outcome,Reply with whether the issue is resolved and include any remaining error details.,Includes customer-safe steps and confirmation request.
MSG-000055,TKT-00050,2026-02-22T19:06:40,IT-006,faq,"Hi Wren,

Thanks for the ticket regarding 'Stuck in SSO redirect loop'. We've identified this as a known issue (mfa_code_not_received). Please try the following steps:

Reseed MFA app via self-service portal; if SMS, ask user to update phone number.

Let me know if this resolves it.

Thanks,
Quinn Quintero","Hi Wren,
thanks for reaching out regarding 'Stuck in SSO redirect loop'. We've identified this as a known issue (mfa_code_not_received). Please try the following steps:
Reseed MFA app via self-service portal; if SMS, ask user to update phone number.
Let me know if this resolves it.
Thanks,
Quinn Quintero",2026-02-22T19:11:50,"Try FAQ steps and provide: Username, MFA method on file.",issue summary|resolution steps|request to confirm outcome,Reply with whether the issue is resolved and include any remaining error details.,Message is brief; review tone and specificity before reuse.
MSG-000056,TKT-00051,2026-02-24T06:00:29,IT-008,faq,"Hi Priya,

Thanks for the ticket regarding 'Need password reset'. We've identified this as a known issue (reset_link_expired). Please try the following steps:

Generate a fresh reset link with a 24-hour TTL and resend.

Let me know if this resolves it.

Thanks,
Maya Chen","Hi Priya,

Thanks for the ticket regarding 'Need password reset'. We've identified this as a known issue (reset_link_expired). Please try the following steps:

Generate a fresh reset link with a 24-hour TTL and resend.

Let me know if this resolves it.

Thanks,
Maya Chen",2026-02-24T06:30:44,Try FAQ steps and provide: Username.,issue summary|resolution steps|request to confirm outcome,Reply with whether the issue is resolved and include any remaining error details.,Includes customer-safe steps and confirmation request.
MSG-000057,TKT-00052,2026-01-18T21:11:11,IT-003,faq,"Hi Alex,

Thanks for the ticket regarding 'Stuck in SSO redirect loop'. We've identified this as a known issue (browser_redirect_loop_on_sso). Please try the following steps:

Clear cookies for portal domain, retry sign-in in private window, verify SSO cert is current.

Let me know if this resolves it.

Thanks,
Vera Liang","Hi Alex,
thanks for reaching out regarding 'Stuck in SSO redirect loop'. We've identified this as a known issue (browser_redirect_loop_on_sso). Please try the following steps:
Clear cookies for portal domain, retry sign-in in private window, verify SSO cert is current.
Let me know if this resolves it.
Thanks,
Vera Liang",2026-01-18T21:31:40,"Try FAQ steps and provide: Browser, OS, screenshot if possible.",issue summary|resolution steps|request to confirm outcome,Reply with whether the issue is resolved and include any remaining error details.,Message is brief; review tone and specificity before reuse.
MSG-000058,TKT-00053,2026-03-31T05:20:50,IT-003,specialist_solution,"Hi Hassan,

Our specialist looked into 'Wrong billing region applied'. Recommended fix:

Refresh tax engine cache for affected account; reissue invoice with corrected line items.

Let me know how this lands.

Thanks,
Vera Liang","Hi Hassan,
Our specialist looked into 'Wrong billing region applied'. Recommended fix:
Refresh tax engine cache for affected account; reissue invoice with corrected line items.
Let me know how this lands.
Thanks,
Vera Liang",2026-03-31T05:48:04,Apply the specialist fix or confirm whether the IT team should apply it on the user's behalf.,issue summary|resolution steps|request to confirm outcome,Reply with whether the issue is resolved and include any remaining error details.,Message is brief; review tone and specificity before reuse.
MSG-000059,TKT-00054,2026-02-13T03:43:04,IT-005,specialist_solution,"Hi Vera,

Our specialist looked into 'Laptop battery drains in 1 hour'. Recommended fix:

Push updated driver via MDM and confirm device reports healthy.

Let me know how this lands.

Thanks,
Tomo Holm","Hi Vera,

Our specialist looked into 'Laptop battery drains in 1 hour'. Recommended fix:

Push updated driver via MDM and confirm device reports healthy.

Let me know how this lands.

Thanks,
Tomo Holm",2026-02-13T04:11:05,Apply the specialist fix or confirm whether the IT team should apply it on the user's behalf.,issue summary|resolution steps|request to confirm outcome,Reply with whether the issue is resolved and include any remaining error details.,Includes customer-safe steps and confirmation request.
MSG-000060,TKT-00055,2026-02-08T21:56:42,IT-001,specialist_solution,"Hi Jorge,

Our specialist looked into 'Cannot download invoice PDF'. Recommended fix:

Refresh tax engine cache for affected account; reissue invoice with corrected line items.

Let me know how this lands.

Thanks,
Dani Xu","Hi Jorge,

Our specialist looked into 'Cannot download invoice PDF'. Recommended fix:

Refresh tax engine cache for affected account; reissue invoice with corrected line items.

Let me know how this lands.

Thanks,
Dani Xu",2026-02-08T22:33:23,Apply the specialist fix or confirm whether the IT team should apply it on the user's behalf.,issue summary|resolution steps|request to confirm outcome,Reply with whether the issue is resolved and include any remaining error details.,Includes customer-safe steps and confirmation request.
MSG-000061,TKT-00056,2026-03-07T06:11:01,IT-008,faq,"Hi Jorge,

Thanks for the ticket regarding 'Account locked after travel'. We've identified this as a known issue (session_token_expired). Please try the following steps:

Ask user to fully sign out, clear browser storage for portal, sign in again.

Let me know if this resolves it.

Thanks,
Maya Chen","Hi Jorge,

Thanks for the ticket regarding 'Account locked after travel'. We've identified this as a known issue (session_token_expired). Please try the following steps:

Ask user to fully sign out, clear browser storage for portal, sign in again.

Let me know if this resolves it.

Thanks,
Maya Chen",2026-03-07T06:15:33,Try FAQ steps and provide: Browser and OS version.,issue summary|resolution steps|request to confirm outcome,Reply with whether the issue is resolved and include any remaining error details.,Includes customer-safe steps and confirmation request.
MSG-000062,TKT-00057,2026-02-14T19:13:18,IT-003,specialist_solution,"Hi Lin,

Our specialist looked into 'Suspicious login notification'. Recommended fix:

Apply temporary mitigation (re-queue affected records); engineering ticket logged for permanent fix.

Let me know how this lands.

Thanks,
Vera Liang","Hi Lin,
Our specialist looked into 'Suspicious login notification'. Recommended fix:
Apply temporary mitigation (re-queue affected records); engineering ticket logged for permanent fix.
Let me know how this lands.
Thanks,
Vera Liang",2026-02-14T19:54:36,Apply the specialist fix or confirm whether the IT team should apply it on the user's behalf.,issue summary|resolution steps|request to confirm outcome,Reply with whether the issue is resolved and include any remaining error details.,Message is brief; review tone and specificity before reuse.
MSG-000063,TKT-00058,2026-03-23T08:21:13,IT-006,specialist_solution,"Hi Imani,

Our specialist looked into 'High latency to internal apps'. Recommended fix:

Apply corrected route table entry and validate user can reach internal hosts.

Let me know how this lands.

Thanks,
Quinn Quintero","Hi Imani,
Our specialist looked into 'High latency to internal apps'. Recommended fix:
Apply corrected route table entry and validate user can reach internal hosts.
Let me know how this lands.
Thanks,
Quinn Quintero",2026-03-23T08:37:30,Apply the specialist fix or confirm whether the IT team should apply it on the user's behalf.,issue summary|resolution steps|request to confirm outcome,Reply with whether the issue is resolved and include any remaining error details.,Message is brief; review tone and specificity before reuse.
MSG-000064,TKT-00059,2026-01-17T16:33:14,IT-003,specialist_solution,"Hi Erin,

Our specialist looked into 'Laptop battery drains in 1 hour'. Recommended fix:

Push updated driver via MDM and confirm device reports healthy.

Let me know how this lands.

Thanks,
Vera Liang","Hi Erin,
Our specialist looked into 'Laptop battery drains in 1 hour'. Recommended fix:
Push updated driver via MDM and confirm device reports healthy.
Let me know how this lands.
Thanks,
Vera Liang",2026-01-17T17:10:00,Apply the specialist fix or confirm whether the IT team should apply it on the user's behalf.,issue summary|resolution steps|request to confirm outcome,Reply with whether the issue is resolved and include any remaining error details.,Message is brief; review tone and specificity before reuse.
MSG-000065,TKT-00060,2026-03-14T20:25:27,IT-006,specialist_solution,"Hi Noor,

Our specialist looked into 'Out of office not sending'. Recommended fix:

Revoke and reissue OAuth token; ask user to reauthorize on device.

Let me know how this lands.

Thanks,
Quinn Quintero","Hi Noor,
Our specialist looked into 'Out of office not sending'. Recommended fix:
Revoke and reissue OAuth token; ask user to reauthorize on device.
Let me know how this lands.
Thanks,
Quinn Quintero",2026-03-14T20:44:27,Apply the specialist fix or confirm whether the IT team should apply it on the user's behalf.,issue summary|resolution steps|request to confirm outcome,Reply with whether the issue is resolved and include any remaining error details.,Message is brief; review tone and specificity before reuse.
MSG-000066,TKT-00061,2026-02-25T00:39:21,IT-005,specialist_solution,"Hi Jorge,

Our specialist looked into 'MFA prompt never arrives'. Recommended fix:

Force a refresh of the user's SSO group membership and clear server-side session cache.

Let me know how this lands.

Thanks,
Tomo Holm","Hi Jorge,

Our specialist looked into 'MFA prompt never arrives'. Recommended fix:

Force a refresh of the user's SSO group membership and clear server-side session cache.

Let me know how this lands.

Thanks,
Tomo Holm",2026-02-25T01:01:49,Apply the specialist fix or confirm whether the IT team should apply it on the user's behalf.,issue summary|resolution steps|request to confirm outcome,Reply with whether the issue is resolved and include any remaining error details.,Includes customer-safe steps and confirmation request.
MSG-000067,TKT-00061,2026-02-26T00:51:39,IT-005,specialist_solution,"Hi Jorge,

Our specialist looked into 'MFA prompt never arrives'. Recommended fix:

Force a refresh of the user's SSO group membership and clear server-side session cache.

Let me know how this lands.

Thanks,
Tomo Holm","Hi Jorge,

Our specialist looked into 'MFA prompt never arrives'. Recommended fix:

Force a refresh of the user's SSO group membership and clear server-side session cache.

Let me know how this lands.

Thanks,
Tomo Holm",2026-02-26T01:27:40,Apply the specialist fix or confirm whether the IT team should apply it on the user's behalf.,rejection acknowledgement|corrected specialist steps|confirmation request,Reply after retrying the corrected steps.,Acknowledges first attempt and explains corrected next step.
MSG-000068,TKT-00062,2026-01-18T19:56:50,IT-008,specialist_solution,"Hi Uma,

Our specialist looked into 'App freezes when opening report'. Recommended fix:

Apply temporary mitigation (re-queue affected records); engineering ticket logged for permanent fix.

Let me know how this lands.

Thanks,
Maya Chen","Hi Uma,

Our specialist looked into 'App freezes when opening report'. Recommended fix:

Apply temporary mitigation (re-queue affected records); engineering ticket logged for permanent fix.

Let me know how this lands.

Thanks,
Maya Chen",2026-01-18T20:09:38,Apply the specialist fix or confirm whether the IT team should apply it on the user's behalf.,issue summary|resolution steps|request to confirm outcome,Reply with whether the issue is resolved and include any remaining error details.,Includes customer-safe steps and confirmation request.
MSG-000069,TKT-00063,2026-03-26T19:41:03,IT-001,specialist_solution,"Hi Grace,

Our specialist looked into 'Saved filter not loading on dashboard'. Recommended fix:

Apply temporary mitigation (re-queue affected records); engineering ticket logged for permanent fix.

Let me know how this lands.

Thanks,
Dani Xu","Hi Grace,

Our specialist looked into 'Saved filter not loading on dashboard'. Recommended fix:

Apply temporary mitigation (re-queue affected records); engineering ticket logged for permanent fix.

Let me know how this lands.

Thanks,
Dani Xu",2026-03-26T19:56:10,Apply the specialist fix or confirm whether the IT team should apply it on the user's behalf.,issue summary|resolution steps|request to confirm outcome,Reply with whether the issue is resolved and include any remaining error details.,Includes customer-safe steps and confirmation request.
MSG-000070,TKT-00064,2026-03-11T00:11:39,IT-002,faq,"Hi Grace,

Thanks for the ticket regarding 'Need password reset'. We've identified this as a known issue (self_service_reset_failed). Please try the following steps:

Verify on-file email, resend reset link via admin console, expire any prior tokens.

Let me know if this resolves it.

Thanks,
Alex Tanaka","Hi Grace,

Thanks for the ticket regarding 'Need password reset'. We've identified this as a known issue (self_service_reset_failed). Please try the following steps:

Verify on-file email, resend reset link via admin console, expire any prior tokens.

Let me know if this resolves it.

Thanks,
Alex Tanaka",2026-03-11T00:25:12,"Try FAQ steps and provide: Username, on-file email.",issue summary|resolution steps|request to confirm outcome,Reply with whether the issue is resolved and include any remaining error details.,Includes customer-safe steps and confirmation request.
MSG-000071,TKT-00065,2026-01-19T20:44:07,IT-002,faq,"Hi Theo,

Thanks for the ticket regarding 'Need password reset'. We've identified this as a known issue (service_account_password_expired). Please try the following steps:

Rotate service account password, update secret in CI/CD, restart job.

Let me know if this resolves it.

Thanks,
Alex Tanaka","Hi Theo,

Thanks for the ticket regarding 'Need password reset'. We've identified this as a known issue (service_account_password_expired). Please try the following steps:

Rotate service account password, update secret in CI/CD, restart job.

Let me know if this resolves it.

Thanks,
Alex Tanaka",2026-01-19T21:13:42,Try FAQ steps and provide: Service account name.,issue summary|resolution steps|request to confirm outcome,Reply with whether the issue is resolved and include any remaining error details.,Includes customer-safe steps and confirmation request.
MSG-000072,TKT-00066,2026-03-24T01:37:38,IT-004,specialist_solution,"Hi Yuki,

Our specialist looked into 'Equipment return process'. Recommended fix:

Coordinate with requested team and provide tailored next steps.

Let me know how this lands.

Thanks,
Noor Xu","Hi Yuki,
Our specialist looked into 'Equipment return process'. Recommended fix:
Coordinate with requested team and provide tailored next steps.
Let me know how this lands.
Thanks,
Noor Xu",2026-03-24T01:43:29,Apply the specialist fix or confirm whether the IT team should apply it on the user's behalf.,issue summary|resolution steps|request to confirm outcome,Reply with whether the issue is resolved and include any remaining error details.,Message is brief; review tone and specificity before reuse.
MSG-000073,TKT-00067,2026-02-05T13:32:42,IT-002,specialist_solution,"Hi Ravi,

Our specialist looked into 'VPN disconnects every few minutes'. Recommended fix:

Apply corrected route table entry and validate user can reach internal hosts.

Let me know how this lands.

Thanks,
Alex Tanaka","Hi Ravi,

Our specialist looked into 'VPN disconnects every few minutes'. Recommended fix:

Apply corrected route table entry and validate user can reach internal hosts.

Let me know how this lands.

Thanks,
Alex Tanaka",2026-02-05T14:14:55,Apply the specialist fix or confirm whether the IT team should apply it on the user's behalf.,issue summary|resolution steps|request to confirm outcome,Reply with whether the issue is resolved and include any remaining error details.,Includes customer-safe steps and confirmation request.
MSG-000074,TKT-00068,2026-03-31T08:32:43,IT-006,specialist_solution,"Hi Theo,

Our specialist looked into 'CRM export missing records'. Recommended fix:

Manually trigger affected job and adjust scheduler to avoid recurrence.

Let me know how this lands.

Thanks,
Quinn Quintero","Hi Theo,
Our specialist looked into 'CRM export missing records'. Recommended fix:
Manually trigger affected job and adjust scheduler to avoid recurrence.
Let me know how this lands.
Thanks,
Quinn Quintero",2026-03-31T09:01:45,Apply the specialist fix or confirm whether the IT team should apply it on the user's behalf.,issue summary|resolution steps|request to confirm outcome,Reply with whether the issue is resolved and include any remaining error details.,Message is brief; review tone and specificity before reuse.
MSG-000075,TKT-00068,2026-04-03T00:58:48,IT-006,specialist_solution,"Hi Theo,

Our specialist looked into 'CRM export missing records'. Recommended fix:

Manually trigger affected job and adjust scheduler to avoid recurrence.

Let me know how this lands.

Thanks,
Quinn Quintero","Hi Theo,
Our specialist looked into 'CRM export missing records'. Recommended fix:
Manually trigger affected job and adjust scheduler to avoid recurrence.
Let me know how this lands.
Thanks,
Quinn Quintero",2026-04-03T01:09:44,Apply the specialist fix or confirm whether the IT team should apply it on the user's behalf.,rejection acknowledgement|corrected specialist steps|confirmation request,Reply after retrying the corrected steps.,Acknowledges first attempt and explains corrected next step.
MSG-000076,TKT-00069,2026-01-19T01:58:36,IT-003,faq,"Hi Sana,

Thanks for the ticket regarding 'Vendor needs limited portal access'. We've identified this as a known issue (suspicious_login_remediation). Please try the following steps:

Force password reset, reseed MFA, review last 30 days of audit log.

Let me know if this resolves it.

Thanks,
Vera Liang","Hi Sana,
thanks for reaching out regarding 'Vendor needs limited portal access'. We've identified this as a known issue (suspicious_login_remediation). Please try the following steps:
Force password reset, reseed MFA, review last 30 days of audit log.
Let me know if this resolves it.
Thanks,
Vera Liang",2026-01-19T02:16:32,Try FAQ steps and provide: Username and report timestamp.,issue summary|resolution steps|request to confirm outcome,Reply with whether the issue is resolved and include any remaining error details.,Message is brief; review tone and specificity before reuse.
MSG-000077,TKT-00069,2026-01-21T10:32:11,IT-003,specialist_solution,"Hi Sana,

Our specialist looked into 'Vendor needs limited portal access'. Recommended fix:

Open access review, obtain manager and security approval, grant scoped role.

Let me know how this lands.

Thanks,
Vera Liang","Hi Sana,
Our specialist looked into 'Vendor needs limited portal access'. Recommended fix:
Open access review, obtain manager and security approval, grant scoped role.
Let me know how this lands.
Thanks,
Vera Liang",2026-01-21T10:44:22,Apply the specialist fix or confirm whether the IT team should apply it on the user's behalf.,rejection acknowledgement|corrected specialist steps|confirmation request,Reply after retrying the corrected steps.,Acknowledges first attempt and explains corrected next step.
MSG-000078,TKT-00070,2026-03-10T22:37:00,IT-002,faq,"Hi Noor,

Thanks for the ticket regarding 'Stale numbers in finance dashboard'. We've identified this as a known issue (browser_blocking_analytics_assets). Please try the following steps:

Whitelist analytics domain in browser, reload page.

Let me know if this resolves it.

Thanks,
Alex Tanaka","Hi Noor,

Thanks for the ticket regarding 'Stale numbers in finance dashboard'. We've identified this as a known issue (browser_blocking_analytics_assets). Please try the following steps:

Whitelist analytics domain in browser, reload page.

Let me know if this resolves it.

Thanks,
Alex Tanaka",2026-03-10T22:44:14,Try FAQ steps and provide: Browser and any extensions enabled.,issue summary|resolution steps|request to confirm outcome,Reply with whether the issue is resolved and include any remaining error details.,Includes customer-safe steps and confirmation request.
MSG-000079,TKT-00071,2026-01-20T20:02:22,IT-005,faq,"Hi Sana,

Thanks for the ticket regarding 'Email calendar sync issue'. We've identified this as a known issue (out_of_office_disabled). Please try the following steps:

Re-enable auto-reply in mail settings, send test message, verify delivery.

Let me know if this resolves it.

Thanks,
Tomo Holm","Hi Sana,

Thanks for the ticket regarding 'Email calendar sync issue'. We've identified this as a known issue (out_of_office_disabled). Please try the following steps:

Re-enable auto-reply in mail settings, send test message, verify delivery.

Let me know if this resolves it.

Thanks,
Tomo Holm",2026-01-20T20:14:35,Try FAQ steps and provide: Date range and rule preview.,issue summary|resolution steps|request to confirm outcome,Reply with whether the issue is resolved and include any remaining error details.,Includes customer-safe steps and confirmation request.
MSG-000080,TKT-00072,2026-02-06T20:55:03,IT-004,faq,"Hi Quinn,

Thanks for the ticket regarding 'Wireless mouse not working'. We've identified this as a known issue (shared_printer_offline). Please try the following steps:

Power cycle printer, clear print queue, reconnect via Print server.

Let me know if this resolves it.

Thanks,
Noor Xu","Hi Quinn,
thanks for reaching out regarding 'Wireless mouse not working'. We've identified this as a known issue (shared_printer_offline). Please try the following steps:
Power cycle printer, clear print queue, reconnect via Print server.
Let me know if this resolves it.
Thanks,
Noor Xu",2026-02-06T21:37:57,Try FAQ steps and provide: Printer name and floor.,issue summary|resolution steps|request to confirm outcome,Reply with whether the issue is resolved and include any remaining error details.,Message is brief; review tone and specificity before reuse.
MSG-000081,TKT-00073,2026-01-29T00:28:11,IT-006,faq,"Hi Erin,

Thanks for the ticket regarding 'Invoice total looks wrong'. We've identified this as a known issue (invoice_pdf_download_fails). Please try the following steps:

Clear browser cache, retry; if still failing, regenerate PDF from billing admin.

Let me know if this resolves it.

Thanks,
Quinn Quintero","Hi Erin,
thanks for reaching out regarding 'Invoice total looks wrong'. We've identified this as a known issue (invoice_pdf_download_fails). Please try the following steps:
Clear browser cache, retry; if still failing, regenerate PDF from billing admin.
Let me know if this resolves it.
Thanks,
Quinn Quintero",2026-01-29T00:36:30,Try FAQ steps and provide: Invoice number and browser.,issue summary|resolution steps|request to confirm outcome,Reply with whether the issue is resolved and include any remaining error details.,Message is brief; review tone and specificity before reuse.
MSG-000082,TKT-00074,2026-01-22T09:44:10,IT-001,faq,"Hi Jorge,

Thanks for the ticket regarding 'Need password reset'. We've identified this as a known issue (reset_link_expired). Please try the following steps:

Generate a fresh reset link with a 24-hour TTL and resend.

Let me know if this resolves it.

Thanks,
Dani Xu","Hi Jorge,

Thanks for the ticket regarding 'Need password reset'. We've identified this as a known issue (reset_link_expired). Please try the following steps:

Generate a fresh reset link with a 24-hour TTL and resend.

Let me know if this resolves it.

Thanks,
Dani Xu",2026-01-22T09:56:01,Try FAQ steps and provide: Username.,issue summary|resolution steps|request to confirm outcome,Reply with whether the issue is resolved and include any remaining error details.,Includes customer-safe steps and confirmation request.
MSG-000083,TKT-00075,2026-04-01T10:42:07,IT-001,specialist_solution,"Hi Priya,

Our specialist looked into 'General question about software list'. Recommended fix:

Coordinate with requested team and provide tailored next steps.

Let me know how this lands.

Thanks,
Dani Xu","Hi Priya,

Our specialist looked into 'General question about software list'. Recommended fix:

Coordinate with requested team and provide tailored next steps.

Let me know how this lands.

Thanks,
Dani Xu",2026-04-01T10:59:24,Apply the specialist fix or confirm whether the IT team should apply it on the user's behalf.,issue summary|resolution steps|request to confirm outcome,Reply with whether the issue is resolved and include any remaining error details.,Includes customer-safe steps and confirmation request.
MSG-000084,TKT-00076,2026-03-14T18:58:51,IT-008,faq,"Hi Noor,

Thanks for the ticket regarding 'Password reset link expired'. We've identified this as a known issue (reset_link_expired). Please try the following steps:

Generate a fresh reset link with a 24-hour TTL and resend.

Let me know if this resolves it.

Thanks,
Maya Chen","Hi Noor,

Thanks for the ticket regarding 'Password reset link expired'. We've identified this as a known issue (reset_link_expired). Please try the following steps:

Generate a fresh reset link with a 24-hour TTL and resend.

Let me know if this resolves it.

Thanks,
Maya Chen",2026-03-14T19:18:30,Try FAQ steps and provide: Username.,issue summary|resolution steps|request to confirm outcome,Reply with whether the issue is resolved and include any remaining error details.,Includes customer-safe steps and confirmation request.
MSG-000085,TKT-00077,2026-03-05T10:05:12,IT-004,specialist_solution,"Hi Kai,

Our specialist looked into 'VPN disconnects every few minutes'. Recommended fix:

Apply corrected route table entry and validate user can reach internal hosts.

Let me know how this lands.

Thanks,
Noor Xu","Hi Kai,
Our specialist looked into 'VPN disconnects every few minutes'. Recommended fix:
Apply corrected route table entry and validate user can reach internal hosts.
Let me know how this lands.
Thanks,
Noor Xu",2026-03-05T10:36:41,Apply the specialist fix or confirm whether the IT team should apply it on the user's behalf.,issue summary|resolution steps|request to confirm outcome,Reply with whether the issue is resolved and include any remaining error details.,Message is brief; review tone and specificity before reuse.
MSG-000086,TKT-00078,2026-02-05T01:43:32,IT-003,faq,"Hi Yuki,

Thanks for the ticket regarding 'Need password reset'. We've identified this as a known issue (reset_link_expired). Please try the following steps:

Generate a fresh reset link with a 24-hour TTL and resend.

Let me know if this resolves it.

Thanks,
Vera Liang","Hi Yuki,
thanks for reaching out regarding 'Need password reset'. We've identified this as a known issue (reset_link_expired). Please try the following steps:
Generate a fresh reset link with a 24-hour TTL and resend.
Let me know if this resolves it.
Thanks,
Vera Liang",2026-02-05T02:27:56,Try FAQ steps and provide: Username.,issue summary|resolution steps|request to confirm outcome,Reply with whether the issue is resolved and include any remaining error details.,Message is brief; review tone and specificity before reuse.
MSG-000087,TKT-00079,2026-03-21T10:40:20,IT-001,faq,"Hi Noor,

Thanks for the ticket regarding 'Out of office not sending'. We've identified this as a known issue (calendar_invite_double_booking). Please try the following steps:

Disable duplicate calendar source, reconnect single source.

Let me know if this resolves it.

Thanks,
Dani Xu","Hi Noor,

Thanks for the ticket regarding 'Out of office not sending'. We've identified this as a known issue (calendar_invite_double_booking). Please try the following steps:

Disable duplicate calendar source, reconnect single source.

Let me know if this resolves it.

Thanks,
Dani Xu",2026-03-21T10:49:50,Try FAQ steps and provide: Calendar source list.,issue summary|resolution steps|request to confirm outcome,Reply with whether the issue is resolved and include any remaining error details.,Includes customer-safe steps and confirmation request.
MSG-000088,TKT-00080,2026-03-13T15:55:01,IT-004,specialist_solution,"Hi Uma,

Our specialist looked into 'Cannot log into customer portal'. Recommended fix:

Force a refresh of the user's SSO group membership and clear server-side session cache.

Let me know how this lands.

Thanks,
Noor Xu","Hi Uma,
Our specialist looked into 'Cannot log into customer portal'. Recommended fix:
Force a refresh of the user's SSO group membership and clear server-side session cache.
Let me know how this lands.
Thanks,
Noor Xu",2026-03-13T16:27:11,Apply the specialist fix or confirm whether the IT team should apply it on the user's behalf.,issue summary|resolution steps|request to confirm outcome,Reply with whether the issue is resolved and include any remaining error details.,Message is brief; review tone and specificity before reuse.
MSG-000089,TKT-00081,2026-03-20T03:05:54,IT-002,specialist_solution,"Hi Imani,

Our specialist looked into 'Service account password expired'. Recommended fix:

Run elevated reset workflow with ticket-approval token; confirm sign-in.

Let me know how this lands.

Thanks,
Alex Tanaka","Hi Imani,

Our specialist looked into 'Service account password expired'. Recommended fix:

Run elevated reset workflow with ticket-approval token; confirm sign-in.

Let me know how this lands.

Thanks,
Alex Tanaka",2026-03-20T03:21:05,Apply the specialist fix or confirm whether the IT team should apply it on the user's behalf.,issue summary|resolution steps|request to confirm outcome,Reply with whether the issue is resolved and include any remaining error details.,Includes customer-safe steps and confirmation request.
MSG-000090,TKT-00082,2026-03-18T08:59:35,IT-002,specialist_solution,"Hi Ravi,

Our specialist looked into 'Cannot download invoice PDF'. Recommended fix:

Refresh tax engine cache for affected account; reissue invoice with corrected line items.

Let me know how this lands.

Thanks,
Alex Tanaka","Hi Ravi,

Our specialist looked into 'Cannot download invoice PDF'. Recommended fix:

Refresh tax engine cache for affected account; reissue invoice with corrected line items.

Let me know how this lands.

Thanks,
Alex Tanaka",2026-03-18T09:29:56,Apply the specialist fix or confirm whether the IT team should apply it on the user's behalf.,issue summary|resolution steps|request to confirm outcome,Reply with whether the issue is resolved and include any remaining error details.,Includes customer-safe steps and confirmation request.
MSG-000091,TKT-00082,2026-03-20T07:59:11,IT-002,specialist_solution,"Hi Ravi,

Our specialist looked into 'Cannot download invoice PDF'. Recommended fix:

Refresh tax engine cache for affected account; reissue invoice with corrected line items.

Let me know how this lands.

Thanks,
Alex Tanaka","Hi Ravi,

Our specialist looked into 'Cannot download invoice PDF'. Recommended fix:

Refresh tax engine cache for affected account; reissue invoice with corrected line items.

Let me know how this lands.

Thanks,
Alex Tanaka",2026-03-20T08:15:38,Apply the specialist fix or confirm whether the IT team should apply it on the user's behalf.,rejection acknowledgement|corrected specialist steps|confirmation request,Reply after retrying the corrected steps.,Acknowledges first attempt and explains corrected next step.
MSG-000092,TKT-00083,2026-03-06T16:51:04,IT-002,specialist_solution,"Hi Alex,

Our specialist looked into 'Need help with a workflow'. Recommended fix:

Manually trigger affected job and adjust scheduler to avoid recurrence.

Let me know how this lands.

Thanks,
Alex Tanaka","Hi Alex,

Our specialist looked into 'Need help with a workflow'. Recommended fix:

Manually trigger affected job and adjust scheduler to avoid recurrence.

Let me know how this lands.

Thanks,
Alex Tanaka",2026-03-06T17:21:04,Apply the specialist fix or confirm whether the IT team should apply it on the user's behalf.,issue summary|resolution steps|request to confirm outcome,Reply with whether the issue is resolved and include any remaining error details.,Includes customer-safe steps and confirmation request.
MSG-000093,TKT-00084,2026-01-19T15:49:21,IT-008,faq,"Hi Yuki,

Thanks for the ticket regarding 'Wireless mouse not working'. We've identified this as a known issue (headset_audio_quality). Please try the following steps:

Update audio driver, swap USB port, replace cable.

Let me know if this resolves it.

Thanks,
Maya Chen","Hi Yuki,

Thanks for the ticket regarding 'Wireless mouse not working'. We've identified this as a known issue (headset_audio_quality). Please try the following steps:

Update audio driver, swap USB port, replace cable.

Let me know if this resolves it.

Thanks,
Maya Chen",2026-01-19T16:19:07,Try FAQ steps and provide: Headset model and laptop model.,issue summary|resolution steps|request to confirm outcome,Reply with whether the issue is resolved and include any remaining error details.,Includes customer-safe steps and confirmation request.
MSG-000094,TKT-00084,2026-01-21T15:55:23,IT-008,specialist_solution,"Hi Yuki,

Our specialist looked into 'Wireless mouse not working'. Recommended fix:

Push updated driver via MDM and confirm device reports healthy.

Let me know how this lands.

Thanks,
Maya Chen","Hi Yuki,

Our specialist looked into 'Wireless mouse not working'. Recommended fix:

Push updated driver via MDM and confirm device reports healthy.

Let me know how this lands.

Thanks,
Maya Chen",2026-01-21T16:11:53,Apply the specialist fix or confirm whether the IT team should apply it on the user's behalf.,rejection acknowledgement|corrected specialist steps|confirmation request,Reply after retrying the corrected steps.,Acknowledges first attempt and explains corrected next step.
MSG-000095,TKT-00085,2026-02-28T13:47:23,IT-003,specialist_solution,"Hi Marta,

Our specialist looked into 'Records missing after CRM export'. Recommended fix:

Push updated driver via MDM and confirm device reports healthy.

Let me know how this lands.

Thanks,
Vera Liang","Hi Marta,
Our specialist looked into 'Records missing after CRM export'. Recommended fix:
Push updated driver via MDM and confirm device reports healthy.
Let me know how this lands.
Thanks,
Vera Liang",2026-02-28T14:00:13,Apply the specialist fix or confirm whether the IT team should apply it on the user's behalf.,issue summary|resolution steps|request to confirm outcome,Reply with whether the issue is resolved and include any remaining error details.,Message is brief; review tone and specificity before reuse.
MSG-000096,TKT-00085,2026-03-03T00:49:01,IT-003,specialist_solution,"Hi Marta,

Our specialist looked into 'Records missing after CRM export'. Recommended fix:

Push updated driver via MDM and confirm device reports healthy.

Let me know how this lands.

Thanks,
Vera Liang","Hi Marta,
Our specialist looked into 'Records missing after CRM export'. Recommended fix:
Push updated driver via MDM and confirm device reports healthy.
Let me know how this lands.
Thanks,
Vera Liang",2026-03-03T00:54:24,Apply the specialist fix or confirm whether the IT team should apply it on the user's behalf.,rejection acknowledgement|corrected specialist steps|confirmation request,Reply after retrying the corrected steps.,Acknowledges first attempt and explains corrected next step.
MSG-000097,TKT-00086,2026-02-25T17:43:09,IT-007,specialist_solution,"Hi Felix,

Our specialist looked into 'Wi-Fi drops in conference room'. Recommended fix:

Apply corrected route table entry and validate user can reach internal hosts.

Let me know how this lands.

Thanks,
Zane Underwood","Hi Felix,

Our specialist looked into 'Wi-Fi drops in conference room'. Recommended fix:

Apply corrected route table entry and validate user can reach internal hosts.

Let me know how this lands.

Thanks,
Zane Underwood",2026-02-25T17:53:38,Apply the specialist fix or confirm whether the IT team should apply it on the user's behalf.,issue summary|resolution steps|request to confirm outcome,Reply with whether the issue is resolved and include any remaining error details.,Includes customer-safe steps and confirmation request.
MSG-000098,TKT-00086,2026-02-27T07:01:26,IT-007,specialist_solution,"Hi Felix,

Our specialist looked into 'Wi-Fi drops in conference room'. Recommended fix:

Apply corrected route table entry and validate user can reach internal hosts.

Let me know how this lands.

Thanks,
Zane Underwood","Hi Felix,

Our specialist looked into 'Wi-Fi drops in conference room'. Recommended fix:

Apply corrected route table entry and validate user can reach internal hosts.

Let me know how this lands.

Thanks,
Zane Underwood",2026-02-27T07:20:50,Apply the specialist fix or confirm whether the IT team should apply it on the user's behalf.,rejection acknowledgement|corrected specialist steps|confirmation request,Reply after retrying the corrected steps.,Acknowledges first attempt and explains corrected next step.
MSG-000099,TKT-00087,2026-02-28T17:43:01,IT-005,faq,"Hi Lin,

Thanks for the ticket regarding 'Need access for new employee'. We've identified this as a known issue (new_hire_access_request_standard_role). Please try the following steps:

Apply standard role bundle, notify manager, set start date.

Let me know if this resolves it.

Thanks,
Tomo Holm","Hi Lin,

Thanks for the ticket regarding 'Need access for new employee'. We've identified this as a known issue (new_hire_access_request_standard_role). Please try the following steps:

Apply standard role bundle, notify manager, set start date.

Let me know if this resolves it.

Thanks,
Tomo Holm",2026-02-28T18:02:06,Try FAQ steps and provide: Manager name and start date.,issue summary|resolution steps|request to confirm outcome,Reply with whether the issue is resolved and include any remaining error details.,Includes customer-safe steps and confirmation request.
MSG-000100,TKT-00088,2026-03-25T08:45:11,IT-001,faq,"Hi Chen,

Thanks for the ticket regarding 'MFA prompt never arrives'. We've identified this as a known issue (account_locked_after_failed_attempts). Please try the following steps:

Use admin console to unlock account, ask user to wait 5 minutes, retry sign-in.

Let me know if this resolves it.

Thanks,
Dani Xu","Hi Chen,

Thanks for the ticket regarding 'MFA prompt never arrives'. We've identified this as a known issue (account_locked_after_failed_attempts). Please try the following steps:

Use admin console to unlock account, ask user to wait 5 minutes, retry sign-in.

Let me know if this resolves it.

Thanks,
Dani Xu",2026-03-25T08:57:57,Try FAQ steps and provide: Username and approximate time of lockout.,issue summary|resolution steps|request to confirm outcome,Reply with whether the issue is resolved and include any remaining error details.,Includes customer-safe steps and confirmation request.
MSG-000101,TKT-00089,2026-03-30T13:49:27,IT-003,specialist_solution,"Hi Noor,

Our specialist looked into 'Saved filter not loading on dashboard'. Recommended fix:

Apply temporary mitigation (re-queue affected records); engineering ticket logged for permanent fix.

Let me know how this lands.

Thanks,
Vera Liang","Hi Noor,
Our specialist looked into 'Saved filter not loading on dashboard'. Recommended fix:
Apply temporary mitigation (re-queue affected records); engineering ticket logged for permanent fix.
Let me know how this lands.
Thanks,
Vera Liang",2026-03-30T14:25:48,Apply the specialist fix or confirm whether the IT team should apply it on the user's behalf.,issue summary|resolution steps|request to confirm outcome,Reply with whether the issue is resolved and include any remaining error details.,Message is brief; review tone and specificity before reuse.
MSG-000102,TKT-00090,2026-03-21T22:45:58,IT-005,specialist_solution,"Hi Nikhil,

Our specialist looked into 'Wrong billing region applied'. Recommended fix:

Refresh tax engine cache for affected account; reissue invoice with corrected line items.

Let me know how this lands.

Thanks,
Tomo Holm","Hi Nikhil,

Our specialist looked into 'Wrong billing region applied'. Recommended fix:

Refresh tax engine cache for affected account; reissue invoice with corrected line items.

Let me know how this lands.

Thanks,
Tomo Holm",2026-03-21T23:30:27,Apply the specialist fix or confirm whether the IT team should apply it on the user's behalf.,issue summary|resolution steps|request to confirm outcome,Reply with whether the issue is resolved and include any remaining error details.,Includes customer-safe steps and confirmation request.
MSG-000103,TKT-00091,2026-02-12T09:29:53,IT-005,specialist_solution,"Hi Dani,

Our specialist looked into 'Saved filter not loading on dashboard'. Recommended fix:

Apply temporary mitigation (re-queue affected records); engineering ticket logged for permanent fix.

Let me know how this lands.

Thanks,
Tomo Holm","Hi Dani,

Our specialist looked into 'Saved filter not loading on dashboard'. Recommended fix:

Apply temporary mitigation (re-queue affected records); engineering ticket logged for permanent fix.

Let me know how this lands.

Thanks,
Tomo Holm",2026-02-12T09:40:15,Apply the specialist fix or confirm whether the IT team should apply it on the user's behalf.,issue summary|resolution steps|request to confirm outcome,Reply with whether the issue is resolved and include any remaining error details.,Includes customer-safe steps and confirmation request.
MSG-000104,TKT-00092,2026-01-21T21:59:03,IT-002,specialist_solution,"Hi Alex,

Our specialist looked into 'CRM export missing records'. Recommended fix:

Manually trigger affected job and adjust scheduler to avoid recurrence.

Let me know how this lands.

Thanks,
Alex Tanaka","Hi Alex,

Our specialist looked into 'CRM export missing records'. Recommended fix:

Manually trigger affected job and adjust scheduler to avoid recurrence.

Let me know how this lands.

Thanks,
Alex Tanaka",2026-01-21T22:13:07,Apply the specialist fix or confirm whether the IT team should apply it on the user's behalf.,issue summary|resolution steps|request to confirm outcome,Reply with whether the issue is resolved and include any remaining error details.,Includes customer-safe steps and confirmation request.
MSG-000105,TKT-00093,2026-03-25T13:35:06,IT-008,faq,"Hi Zane,

Thanks for the ticket regarding 'Stuck in SSO redirect loop'. We've identified this as a known issue (browser_redirect_loop_on_sso). Please try the following steps:

Clear cookies for portal domain, retry sign-in in private window, verify SSO cert is current.

Let me know if this resolves it.

Thanks,
Maya Chen","Hi Zane,

Thanks for the ticket regarding 'Stuck in SSO redirect loop'. We've identified this as a known issue (browser_redirect_loop_on_sso). Please try the following steps:

Clear cookies for portal domain, retry sign-in in private window, verify SSO cert is current.

Let me know if this resolves it.

Thanks,
Maya Chen",2026-03-25T14:02:11,"Try FAQ steps and provide: Browser, OS, screenshot if possible.",issue summary|resolution steps|request to confirm outcome,Reply with whether the issue is resolved and include any remaining error details.,Includes customer-safe steps and confirmation request.
MSG-000106,TKT-00094,2026-02-22T03:50:40,IT-004,specialist_solution,"Hi Bea,

Our specialist looked into 'Out of office not sending'. Recommended fix:

Revoke and reissue OAuth token; ask user to reauthorize on device.

Let me know how this lands.

Thanks,
Noor Xu","Hi Bea,
Our specialist looked into 'Out of office not sending'. Recommended fix:
Revoke and reissue OAuth token; ask user to reauthorize on device.
Let me know how this lands.
Thanks,
Noor Xu",2026-02-22T04:22:23,Apply the specialist fix or confirm whether the IT team should apply it on the user's behalf.,issue summary|resolution steps|request to confirm outcome,Reply with whether the issue is resolved and include any remaining error details.,Message is brief; review tone and specificity before reuse.
MSG-000107,TKT-00095,2026-02-23T11:51:50,IT-001,specialist_solution,"Hi Bea,

Our specialist looked into 'Saved filter not loading on dashboard'. Recommended fix:

Apply temporary mitigation (re-queue affected records); engineering ticket logged for permanent fix.

Let me know how this lands.

Thanks,
Dani Xu","Hi Bea,

Our specialist looked into 'Saved filter not loading on dashboard'. Recommended fix:

Apply temporary mitigation (re-queue affected records); engineering ticket logged for permanent fix.

Let me know how this lands.

Thanks,
Dani Xu",2026-02-23T12:03:48,Apply the specialist fix or confirm whether the IT team should apply it on the user's behalf.,issue summary|resolution steps|request to confirm outcome,Reply with whether the issue is resolved and include any remaining error details.,Includes customer-safe steps and confirmation request.
MSG-000108,TKT-00095,2026-02-26T03:09:37,IT-001,specialist_solution,"Hi Bea,

Our specialist looked into 'Saved filter not loading on dashboard'. Recommended fix:

Apply temporary mitigation (re-queue affected records); engineering ticket logged for permanent fix.

Let me know how this lands.

Thanks,
Dani Xu","Hi Bea,

Our specialist looked into 'Saved filter not loading on dashboard'. Recommended fix:

Apply temporary mitigation (re-queue affected records); engineering ticket logged for permanent fix.

Let me know how this lands.

Thanks,
Dani Xu",2026-02-26T03:52:22,Apply the specialist fix or confirm whether the IT team should apply it on the user's behalf.,rejection acknowledgement|corrected specialist steps|confirmation request,Reply after retrying the corrected steps.,Acknowledges first attempt and explains corrected next step.
MSG-000109,TKT-00096,2026-03-20T11:10:04,IT-001,specialist_solution,"Hi Jorge,

Our specialist looked into 'Wrong billing region applied'. Recommended fix:

Apply corrected route table entry and validate user can reach internal hosts.

Let me know how this lands.

Thanks,
Dani Xu","Hi Jorge,

Our specialist looked into 'Wrong billing region applied'. Recommended fix:

Apply corrected route table entry and validate user can reach internal hosts.

Let me know how this lands.

Thanks,
Dani Xu",2026-03-20T11:38:36,Apply the specialist fix or confirm whether the IT team should apply it on the user's behalf.,issue summary|resolution steps|request to confirm outcome,Reply with whether the issue is resolved and include any remaining error details.,Includes customer-safe steps and confirmation request.
MSG-000110,TKT-00096,2026-03-21T16:30:19,IT-001,specialist_solution,"Hi Jorge,

Our specialist looked into 'Wrong billing region applied'. Recommended fix:

Apply corrected route table entry and validate user can reach internal hosts.

Let me know how this lands.

Thanks,
Dani Xu","Hi Jorge,

Our specialist looked into 'Wrong billing region applied'. Recommended fix:

Apply corrected route table entry and validate user can reach internal hosts.

Let me know how this lands.

Thanks,
Dani Xu",2026-03-21T16:35:10,Apply the specialist fix or confirm whether the IT team should apply it on the user's behalf.,rejection acknowledgement|corrected specialist steps|confirmation request,Reply after retrying the corrected steps.,Acknowledges first attempt and explains corrected next step.
MSG-000111,TKT-00097,2026-01-19T02:57:40,IT-006,faq,"Hi Alex,

Thanks for the ticket regarding 'Need password reset'. We've identified this as a known issue (reset_link_expired). Please try the following steps:

Generate a fresh reset link with a 24-hour TTL and resend.

Let me know if this resolves it.

Thanks,
Quinn Quintero","Hi Alex,
thanks for reaching out regarding 'Need password reset'. We've identified this as a known issue (reset_link_expired). Please try the following steps:
Generate a fresh reset link with a 24-hour TTL and resend.
Let me know if this resolves it.
Thanks,
Quinn Quintero",2026-01-19T03:34:32,Try FAQ steps and provide: Username.,issue summary|resolution steps|request to confirm outcome,Reply with whether the issue is resolved and include any remaining error details.,Message is brief; review tone and specificity before reuse.
MSG-000112,TKT-00098,2026-02-26T21:19:18,IT-003,specialist_solution,"Hi Erin,

Our specialist looked into 'Need help with a workflow'. Recommended fix:

Coordinate with requested team and provide tailored next steps.

Let me know how this lands.

Thanks,
Vera Liang","Hi Erin,
Our specialist looked into 'Need help with a workflow'. Recommended fix:
Coordinate with requested team and provide tailored next steps.
Let me know how this lands.
Thanks,
Vera Liang",2026-02-26T21:58:02,Apply the specialist fix or confirm whether the IT team should apply it on the user's behalf.,issue summary|resolution steps|request to confirm outcome,Reply with whether the issue is resolved and include any remaining error details.,Message is brief; review tone and specificity before reuse.
MSG-000113,TKT-00099,2026-01-26T08:47:56,IT-008,specialist_solution,"Hi Alex,

Our specialist looked into 'Analytics dashboard not loading'. Recommended fix:

Manually trigger affected job and adjust scheduler to avoid recurrence.

Let me know how this lands.

Thanks,
Maya Chen","Hi Alex,

Our specialist looked into 'Analytics dashboard not loading'. Recommended fix:

Manually trigger affected job and adjust scheduler to avoid recurrence.

Let me know how this lands.

Thanks,
Maya Chen",2026-01-26T09:32:41,Apply the specialist fix or confirm whether the IT team should apply it on the user's behalf.,issue summary|resolution steps|request to confirm outcome,Reply with whether the issue is resolved and include any remaining error details.,Includes customer-safe steps and confirmation request.
MSG-000114,TKT-00100,2026-02-23T23:06:35,IT-006,specialist_solution,"Hi Alex,

Our specialist looked into 'MFA prompt never arrives'. Recommended fix:

Force a refresh of the user's SSO group membership and clear server-side session cache.

Let me know how this lands.

Thanks,
Quinn Quintero","Hi Alex,
Our specialist looked into 'MFA prompt never arrives'. Recommended fix:
Force a refresh of the user's SSO group membership and clear server-side session cache.
Let me know how this lands.
Thanks,
Quinn Quintero",2026-02-23T23:40:16,Apply the specialist fix or confirm whether the IT team should apply it on the user's behalf.,issue summary|resolution steps|request to confirm outcome,Reply with whether the issue is resolved and include any remaining error details.,Message is brief; review tone and specificity before reuse.
MSG-000115,TKT-00101,2026-03-07T23:24:41,IT-002,faq,"Hi Grace,

Thanks for the ticket regarding 'Email calendar sync issue'. We've identified this as a known issue (calendar_invite_double_booking). Please try the following steps:

Disable duplicate calendar source, reconnect single source.

Let me know if this resolves it.

Thanks,
Alex Tanaka","Hi Grace,

Thanks for the ticket regarding 'Email calendar sync issue'. We've identified this as a known issue (calendar_invite_double_booking). Please try the following steps:

Disable duplicate calendar source, reconnect single source.

Let me know if this resolves it.

Thanks,
Alex Tanaka",2026-03-07T23:36:17,Try FAQ steps and provide: Calendar source list.,issue summary|resolution steps|request to confirm outcome,Reply with whether the issue is resolved and include any remaining error details.,Includes customer-safe steps and confirmation request.
MSG-000116,TKT-00102,2026-02-01T08:12:42,IT-005,faq,"Hi Dani,

Thanks for the ticket regarding 'Invoice total looks wrong'. We've identified this as a known issue (invoice_pdf_download_fails). Please try the following steps:

Clear browser cache, retry; if still failing, regenerate PDF from billing admin.

Let me know if this resolves it.

Thanks,
Tomo Holm","Hi Dani,

Thanks for the ticket regarding 'Invoice total looks wrong'. We've identified this as a known issue (invoice_pdf_download_fails). Please try the following steps:

Clear browser cache, retry; if still failing, regenerate PDF from billing admin.

Let me know if this resolves it.

Thanks,
Tomo Holm",2026-02-01T08:33:25,Try FAQ steps and provide: Invoice number and browser.,issue summary|resolution steps|request to confirm outcome,Reply with whether the issue is resolved and include any remaining error details.,Includes customer-safe steps and confirmation request.
MSG-000117,TKT-00102,2026-02-04T10:06:55,IT-005,specialist_solution,"Hi Dani,

Our specialist looked into 'Invoice total looks wrong'. Recommended fix:

Refresh tax engine cache for affected account; reissue invoice with corrected line items.

Let me know how this lands.

Thanks,
Tomo Holm","Hi Dani,

Our specialist looked into 'Invoice total looks wrong'. Recommended fix:

Refresh tax engine cache for affected account; reissue invoice with corrected line items.

Let me know how this lands.

Thanks,
Tomo Holm",2026-02-04T10:20:43,Apply the specialist fix or confirm whether the IT team should apply it on the user's behalf.,rejection acknowledgement|corrected specialist steps|confirmation request,Reply after retrying the corrected steps.,Acknowledges first attempt and explains corrected next step.
MSG-000118,TKT-00103,2026-02-02T20:38:43,IT-005,specialist_solution,"Hi Noor,

Our specialist looked into 'VPN disconnects every few minutes'. Recommended fix:

Apply corrected route table entry and validate user can reach internal hosts.

Let me know how this lands.

Thanks,
Tomo Holm","Hi Noor,

Our specialist looked into 'VPN disconnects every few minutes'. Recommended fix:

Apply corrected route table entry and validate user can reach internal hosts.

Let me know how this lands.

Thanks,
Tomo Holm",2026-02-02T20:42:44,Apply the specialist fix or confirm whether the IT team should apply it on the user's behalf.,issue summary|resolution steps|request to confirm outcome,Reply with whether the issue is resolved and include any remaining error details.,Includes customer-safe steps and confirmation request.
MSG-000119,TKT-00104,2026-02-13T14:02:42,IT-001,specialist_solution,"Hi Jorge,

Our specialist looked into 'Stale numbers in finance dashboard'. Recommended fix:

Manually trigger affected job and adjust scheduler to avoid recurrence.

Let me know how this lands.

Thanks,
Dani Xu","Hi Jorge,

Our specialist looked into 'Stale numbers in finance dashboard'. Recommended fix:

Manually trigger affected job and adjust scheduler to avoid recurrence.

Let me know how this lands.

Thanks,
Dani Xu",2026-02-13T14:16:43,Apply the specialist fix or confirm whether the IT team should apply it on the user's behalf.,issue summary|resolution steps|request to confirm outcome,Reply with whether the issue is resolved and include any remaining error details.,Includes customer-safe steps and confirmation request.
MSG-000120,TKT-00105,2026-03-26T11:47:11,IT-005,faq,"Hi Jorge,

Thanks for the ticket regarding 'Vendor needs limited portal access'. We've identified this as a known issue (suspicious_login_remediation). Please try the following steps:

Force password reset, reseed MFA, review last 30 days of audit log.

Let me know if this resolves it.

Thanks,
Tomo Holm","Hi Jorge,

Thanks for the ticket regarding 'Vendor needs limited portal access'. We've identified this as a known issue (suspicious_login_remediation). Please try the following steps:

Force password reset, reseed MFA, review last 30 days of audit log.

Let me know if this resolves it.

Thanks,
Tomo Holm",2026-03-26T12:21:56,Try FAQ steps and provide: Username and report timestamp.,issue summary|resolution steps|request to confirm outcome,Reply with whether the issue is resolved and include any remaining error details.,Includes customer-safe steps and confirmation request.
MSG-000121,TKT-00106,2026-02-26T19:40:32,IT-004,specialist_solution,"Hi Grace,

Our specialist looked into 'Wrong billing region applied'. Recommended fix:

Refresh tax engine cache for affected account; reissue invoice with corrected line items.

Let me know how this lands.

Thanks,
Noor Xu","Hi Grace,
Our specialist looked into 'Wrong billing region applied'. Recommended fix:
Refresh tax engine cache for affected account; reissue invoice with corrected line items.
Let me know how this lands.
Thanks,
Noor Xu",2026-02-26T19:58:58,Apply the specialist fix or confirm whether the IT team should apply it on the user's behalf.,issue summary|resolution steps|request to confirm outcome,Reply with whether the issue is resolved and include any remaining error details.,Message is brief; review tone and specificity before reuse.
MSG-000122,TKT-00106,2026-02-28T08:18:19,IT-004,specialist_solution,"Hi Grace,

Our specialist looked into 'Wrong billing region applied'. Recommended fix:

Refresh tax engine cache for affected account; reissue invoice with corrected line items.

Let me know how this lands.

Thanks,
Noor Xu","Hi Grace,
Our specialist looked into 'Wrong billing region applied'. Recommended fix:
Refresh tax engine cache for affected account; reissue invoice with corrected line items.
Let me know how this lands.
Thanks,
Noor Xu",2026-02-28T09:02:11,Apply the specialist fix or confirm whether the IT team should apply it on the user's behalf.,rejection acknowledgement|corrected specialist steps|confirmation request,Reply after retrying the corrected steps.,Acknowledges first attempt and explains corrected next step.
MSG-000123,TKT-00107,2026-03-30T22:53:05,IT-004,specialist_solution,"Hi Quinn,

Our specialist looked into 'MFA prompt never arrives'. Recommended fix:

Force a refresh of the user's SSO group membership and clear server-side session cache.

Let me know how this lands.

Thanks,
Noor Xu","Hi Quinn,
Our specialist looked into 'MFA prompt never arrives'. Recommended fix:
Force a refresh of the user's SSO group membership and clear server-side session cache.
Let me know how this lands.
Thanks,
Noor Xu",2026-03-30T23:04:09,Apply the specialist fix or confirm whether the IT team should apply it on the user's behalf.,issue summary|resolution steps|request to confirm outcome,Reply with whether the issue is resolved and include any remaining error details.,Message is brief; review tone and specificity before reuse.
MSG-000124,TKT-00107,2026-03-31T18:11:39,IT-004,specialist_solution,"Hi Quinn,

Our specialist looked into 'MFA prompt never arrives'. Recommended fix:

Force a refresh of the user's SSO group membership and clear server-side session cache.

Let me know how this lands.

Thanks,
Noor Xu","Hi Quinn,
Our specialist looked into 'MFA prompt never arrives'. Recommended fix:
Force a refresh of the user's SSO group membership and clear server-side session cache.
Let me know how this lands.
Thanks,
Noor Xu",2026-03-31T18:42:02,Apply the specialist fix or confirm whether the IT team should apply it on the user's behalf.,rejection acknowledgement|corrected specialist steps|confirmation request,Reply after retrying the corrected steps.,Acknowledges first attempt and explains corrected next step.
MSG-000125,TKT-00108,2026-03-23T15:38:25,IT-003,faq,"Hi Jorge,

Thanks for the ticket regarding 'Shared mailbox missing'. We've identified this as a known issue (shared_mailbox_missing). Please try the following steps:

Re-grant mailbox permission, ask user to restart mail client.

Let me know if this resolves it.

Thanks,
Vera Liang","Hi Jorge,
thanks for reaching out regarding 'Shared mailbox missing'. We've identified this as a known issue (shared_mailbox_missing). Please try the following steps:
Re-grant mailbox permission, ask user to restart mail client.
Let me know if this resolves it.
Thanks,
Vera Liang",2026-03-23T15:47:42,Try FAQ steps and provide: Mailbox name.,issue summary|resolution steps|request to confirm outcome,Reply with whether the issue is resolved and include any remaining error details.,Message is brief; review tone and specificity before reuse.
MSG-000126,TKT-00109,2026-01-26T01:00:05,IT-006,faq,"Hi Grace,

Thanks for the ticket regarding 'Account locked after travel'. We've identified this as a known issue (session_token_expired). Please try the following steps:

Ask user to fully sign out, clear browser storage for portal, sign in again.

Let me know if this resolves it.

Thanks,
Quinn Quintero","Hi Grace,
thanks for reaching out regarding 'Account locked after travel'. We've identified this as a known issue (session_token_expired). Please try the following steps:
Ask user to fully sign out, clear browser storage for portal, sign in again.
Let me know if this resolves it.
Thanks,
Quinn Quintero",2026-01-26T01:18:10,Try FAQ steps and provide: Browser and OS version.,issue summary|resolution steps|request to confirm outcome,Reply with whether the issue is resolved and include any remaining error details.,Message is brief; review tone and specificity before reuse.
MSG-000127,TKT-00110,2026-01-21T19:51:19,IT-002,specialist_solution,"Hi Wren,

Our specialist looked into 'CRM export missing records'. Recommended fix:

Manually trigger affected job and adjust scheduler to avoid recurrence.

Let me know how this lands.

Thanks,
Alex Tanaka","Hi Wren,

Our specialist looked into 'CRM export missing records'. Recommended fix:

Manually trigger affected job and adjust scheduler to avoid recurrence.

Let me know how this lands.

Thanks,
Alex Tanaka",2026-01-21T20:19:08,Apply the specialist fix or confirm whether the IT team should apply it on the user's behalf.,issue summary|resolution steps|request to confirm outcome,Reply with whether the issue is resolved and include any remaining error details.,Includes customer-safe steps and confirmation request.
MSG-000128,TKT-00111,2026-01-18T06:11:48,IT-008,faq,"Hi Grace,

Thanks for the ticket regarding 'Cannot log into customer portal'. We've identified this as a known issue (mfa_code_not_received). Please try the following steps:

Reseed MFA app via self-service portal; if SMS, ask user to update phone number.

Let me know if this resolves it.

Thanks,
Maya Chen","Hi Grace,

Thanks for the ticket regarding 'Cannot log into customer portal'. We've identified this as a known issue (mfa_code_not_received). Please try the following steps:

Reseed MFA app via self-service portal; if SMS, ask user to update phone number.

Let me know if this resolves it.

Thanks,
Maya Chen",2026-01-18T06:54:11,"Try FAQ steps and provide: Username, MFA method on file.",issue summary|resolution steps|request to confirm outcome,Reply with whether the issue is resolved and include any remaining error details.,Includes customer-safe steps and confirmation request.
MSG-000129,TKT-00111,2026-01-21T00:50:52,IT-008,specialist_solution,"Hi Grace,

Our specialist looked into 'Cannot log into customer portal'. Recommended fix:

Force a refresh of the user's SSO group membership and clear server-side session cache.

Let me know how this lands.

Thanks,
Maya Chen","Hi Grace,

Our specialist looked into 'Cannot log into customer portal'. Recommended fix:

Force a refresh of the user's SSO group membership and clear server-side session cache.

Let me know how this lands.

Thanks,
Maya Chen",2026-01-21T01:07:15,Apply the specialist fix or confirm whether the IT team should apply it on the user's behalf.,rejection acknowledgement|corrected specialist steps|confirmation request,Reply after retrying the corrected steps.,Acknowledges first attempt and explains corrected next step.
MSG-000130,TKT-00112,2026-04-01T19:09:19,IT-008,specialist_solution,"Hi Grace,

Our specialist looked into 'Need help with a workflow'. Recommended fix:

Coordinate with requested team and provide tailored next steps.

Let me know how this lands.

Thanks,
Maya Chen","Hi Grace,

Our specialist looked into 'Need help with a workflow'. Recommended fix:

Coordinate with requested team and provide tailored next steps.

Let me know how this lands.

Thanks,
Maya Chen",2026-04-01T19:27:34,Apply the specialist fix or confirm whether the IT team should apply it on the user's behalf.,issue summary|resolution steps|request to confirm outcome,Reply with whether the issue is resolved and include any remaining error details.,Includes customer-safe steps and confirmation request.
MSG-000131,TKT-00113,2026-03-01T15:43:32,IT-003,specialist_solution,"Hi Tomo,

Our specialist looked into 'Need access for new employee'. Recommended fix:

Open access review, obtain manager and security approval, grant scoped role.

Let me know how this lands.

Thanks,
Vera Liang","Hi Tomo,
Our specialist looked into 'Need access for new employee'. Recommended fix:
Open access review, obtain manager and security approval, grant scoped role.
Let me know how this lands.
Thanks,
Vera Liang",2026-03-01T16:24:47,Apply the specialist fix or confirm whether the IT team should apply it on the user's behalf.,issue summary|resolution steps|request to confirm outcome,Reply with whether the issue is resolved and include any remaining error details.,Message is brief; review tone and specificity before reuse.
MSG-000132,TKT-00114,2026-01-24T03:45:48,IT-003,specialist_solution,"Hi Grace,

Our specialist looked into 'Wi-Fi drops in conference room'. Recommended fix:

Apply corrected route table entry and validate user can reach internal hosts.

Let me know how this lands.

Thanks,
Vera Liang","Hi Grace,
Our specialist looked into 'Wi-Fi drops in conference room'. Recommended fix:
Apply corrected route table entry and validate user can reach internal hosts.
Let me know how this lands.
Thanks,
Vera Liang",2026-01-24T03:50:22,Apply the specialist fix or confirm whether the IT team should apply it on the user's behalf.,issue summary|resolution steps|request to confirm outcome,Reply with whether the issue is resolved and include any remaining error details.,Message is brief; review tone and specificity before reuse.
MSG-000133,TKT-00115,2026-02-11T01:00:32,IT-008,specialist_solution,"Hi Erin,

Our specialist looked into 'Need access for new employee'. Recommended fix:

Open access review, obtain manager and security approval, grant scoped role.

Let me know how this lands.

Thanks,
Maya Chen","Hi Erin,

Our specialist looked into 'Need access for new employee'. Recommended fix:

Open access review, obtain manager and security approval, grant scoped role.

Let me know how this lands.

Thanks,
Maya Chen",2026-02-11T01:28:17,Apply the specialist fix or confirm whether the IT team should apply it on the user's behalf.,issue summary|resolution steps|request to confirm outcome,Reply with whether the issue is resolved and include any remaining error details.,Includes customer-safe steps and confirmation request.
MSG-000134,TKT-00116,2026-03-17T02:09:01,IT-008,faq,"Hi Wren,

Thanks for the ticket regarding 'Printer offline error'. We've identified this as a known issue (stale_cache_after_release). Please try the following steps:

Hard refresh, clear cache, log back in.

Let me know if this resolves it.

Thanks,
Maya Chen","Hi Wren,

Thanks for the ticket regarding 'Printer offline error'. We've identified this as a known issue (stale_cache_after_release). Please try the following steps:

Hard refresh, clear cache, log back in.

Let me know if this resolves it.

Thanks,
Maya Chen",2026-03-17T02:35:24,Try FAQ steps and provide: Browser version and screenshot.,issue summary|resolution steps|request to confirm outcome,Reply with whether the issue is resolved and include any remaining error details.,Includes customer-safe steps and confirmation request.
MSG-000135,TKT-00117,2026-02-01T11:48:40,IT-004,specialist_solution,"Hi Maya,

Our specialist looked into 'Account locked after travel'. Recommended fix:

Force a refresh of the user's SSO group membership and clear server-side session cache.

Let me know how this lands.

Thanks,
Noor Xu","Hi Maya,
Our specialist looked into 'Account locked after travel'. Recommended fix:
Force a refresh of the user's SSO group membership and clear server-side session cache.
Let me know how this lands.
Thanks,
Noor Xu",2026-02-01T11:58:48,Apply the specialist fix or confirm whether the IT team should apply it on the user's behalf.,issue summary|resolution steps|request to confirm outcome,Reply with whether the issue is resolved and include any remaining error details.,Message is brief; review tone and specificity before reuse.
MSG-000136,TKT-00118,2026-02-23T03:21:03,IT-008,specialist_solution,"Hi Theo,

Our specialist looked into 'Stale numbers in finance dashboard'. Recommended fix:

Manually trigger affected job and adjust scheduler to avoid recurrence.

Let me know how this lands.

Thanks,
Maya Chen","Hi Theo,

Our specialist looked into 'Stale numbers in finance dashboard'. Recommended fix:

Manually trigger affected job and adjust scheduler to avoid recurrence.

Let me know how this lands.

Thanks,
Maya Chen",2026-02-23T03:59:29,Apply the specialist fix or confirm whether the IT team should apply it on the user's behalf.,issue summary|resolution steps|request to confirm outcome,Reply with whether the issue is resolved and include any remaining error details.,Includes customer-safe steps and confirmation request.
MSG-000137,TKT-00118,2026-02-26T13:08:28,IT-008,specialist_solution,"Hi Theo,

Our specialist looked into 'Stale numbers in finance dashboard'. Recommended fix:

Manually trigger affected job and adjust scheduler to avoid recurrence.

Let me know how this lands.

Thanks,
Maya Chen","Hi Theo,

Our specialist looked into 'Stale numbers in finance dashboard'. Recommended fix:

Manually trigger affected job and adjust scheduler to avoid recurrence.

Let me know how this lands.

Thanks,
Maya Chen",2026-02-26T13:28:14,Apply the specialist fix or confirm whether the IT team should apply it on the user's behalf.,rejection acknowledgement|corrected specialist steps|confirmation request,Reply after retrying the corrected steps.,Acknowledges first attempt and explains corrected next step.
MSG-000138,TKT-00119,2026-03-06T08:14:47,IT-002,specialist_solution,"Hi Alex,

Our specialist looked into 'Shared mailbox missing'. Recommended fix:

Revoke and reissue OAuth token; ask user to reauthorize on device.

Let me know how this lands.

Thanks,
Alex Tanaka","Hi Alex,

Our specialist looked into 'Shared mailbox missing'. Recommended fix:

Revoke and reissue OAuth token; ask user to reauthorize on device.

Let me know how this lands.

Thanks,
Alex Tanaka",2026-03-06T08:42:48,Apply the specialist fix or confirm whether the IT team should apply it on the user's behalf.,issue summary|resolution steps|request to confirm outcome,Reply with whether the issue is resolved and include any remaining error details.,Includes customer-safe steps and confirmation request.
MSG-000139,TKT-00120,2026-03-10T06:57:06,IT-005,faq,"Hi Alex,

Thanks for the ticket regarding 'Shared mailbox missing'. We've identified this as a known issue (shared_mailbox_missing). Please try the following steps:

Re-grant mailbox permission, ask user to restart mail client.

Let me know if this resolves it.

Thanks,
Tomo Holm","Hi Alex,

Thanks for the ticket regarding 'Shared mailbox missing'. We've identified this as a known issue (shared_mailbox_missing). Please try the following steps:

Re-grant mailbox permission, ask user to restart mail client.

Let me know if this resolves it.

Thanks,
Tomo Holm",2026-03-10T07:13:49,Try FAQ steps and provide: Mailbox name.,issue summary|resolution steps|request to confirm outcome,Reply with whether the issue is resolved and include any remaining error details.,Includes customer-safe steps and confirmation request.
MSG-000140,TKT-00121,2026-01-18T20:01:09,IT-001,specialist_solution,"Hi Imani,

Our specialist looked into 'Wi-Fi drops in conference room'. Recommended fix:

Apply corrected route table entry and validate user can reach internal hosts.

Let me know how this lands.

Thanks,
Dani Xu","Hi Imani,

Our specialist looked into 'Wi-Fi drops in conference room'. Recommended fix:

Apply corrected route table entry and validate user can reach internal hosts.

Let me know how this lands.

Thanks,
Dani Xu",2026-01-18T20:27:28,Apply the specialist fix or confirm whether the IT team should apply it on the user's behalf.,issue summary|resolution steps|request to confirm outcome,Reply with whether the issue is resolved and include any remaining error details.,Includes customer-safe steps and confirmation request.
MSG-000141,TKT-00122,2026-02-09T23:02:34,IT-007,faq,"Hi Grace,

Thanks for the ticket regarding 'Cannot log into customer portal'. We've identified this as a known issue (browser_redirect_loop_on_sso). Please try the following steps:

Clear cookies for portal domain, retry sign-in in private window, verify SSO cert is current.

Let me know if this resolves it.

Thanks,
Zane Underwood","Hi Grace,

Thanks for the ticket regarding 'Cannot log into customer portal'. We've identified this as a known issue (browser_redirect_loop_on_sso). Please try the following steps:

Clear cookies for portal domain, retry sign-in in private window, verify SSO cert is current.

Let me know if this resolves it.

Thanks,
Zane Underwood",2026-02-09T23:41:02,"Try FAQ steps and provide: Browser, OS, screenshot if possible.",issue summary|resolution steps|request to confirm outcome,Reply with whether the issue is resolved and include any remaining error details.,Includes customer-safe steps and confirmation request.
MSG-000142,TKT-00123,2026-03-21T06:34:28,IT-004,faq,"Hi Tomo,

Thanks for the ticket regarding 'Shared mailbox missing'. We've identified this as a known issue (calendar_invite_double_booking). Please try the following steps:

Disable duplicate calendar source, reconnect single source.

Let me know if this resolves it.

Thanks,
Noor Xu","Hi Tomo,
thanks for reaching out regarding 'Shared mailbox missing'. We've identified this as a known issue (calendar_invite_double_booking). Please try the following steps:
Disable duplicate calendar source, reconnect single source.
Let me know if this resolves it.
Thanks,
Noor Xu",2026-03-21T07:12:37,Try FAQ steps and provide: Calendar source list.,issue summary|resolution steps|request to confirm outcome,Reply with whether the issue is resolved and include any remaining error details.,Message is brief; review tone and specificity before reuse.
MSG-000143,TKT-00123,2026-03-23T08:03:43,IT-004,specialist_solution,"Hi Tomo,

Our specialist looked into 'Shared mailbox missing'. Recommended fix:

Revoke and reissue OAuth token; ask user to reauthorize on device.

Let me know how this lands.

Thanks,
Noor Xu","Hi Tomo,
Our specialist looked into 'Shared mailbox missing'. Recommended fix:
Revoke and reissue OAuth token; ask user to reauthorize on device.
Let me know how this lands.
Thanks,
Noor Xu",2026-03-23T08:23:30,Apply the specialist fix or confirm whether the IT team should apply it on the user's behalf.,rejection acknowledgement|corrected specialist steps|confirmation request,Reply after retrying the corrected steps.,Acknowledges first attempt and explains corrected next step.
MSG-000144,TKT-00124,2026-03-15T09:49:25,IT-002,specialist_solution,"Hi Olu,

Our specialist looked into 'High latency to internal apps'. Recommended fix:

Apply corrected route table entry and validate user can reach internal hosts.

Let me know how this lands.

Thanks,
Alex Tanaka","Hi Olu,

Our specialist looked into 'High latency to internal apps'. Recommended fix:

Apply corrected route table entry and validate user can reach internal hosts.

Let me know how this lands.

Thanks,
Alex Tanaka",2026-03-15T10:02:59,Apply the specialist fix or confirm whether the IT team should apply it on the user's behalf.,issue summary|resolution steps|request to confirm outcome,Reply with whether the issue is resolved and include any remaining error details.,Includes customer-safe steps and confirmation request.
MSG-000145,TKT-00125,2026-02-08T20:10:38,IT-005,faq,"Hi Hassan,

Thanks for the ticket regarding 'Need password reset'. We've identified this as a known issue (manager_approval_for_privileged_account). Please try the following steps:

Request manager email approval, reset with elevated workflow.

Let me know if this resolves it.

Thanks,
Tomo Holm","Hi Hassan,

Thanks for the ticket regarding 'Need password reset'. We've identified this as a known issue (manager_approval_for_privileged_account). Please try the following steps:

Request manager email approval, reset with elevated workflow.

Let me know if this resolves it.

Thanks,
Tomo Holm",2026-02-08T20:14:59,Try FAQ steps and provide: Account name and manager email.,issue summary|resolution steps|request to confirm outcome,Reply with whether the issue is resolved and include any remaining error details.,Includes customer-safe steps and confirmation request.
MSG-000146,TKT-00126,2026-01-29T17:04:12,IT-006,specialist_solution,"Hi Vera,

Our specialist looked into 'Wrong billing region applied'. Recommended fix:

Refresh tax engine cache for affected account; reissue invoice with corrected line items.

Let me know how this lands.

Thanks,
Quinn Quintero","Hi Vera,
Our specialist looked into 'Wrong billing region applied'. Recommended fix:
Refresh tax engine cache for affected account; reissue invoice with corrected line items.
Let me know how this lands.
Thanks,
Quinn Quintero",2026-01-29T17:29:35,Apply the specialist fix or confirm whether the IT team should apply it on the user's behalf.,issue summary|resolution steps|request to confirm outcome,Reply with whether the issue is resolved and include any remaining error details.,Message is brief; review tone and specificity before reuse.
MSG-000147,TKT-00127,2026-02-12T19:12:42,IT-002,specialist_solution,"Hi Erin,

Our specialist looked into 'Stuck in SSO redirect loop'. Recommended fix:

Force a refresh of the user's SSO group membership and clear server-side session cache.

Let me know how this lands.

Thanks,
Alex Tanaka","Hi Erin,

Our specialist looked into 'Stuck in SSO redirect loop'. Recommended fix:

Force a refresh of the user's SSO group membership and clear server-side session cache.

Let me know how this lands.

Thanks,
Alex Tanaka",2026-02-12T19:39:29,Apply the specialist fix or confirm whether the IT team should apply it on the user's behalf.,issue summary|resolution steps|request to confirm outcome,Reply with whether the issue is resolved and include any remaining error details.,Includes customer-safe steps and confirmation request.
MSG-000148,TKT-00128,2026-02-18T12:10:56,IT-001,faq,"Hi Marta,

Thanks for the ticket regarding 'MFA prompt never arrives'. We've identified this as a known issue (account_locked_after_failed_attempts). Please try the following steps:

Use admin console to unlock account, ask user to wait 5 minutes, retry sign-in.

Let me know if this resolves it.

Thanks,
Dani Xu","Hi Marta,

Thanks for the ticket regarding 'MFA prompt never arrives'. We've identified this as a known issue (account_locked_after_failed_attempts). Please try the following steps:

Use admin console to unlock account, ask user to wait 5 minutes, retry sign-in.

Let me know if this resolves it.

Thanks,
Dani Xu",2026-02-18T12:48:44,Try FAQ steps and provide: Username and approximate time of lockout.,issue summary|resolution steps|request to confirm outcome,Reply with whether the issue is resolved and include any remaining error details.,Includes customer-safe steps and confirmation request.
MSG-000149,TKT-00129,2026-02-05T07:52:16,IT-002,faq,"Hi Quinn,

Thanks for the ticket regarding 'Analytics dashboard not loading'. We've identified this as a known issue (browser_blocking_analytics_assets). Please try the following steps:

Whitelist analytics domain in browser, reload page.

Let me know if this resolves it.

Thanks,
Alex Tanaka","Hi Quinn,

Thanks for the ticket regarding 'Analytics dashboard not loading'. We've identified this as a known issue (browser_blocking_analytics_assets). Please try the following steps:

Whitelist analytics domain in browser, reload page.

Let me know if this resolves it.

Thanks,
Alex Tanaka",2026-02-05T08:08:51,Try FAQ steps and provide: Browser and any extensions enabled.,issue summary|resolution steps|request to confirm outcome,Reply with whether the issue is resolved and include any remaining error details.,Includes customer-safe steps and confirmation request.
MSG-000150,TKT-00130,2026-02-19T10:11:38,IT-003,faq,"Hi Ravi,

Thanks for the ticket regarding 'Cannot log into customer portal'. We've identified this as a known issue (session_token_expired). Please try the following steps:

Ask user to fully sign out, clear browser storage for portal, sign in again.

Let me know if this resolves it.

Thanks,
Vera Liang","Hi Ravi,
thanks for reaching out regarding 'Cannot log into customer portal'. We've identified this as a known issue (session_token_expired). Please try the following steps:
Ask user to fully sign out, clear browser storage for portal, sign in again.
Let me know if this resolves it.
Thanks,
Vera Liang",2026-02-19T10:44:33,Try FAQ steps and provide: Browser and OS version.,issue summary|resolution steps|request to confirm outcome,Reply with whether the issue is resolved and include any remaining error details.,Message is brief; review tone and specificity before reuse.
MSG-000151,TKT-00130,2026-02-20T22:30:01,IT-003,specialist_solution,"Hi Ravi,

Our specialist looked into 'Cannot log into customer portal'. Recommended fix:

Force a refresh of the user's SSO group membership and clear server-side session cache.

Let me know how this lands.

Thanks,
Vera Liang","Hi Ravi,
Our specialist looked into 'Cannot log into customer portal'. Recommended fix:
Force a refresh of the user's SSO group membership and clear server-side session cache.
Let me know how this lands.
Thanks,
Vera Liang",2026-02-20T22:48:28,Apply the specialist fix or confirm whether the IT team should apply it on the user's behalf.,rejection acknowledgement|corrected specialist steps|confirmation request,Reply after retrying the corrected steps.,Acknowledges first attempt and explains corrected next step.
MSG-000152,TKT-00131,2026-03-27T15:10:02,IT-001,faq,"Hi Olu,

Thanks for the ticket regarding 'Wrong billing region applied'. We've identified this as a known issue (invoice_email_not_received). Please try the following steps:

Verify recipient in billing settings, resend from admin, check spam folder note.

Let me know if this resolves it.

Thanks,
Dani Xu","Hi Olu,

Thanks for the ticket regarding 'Wrong billing region applied'. We've identified this as a known issue (invoice_email_not_received). Please try the following steps:

Verify recipient in billing settings, resend from admin, check spam folder note.

Let me know if this resolves it.

Thanks,
Dani Xu",2026-03-27T15:38:30,Try FAQ steps and provide: Recipient email and invoice number.,issue summary|resolution steps|request to confirm outcome,Reply with whether the issue is resolved and include any remaining error details.,Includes customer-safe steps and confirmation request.
MSG-000153,TKT-00132,2026-03-21T21:35:51,IT-003,faq,"Hi Kai,

Thanks for the ticket regarding 'MFA prompt never arrives'. We've identified this as a known issue (session_token_expired). Please try the following steps:

Ask user to fully sign out, clear browser storage for portal, sign in again.

Let me know if this resolves it.

Thanks,
Vera Liang","Hi Kai,
thanks for reaching out regarding 'MFA prompt never arrives'. We've identified this as a known issue (session_token_expired). Please try the following steps:
Ask user to fully sign out, clear browser storage for portal, sign in again.
Let me know if this resolves it.
Thanks,
Vera Liang",2026-03-21T22:13:27,Try FAQ steps and provide: Browser and OS version.,issue summary|resolution steps|request to confirm outcome,Reply with whether the issue is resolved and include any remaining error details.,Message is brief; review tone and specificity before reuse.
MSG-000154,TKT-00133,2026-01-28T04:57:22,IT-005,faq,"Hi Imani,

Thanks for the ticket regarding 'Service account password expired'. We've identified this as a known issue (reset_link_expired). Please try the following steps:

Generate a fresh reset link with a 24-hour TTL and resend.

Let me know if this resolves it.

Thanks,
Tomo Holm","Hi Imani,

Thanks for the ticket regarding 'Service account password expired'. We've identified this as a known issue (reset_link_expired). Please try the following steps:

Generate a fresh reset link with a 24-hour TTL and resend.

Let me know if this resolves it.

Thanks,
Tomo Holm",2026-01-28T05:28:18,Try FAQ steps and provide: Username.,issue summary|resolution steps|request to confirm outcome,Reply with whether the issue is resolved and include any remaining error details.,Includes customer-safe steps and confirmation request.
MSG-000155,TKT-00134,2026-02-06T02:30:52,IT-008,specialist_solution,"Hi Yuki,

Our specialist looked into 'General question about software list'. Recommended fix:

Coordinate with requested team and provide tailored next steps.

Let me know how this lands.

Thanks,
Maya Chen","Hi Yuki,

Our specialist looked into 'General question about software list'. Recommended fix:

Coordinate with requested team and provide tailored next steps.

Let me know how this lands.

Thanks,
Maya Chen",2026-02-06T02:48:35,Apply the specialist fix or confirm whether the IT team should apply it on the user's behalf.,issue summary|resolution steps|request to confirm outcome,Reply with whether the issue is resolved and include any remaining error details.,Includes customer-safe steps and confirmation request.
MSG-000156,TKT-00135,2026-03-10T03:59:25,IT-007,faq,"Hi Theo,

Thanks for the ticket regarding 'High latency to internal apps'. We've identified this as a known issue (dns_resolver_lag). Please try the following steps:

Switch DNS resolver, flush local cache, retry.

Let me know if this resolves it.

Thanks,
Zane Underwood","Hi Theo,

Thanks for the ticket regarding 'High latency to internal apps'. We've identified this as a known issue (dns_resolver_lag). Please try the following steps:

Switch DNS resolver, flush local cache, retry.

Let me know if this resolves it.

Thanks,
Zane Underwood",2026-03-10T04:38:22,Try FAQ steps and provide: Region.,issue summary|resolution steps|request to confirm outcome,Reply with whether the issue is resolved and include any remaining error details.,Includes customer-safe steps and confirmation request.
MSG-000157,TKT-00136,2026-01-24T11:30:29,IT-003,faq,"Hi Yuki,

Thanks for the ticket regarding 'Need password reset'. We've identified this as a known issue (policy_block_on_complexity). Please try the following steps:

Share password rules; suggest passphrase; confirm reset succeeds.

Let me know if this resolves it.

Thanks,
Vera Liang","Hi Yuki,
thanks for reaching out regarding 'Need password reset'. We've identified this as a known issue (policy_block_on_complexity). Please try the following steps:
Share password rules; suggest passphrase; confirm reset succeeds.
Let me know if this resolves it.
Thanks,
Vera Liang",2026-01-24T12:09:23,Try FAQ steps and provide: Username.,issue summary|resolution steps|request to confirm outcome,Reply with whether the issue is resolved and include any remaining error details.,Message is brief; review tone and specificity before reuse.
MSG-000158,TKT-00137,2026-01-25T23:23:39,IT-007,specialist_solution,"Hi Ravi,

Our specialist looked into 'Analytics dashboard not loading'. Recommended fix:

Manually trigger affected job and adjust scheduler to avoid recurrence.

Let me know how this lands.

Thanks,
Zane Underwood","Hi Ravi,

Our specialist looked into 'Analytics dashboard not loading'. Recommended fix:

Manually trigger affected job and adjust scheduler to avoid recurrence.

Let me know how this lands.

Thanks,
Zane Underwood",2026-01-25T23:33:50,Apply the specialist fix or confirm whether the IT team should apply it on the user's behalf.,issue summary|resolution steps|request to confirm outcome,Reply with whether the issue is resolved and include any remaining error details.,Includes customer-safe steps and confirmation request.
MSG-000159,TKT-00138,2026-01-20T22:16:20,IT-007,specialist_solution,"Hi Noor,

Our specialist looked into 'Cannot log into customer portal'. Recommended fix:

Force a refresh of the user's SSO group membership and clear server-side session cache.

Let me know how this lands.

Thanks,
Zane Underwood","Hi Noor,

Our specialist looked into 'Cannot log into customer portal'. Recommended fix:

Force a refresh of the user's SSO group membership and clear server-side session cache.

Let me know how this lands.

Thanks,
Zane Underwood",2026-01-20T22:50:21,Apply the specialist fix or confirm whether the IT team should apply it on the user's behalf.,issue summary|resolution steps|request to confirm outcome,Reply with whether the issue is resolved and include any remaining error details.,Includes customer-safe steps and confirmation request.
MSG-000160,TKT-00139,2026-01-23T19:16:58,IT-004,specialist_solution,"Hi Ravi,

Our specialist looked into 'Need help with a workflow'. Recommended fix:

Coordinate with requested team and provide tailored next steps.

Let me know how this lands.

Thanks,
Noor Xu","Hi Ravi,
Our specialist looked into 'Need help with a workflow'. Recommended fix:
Coordinate with requested team and provide tailored next steps.
Let me know how this lands.
Thanks,
Noor Xu",2026-01-23T19:54:21,Apply the specialist fix or confirm whether the IT team should apply it on the user's behalf.,issue summary|resolution steps|request to confirm outcome,Reply with whether the issue is resolved and include any remaining error details.,Message is brief; review tone and specificity before reuse.
MSG-000161,TKT-00140,2026-02-25T03:13:12,IT-008,specialist_solution,"Hi Maya,

Our specialist looked into 'Stuck in SSO redirect loop'. Recommended fix:

Force a refresh of the user's SSO group membership and clear server-side session cache.

Let me know how this lands.

Thanks,
Maya Chen","Hi Maya,

Our specialist looked into 'Stuck in SSO redirect loop'. Recommended fix:

Force a refresh of the user's SSO group membership and clear server-side session cache.

Let me know how this lands.

Thanks,
Maya Chen",2026-02-25T03:52:30,Apply the specialist fix or confirm whether the IT team should apply it on the user's behalf.,issue summary|resolution steps|request to confirm outcome,Reply with whether the issue is resolved and include any remaining error details.,Includes customer-safe steps and confirmation request.
MSG-000162,TKT-00141,2026-01-26T06:47:24,IT-007,faq,"Hi Chen,

Thanks for the ticket regarding 'Need password reset'. We've identified this as a known issue (self_service_reset_failed). Please try the following steps:

Verify on-file email, resend reset link via admin console, expire any prior tokens.

Let me know if this resolves it.

Thanks,
Zane Underwood","Hi Chen,

Thanks for the ticket regarding 'Need password reset'. We've identified this as a known issue (self_service_reset_failed). Please try the following steps:

Verify on-file email, resend reset link via admin console, expire any prior tokens.

Let me know if this resolves it.

Thanks,
Zane Underwood",2026-01-26T06:57:57,"Try FAQ steps and provide: Username, on-file email.",issue summary|resolution steps|request to confirm outcome,Reply with whether the issue is resolved and include any remaining error details.,Includes customer-safe steps and confirmation request.
MSG-000163,TKT-00141,2026-01-27T22:23:08,IT-007,specialist_solution,"Hi Chen,

Our specialist looked into 'Need password reset'. Recommended fix:

Run elevated reset workflow with ticket-approval token; confirm sign-in.

Let me know how this lands.

Thanks,
Zane Underwood","Hi Chen,

Our specialist looked into 'Need password reset'. Recommended fix:

Run elevated reset workflow with ticket-approval token; confirm sign-in.

Let me know how this lands.

Thanks,
Zane Underwood",2026-01-27T22:34:47,Apply the specialist fix or confirm whether the IT team should apply it on the user's behalf.,rejection acknowledgement|corrected specialist steps|confirmation request,Reply after retrying the corrected steps.,Acknowledges first attempt and explains corrected next step.
MSG-000164,TKT-00142,2026-02-20T08:16:43,IT-005,faq,"Hi Xavi,

Thanks for the ticket regarding 'Wireless mouse not working'. We've identified this as a known issue (wireless_mouse_battery). Please try the following steps:

Replace AA batteries, re-pair via Bluetooth, confirm tracking.

Let me know if this resolves it.

Thanks,
Tomo Holm","Hi Xavi,

Thanks for the ticket regarding 'Wireless mouse not working'. We've identified this as a known issue (wireless_mouse_battery). Please try the following steps:

Replace AA batteries, re-pair via Bluetooth, confirm tracking.

Let me know if this resolves it.

Thanks,
Tomo Holm",2026-02-20T08:37:50,Try FAQ steps and provide: Mouse model.,issue summary|resolution steps|request to confirm outcome,Reply with whether the issue is resolved and include any remaining error details.,Includes customer-safe steps and confirmation request.
MSG-000165,TKT-00143,2026-03-28T18:45:25,IT-005,faq,"Hi Kai,

Thanks for the ticket regarding 'MFA prompt never arrives'. We've identified this as a known issue (browser_redirect_loop_on_sso). Please try the following steps:

Clear cookies for portal domain, retry sign-in in private window, verify SSO cert is current.

Let me know if this resolves it.

Thanks,
Tomo Holm","Hi Kai,

Thanks for the ticket regarding 'MFA prompt never arrives'. We've identified this as a known issue (browser_redirect_loop_on_sso). Please try the following steps:

Clear cookies for portal domain, retry sign-in in private window, verify SSO cert is current.

Let me know if this resolves it.

Thanks,
Tomo Holm",2026-03-28T19:11:54,"Try FAQ steps and provide: Browser, OS, screenshot if possible.",issue summary|resolution steps|request to confirm outcome,Reply with whether the issue is resolved and include any remaining error details.,Includes customer-safe steps and confirmation request.
MSG-000166,TKT-00144,2026-01-20T12:28:42,IT-004,specialist_solution,"Hi Jorge,

Our specialist looked into 'Stale numbers in finance dashboard'. Recommended fix:

Manually trigger affected job and adjust scheduler to avoid recurrence.

Let me know how this lands.

Thanks,
Noor Xu","Hi Jorge,
Our specialist looked into 'Stale numbers in finance dashboard'. Recommended fix:
Manually trigger affected job and adjust scheduler to avoid recurrence.
Let me know how this lands.
Thanks,
Noor Xu",2026-01-20T13:04:20,Apply the specialist fix or confirm whether the IT team should apply it on the user's behalf.,issue summary|resolution steps|request to confirm outcome,Reply with whether the issue is resolved and include any remaining error details.,Message is brief; review tone and specificity before reuse.
MSG-000167,TKT-00145,2026-02-09T07:22:04,IT-007,faq,"Hi Dani,

Thanks for the ticket regarding 'Service account password expired'. We've identified this as a known issue (service_account_password_expired). Please try the following steps:

Rotate service account password, update secret in CI/CD, restart job.

Let me know if this resolves it.

Thanks,
Zane Underwood","Hi Dani,

Thanks for the ticket regarding 'Service account password expired'. We've identified this as a known issue (service_account_password_expired). Please try the following steps:

Rotate service account password, update secret in CI/CD, restart job.

Let me know if this resolves it.

Thanks,
Zane Underwood",2026-02-09T07:27:04,Try FAQ steps and provide: Service account name.,issue summary|resolution steps|request to confirm outcome,Reply with whether the issue is resolved and include any remaining error details.,Includes customer-safe steps and confirmation request.
MSG-000168,TKT-00146,2026-03-13T14:14:01,IT-001,specialist_solution,"Hi Dani,

Our specialist looked into 'CRM export missing records'. Recommended fix:

Manually trigger affected job and adjust scheduler to avoid recurrence.

Let me know how this lands.

Thanks,
Dani Xu","Hi Dani,

Our specialist looked into 'CRM export missing records'. Recommended fix:

Manually trigger affected job and adjust scheduler to avoid recurrence.

Let me know how this lands.

Thanks,
Dani Xu",2026-03-13T14:21:47,Apply the specialist fix or confirm whether the IT team should apply it on the user's behalf.,issue summary|resolution steps|request to confirm outcome,Reply with whether the issue is resolved and include any remaining error details.,Includes customer-safe steps and confirmation request.
MSG-000169,TKT-00147,2026-02-14T13:40:00,IT-007,specialist_solution,"Hi Xavi,

Our specialist looked into 'Saved filter not loading on dashboard'. Recommended fix:

Apply temporary mitigation (re-queue affected records); engineering ticket logged for permanent fix.

Let me know how this lands.

Thanks,
Zane Underwood","Hi Xavi,

Our specialist looked into 'Saved filter not loading on dashboard'. Recommended fix:

Apply temporary mitigation (re-queue affected records); engineering ticket logged for permanent fix.

Let me know how this lands.

Thanks,
Zane Underwood",2026-02-14T13:57:36,Apply the specialist fix or confirm whether the IT team should apply it on the user's behalf.,issue summary|resolution steps|request to confirm outcome,Reply with whether the issue is resolved and include any remaining error details.,Includes customer-safe steps and confirmation request.
MSG-000170,TKT-00147,2026-02-16T04:13:02,IT-007,specialist_solution,"Hi Xavi,

Our specialist looked into 'Saved filter not loading on dashboard'. Recommended fix:

Apply temporary mitigation (re-queue affected records); engineering ticket logged for permanent fix.

Let me know how this lands.

Thanks,
Zane Underwood","Hi Xavi,

Our specialist looked into 'Saved filter not loading on dashboard'. Recommended fix:

Apply temporary mitigation (re-queue affected records); engineering ticket logged for permanent fix.

Let me know how this lands.

Thanks,
Zane Underwood",2026-02-16T04:39:35,Apply the specialist fix or confirm whether the IT team should apply it on the user's behalf.,rejection acknowledgement|corrected specialist steps|confirmation request,Reply after retrying the corrected steps.,Acknowledges first attempt and explains corrected next step.
MSG-000171,TKT-00148,2026-01-25T04:32:42,IT-003,specialist_solution,"Hi Yuki,

Our specialist looked into 'Stale numbers in finance dashboard'. Recommended fix:

Manually trigger affected job and adjust scheduler to avoid recurrence.

Let me know how this lands.

Thanks,
Vera Liang","Hi Yuki,
Our specialist looked into 'Stale numbers in finance dashboard'. Recommended fix:
Manually trigger affected job and adjust scheduler to avoid recurrence.
Let me know how this lands.
Thanks,
Vera Liang",2026-01-25T04:58:21,Apply the specialist fix or confirm whether the IT team should apply it on the user's behalf.,issue summary|resolution steps|request to confirm outcome,Reply with whether the issue is resolved and include any remaining error details.,Message is brief; review tone and specificity before reuse.
MSG-000172,TKT-00149,2026-01-26T14:58:25,IT-005,faq,"Hi Iris,

Thanks for the ticket regarding 'Service account password expired'. We've identified this as a known issue (self_service_reset_failed). Please try the following steps:

Verify on-file email, resend reset link via admin console, expire any prior tokens.

Let me know if this resolves it.

Thanks,
Tomo Holm","Hi Iris,

Thanks for the ticket regarding 'Service account password expired'. We've identified this as a known issue (self_service_reset_failed). Please try the following steps:

Verify on-file email, resend reset link via admin console, expire any prior tokens.

Let me know if this resolves it.

Thanks,
Tomo Holm",2026-01-26T15:42:25,"Try FAQ steps and provide: Username, on-file email.",issue summary|resolution steps|request to confirm outcome,Reply with whether the issue is resolved and include any remaining error details.,Includes customer-safe steps and confirmation request.
MSG-000173,TKT-00150,2026-03-18T08:05:13,IT-005,faq,"Hi Kai,

Thanks for the ticket regarding 'Service account password expired'. We've identified this as a known issue (self_service_reset_failed). Please try the following steps:

Verify on-file email, resend reset link via admin console, expire any prior tokens.

Let me know if this resolves it.

Thanks,
Tomo Holm","Hi Kai,

Thanks for the ticket regarding 'Service account password expired'. We've identified this as a known issue (self_service_reset_failed). Please try the following steps:

Verify on-file email, resend reset link via admin console, expire any prior tokens.

Let me know if this resolves it.

Thanks,
Tomo Holm",2026-03-18T08:49:25,"Try FAQ steps and provide: Username, on-file email.",issue summary|resolution steps|request to confirm outcome,Reply with whether the issue is resolved and include any remaining error details.,Includes customer-safe steps and confirmation request.
MSG-000174,TKT-00151,2026-01-29T09:55:30,IT-002,faq,"Hi Kai,

Thanks for the ticket regarding 'VPN disconnects every few minutes'. We've identified this as a known issue (vpn_split_tunnel_misconfig). Please try the following steps:

Push updated split-tunnel profile, reconnect.

Let me know if this resolves it.

Thanks,
Alex Tanaka","Hi Kai,

Thanks for the ticket regarding 'VPN disconnects every few minutes'. We've identified this as a known issue (vpn_split_tunnel_misconfig). Please try the following steps:

Push updated split-tunnel profile, reconnect.

Let me know if this resolves it.

Thanks,
Alex Tanaka",2026-01-29T10:29:56,Try FAQ steps and provide: Region.,issue summary|resolution steps|request to confirm outcome,Reply with whether the issue is resolved and include any remaining error details.,Includes customer-safe steps and confirmation request.
MSG-000175,TKT-00152,2026-03-12T19:35:26,IT-001,faq,"Hi Wren,

Thanks for the ticket regarding 'Shared mailbox missing'. We've identified this as a known issue (shared_mailbox_missing). Please try the following steps:

Re-grant mailbox permission, ask user to restart mail client.

Let me know if this resolves it.

Thanks,
Dani Xu","Hi Wren,

Thanks for the ticket regarding 'Shared mailbox missing'. We've identified this as a known issue (shared_mailbox_missing). Please try the following steps:

Re-grant mailbox permission, ask user to restart mail client.

Let me know if this resolves it.

Thanks,
Dani Xu",2026-03-12T20:19:14,Try FAQ steps and provide: Mailbox name.,issue summary|resolution steps|request to confirm outcome,Reply with whether the issue is resolved and include any remaining error details.,Includes customer-safe steps and confirmation request.
MSG-000176,TKT-00153,2026-02-21T20:09:22,IT-006,specialist_solution,"Hi Chen,

Our specialist looked into 'Inventory App shows stale data'. Recommended fix:

Apply temporary mitigation (re-queue affected records); engineering ticket logged for permanent fix.

Let me know how this lands.

Thanks,
Quinn Quintero","Hi Chen,
Our specialist looked into 'Inventory App shows stale data'. Recommended fix:
Apply temporary mitigation (re-queue affected records); engineering ticket logged for permanent fix.
Let me know how this lands.
Thanks,
Quinn Quintero",2026-02-21T20:40:06,Apply the specialist fix or confirm whether the IT team should apply it on the user's behalf.,issue summary|resolution steps|request to confirm outcome,Reply with whether the issue is resolved and include any remaining error details.,Message is brief; review tone and specificity before reuse.
MSG-000177,TKT-00154,2026-01-18T17:07:19,IT-008,specialist_solution,"Hi Noor,

Our specialist looked into 'Need help with a workflow'. Recommended fix:

Coordinate with requested team and provide tailored next steps.

Let me know how this lands.

Thanks,
Maya Chen","Hi Noor,

Our specialist looked into 'Need help with a workflow'. Recommended fix:

Coordinate with requested team and provide tailored next steps.

Let me know how this lands.

Thanks,
Maya Chen",2026-01-18T17:29:53,Apply the specialist fix or confirm whether the IT team should apply it on the user's behalf.,issue summary|resolution steps|request to confirm outcome,Reply with whether the issue is resolved and include any remaining error details.,Includes customer-safe steps and confirmation request.
MSG-000178,TKT-00155,2026-03-01T07:32:19,IT-008,specialist_solution,"Hi Kai,

Our specialist looked into 'Cannot download invoice PDF'. Recommended fix:

Refresh tax engine cache for affected account; reissue invoice with corrected line items.

Let me know how this lands.

Thanks,
Maya Chen","Hi Kai,

Our specialist looked into 'Cannot download invoice PDF'. Recommended fix:

Refresh tax engine cache for affected account; reissue invoice with corrected line items.

Let me know how this lands.

Thanks,
Maya Chen",2026-03-01T08:11:52,Apply the specialist fix or confirm whether the IT team should apply it on the user's behalf.,issue summary|resolution steps|request to confirm outcome,Reply with whether the issue is resolved and include any remaining error details.,Includes customer-safe steps and confirmation request.
MSG-000179,TKT-00156,2026-01-19T09:13:52,IT-006,faq,"Hi Sana,

Thanks for the ticket regarding 'MFA prompt never arrives'. We've identified this as a known issue (wireless_mouse_battery). Please try the following steps:

Replace AA batteries, re-pair via Bluetooth, confirm tracking.

Let me know if this resolves it.

Thanks,
Quinn Quintero","Hi Sana,
thanks for reaching out regarding 'MFA prompt never arrives'. We've identified this as a known issue (wireless_mouse_battery). Please try the following steps:
Replace AA batteries, re-pair via Bluetooth, confirm tracking.
Let me know if this resolves it.
Thanks,
Quinn Quintero",2026-01-19T09:21:28,Try FAQ steps and provide: Mouse model.,issue summary|resolution steps|request to confirm outcome,Reply with whether the issue is resolved and include any remaining error details.,Message is brief; review tone and specificity before reuse.
MSG-000180,TKT-00156,2026-01-21T05:32:18,IT-006,specialist_solution,"Hi Sana,

Our specialist looked into 'MFA prompt never arrives'. Recommended fix:

Push updated driver via MDM and confirm device reports healthy.

Let me know how this lands.

Thanks,
Quinn Quintero","Hi Sana,
Our specialist looked into 'MFA prompt never arrives'. Recommended fix:
Push updated driver via MDM and confirm device reports healthy.
Let me know how this lands.
Thanks,
Quinn Quintero",2026-01-21T05:50:59,Apply the specialist fix or confirm whether the IT team should apply it on the user's behalf.,rejection acknowledgement|corrected specialist steps|confirmation request,Reply after retrying the corrected steps.,Acknowledges first attempt and explains corrected next step.
MSG-000181,TKT-00157,2026-02-16T10:53:06,IT-004,specialist_solution,"Hi Xavi,

Our specialist looked into 'CRM export missing records'. Recommended fix:

Manually trigger affected job and adjust scheduler to avoid recurrence.

Let me know how this lands.

Thanks,
Noor Xu","Hi Xavi,
Our specialist looked into 'CRM export missing records'. Recommended fix:
Manually trigger affected job and adjust scheduler to avoid recurrence.
Let me know how this lands.
Thanks,
Noor Xu",2026-02-16T11:05:33,Apply the specialist fix or confirm whether the IT team should apply it on the user's behalf.,issue summary|resolution steps|request to confirm outcome,Reply with whether the issue is resolved and include any remaining error details.,Message is brief; review tone and specificity before reuse.
MSG-000182,TKT-00158,2026-03-11T08:26:41,IT-005,specialist_solution,"Hi Vera,

Our specialist looked into 'Email calendar sync issue'. Recommended fix:

Revoke and reissue OAuth token; ask user to reauthorize on device.

Let me know how this lands.

Thanks,
Tomo Holm","Hi Vera,

Our specialist looked into 'Email calendar sync issue'. Recommended fix:

Revoke and reissue OAuth token; ask user to reauthorize on device.

Let me know how this lands.

Thanks,
Tomo Holm",2026-03-11T09:09:46,Apply the specialist fix or confirm whether the IT team should apply it on the user's behalf.,issue summary|resolution steps|request to confirm outcome,Reply with whether the issue is resolved and include any remaining error details.,Includes customer-safe steps and confirmation request.
MSG-000183,TKT-00159,2026-01-19T01:09:11,IT-005,faq,"Hi Dani,

Thanks for the ticket regarding 'Need password reset'. We've identified this as a known issue (policy_block_on_complexity). Please try the following steps:

Share password rules; suggest passphrase; confirm reset succeeds.

Let me know if this resolves it.

Thanks,
Tomo Holm","Hi Dani,

Thanks for the ticket regarding 'Need password reset'. We've identified this as a known issue (policy_block_on_complexity). Please try the following steps:

Share password rules; suggest passphrase; confirm reset succeeds.

Let me know if this resolves it.

Thanks,
Tomo Holm",2026-01-19T01:31:03,Try FAQ steps and provide: Username.,issue summary|resolution steps|request to confirm outcome,Reply with whether the issue is resolved and include any remaining error details.,Includes customer-safe steps and confirmation request.
MSG-000184,TKT-00160,2026-03-05T20:41:47,IT-007,faq,"Hi Jorge,

Thanks for the ticket regarding 'MFA prompt never arrives'. We've identified this as a known issue (sso_redirect_unmapped_email). Please try the following steps:

Add user to SSO group in CRM admin, retry sign-in.

Let me know if this resolves it.

Thanks,
Zane Underwood","Hi Jorge,

Thanks for the ticket regarding 'MFA prompt never arrives'. We've identified this as a known issue (sso_redirect_unmapped_email). Please try the following steps:

Add user to SSO group in CRM admin, retry sign-in.

Let me know if this resolves it.

Thanks,
Zane Underwood",2026-03-05T21:04:12,Try FAQ steps and provide: Username and CRM tenant id.,issue summary|resolution steps|request to confirm outcome,Reply with whether the issue is resolved and include any remaining error details.,Includes customer-safe steps and confirmation request.
MSG-000185,TKT-00161,2026-01-26T07:35:21,IT-003,faq,"Hi Bea,

Thanks for the ticket regarding 'Password reset link expired'. We've identified this as a known issue (manager_approval_for_privileged_account). Please try the following steps:

Request manager email approval, reset with elevated workflow.

Let me know if this resolves it.

Thanks,
Vera Liang","Hi Bea,
thanks for reaching out regarding 'Password reset link expired'. We've identified this as a known issue (manager_approval_for_privileged_account). Please try the following steps:
Request manager email approval, reset with elevated workflow.
Let me know if this resolves it.
Thanks,
Vera Liang",2026-01-26T08:10:06,Try FAQ steps and provide: Account name and manager email.,issue summary|resolution steps|request to confirm outcome,Reply with whether the issue is resolved and include any remaining error details.,Message is brief; review tone and specificity before reuse.
MSG-000186,TKT-00162,2026-01-22T11:44:21,IT-002,specialist_solution,"Hi Alex,

Our specialist looked into 'Saved filter not loading on dashboard'. Recommended fix:

Apply temporary mitigation (re-queue affected records); engineering ticket logged for permanent fix.

Let me know how this lands.

Thanks,
Alex Tanaka","Hi Alex,

Our specialist looked into 'Saved filter not loading on dashboard'. Recommended fix:

Apply temporary mitigation (re-queue affected records); engineering ticket logged for permanent fix.

Let me know how this lands.

Thanks,
Alex Tanaka",2026-01-22T12:29:19,Apply the specialist fix or confirm whether the IT team should apply it on the user's behalf.,issue summary|resolution steps|request to confirm outcome,Reply with whether the issue is resolved and include any remaining error details.,Includes customer-safe steps and confirmation request.
MSG-000187,TKT-00163,2026-02-12T13:35:19,IT-008,faq,"Hi Quinn,

Thanks for the ticket regarding 'Service account password expired'. We've identified this as a known issue (reset_link_expired). Please try the following steps:

Generate a fresh reset link with a 24-hour TTL and resend.

Let me know if this resolves it.

Thanks,
Maya Chen","Hi Quinn,

Thanks for the ticket regarding 'Service account password expired'. We've identified this as a known issue (reset_link_expired). Please try the following steps:

Generate a fresh reset link with a 24-hour TTL and resend.

Let me know if this resolves it.

Thanks,
Maya Chen",2026-02-12T13:43:10,Try FAQ steps and provide: Username.,issue summary|resolution steps|request to confirm outcome,Reply with whether the issue is resolved and include any remaining error details.,Includes customer-safe steps and confirmation request.
MSG-000188,TKT-00164,2026-02-13T05:58:48,IT-007,specialist_solution,"Hi Tomo,

Our specialist looked into 'Account locked after travel'. Recommended fix:

Force a refresh of the user's SSO group membership and clear server-side session cache.

Let me know how this lands.

Thanks,
Zane Underwood","Hi Tomo,

Our specialist looked into 'Account locked after travel'. Recommended fix:

Force a refresh of the user's SSO group membership and clear server-side session cache.

Let me know how this lands.

Thanks,
Zane Underwood",2026-02-13T06:06:31,Apply the specialist fix or confirm whether the IT team should apply it on the user's behalf.,issue summary|resolution steps|request to confirm outcome,Reply with whether the issue is resolved and include any remaining error details.,Includes customer-safe steps and confirmation request.
MSG-000189,TKT-00165,2026-02-19T04:55:50,IT-003,specialist_solution,"Hi Vera,

Our specialist looked into 'Analytics dashboard not loading'. Recommended fix:

Manually trigger affected job and adjust scheduler to avoid recurrence.

Let me know how this lands.

Thanks,
Vera Liang","Hi Vera,
Our specialist looked into 'Analytics dashboard not loading'. Recommended fix:
Manually trigger affected job and adjust scheduler to avoid recurrence.
Let me know how this lands.
Thanks,
Vera Liang",2026-02-19T05:17:20,Apply the specialist fix or confirm whether the IT team should apply it on the user's behalf.,issue summary|resolution steps|request to confirm outcome,Reply with whether the issue is resolved and include any remaining error details.,Message is brief; review tone and specificity before reuse.
MSG-000190,TKT-00166,2026-02-13T15:53:41,IT-004,faq,"Hi Priya,

Thanks for the ticket regarding 'MFA prompt never arrives'. We've identified this as a known issue (session_token_expired). Please try the following steps:

Ask user to fully sign out, clear browser storage for portal, sign in again.

Let me know if this resolves it.

Thanks,
Noor Xu","Hi Priya,
thanks for reaching out regarding 'MFA prompt never arrives'. We've identified this as a known issue (session_token_expired). Please try the following steps:
Ask user to fully sign out, clear browser storage for portal, sign in again.
Let me know if this resolves it.
Thanks,
Noor Xu",2026-02-13T16:37:12,Try FAQ steps and provide: Browser and OS version.,issue summary|resolution steps|request to confirm outcome,Reply with whether the issue is resolved and include any remaining error details.,Message is brief; review tone and specificity before reuse.
MSG-000191,TKT-00167,2026-02-11T00:43:00,IT-005,specialist_solution,"Hi Sana,

Our specialist looked into 'Wi-Fi drops in conference room'. Recommended fix:

Apply corrected route table entry and validate user can reach internal hosts.

Let me know how this lands.

Thanks,
Tomo Holm","Hi Sana,

Our specialist looked into 'Wi-Fi drops in conference room'. Recommended fix:

Apply corrected route table entry and validate user can reach internal hosts.

Let me know how this lands.

Thanks,
Tomo Holm",2026-02-11T01:27:49,Apply the specialist fix or confirm whether the IT team should apply it on the user's behalf.,issue summary|resolution steps|request to confirm outcome,Reply with whether the issue is resolved and include any remaining error details.,Includes customer-safe steps and confirmation request.
MSG-000192,TKT-00168,2026-03-31T11:20:59,IT-007,specialist_solution,"Hi Chen,

Our specialist looked into 'Stuck in SSO redirect loop'. Recommended fix:

Force a refresh of the user's SSO group membership and clear server-side session cache.

Let me know how this lands.

Thanks,
Zane Underwood","Hi Chen,

Our specialist looked into 'Stuck in SSO redirect loop'. Recommended fix:

Force a refresh of the user's SSO group membership and clear server-side session cache.

Let me know how this lands.

Thanks,
Zane Underwood",2026-03-31T11:42:47,Apply the specialist fix or confirm whether the IT team should apply it on the user's behalf.,issue summary|resolution steps|request to confirm outcome,Reply with whether the issue is resolved and include any remaining error details.,Includes customer-safe steps and confirmation request.
MSG-000193,TKT-00169,2026-02-22T11:31:37,IT-002,specialist_solution,"Hi Marta,

Our specialist looked into 'App freezes when opening report'. Recommended fix:

Apply temporary mitigation (re-queue affected records); engineering ticket logged for permanent fix.

Let me know how this lands.

Thanks,
Alex Tanaka","Hi Marta,

Our specialist looked into 'App freezes when opening report'. Recommended fix:

Apply temporary mitigation (re-queue affected records); engineering ticket logged for permanent fix.

Let me know how this lands.

Thanks,
Alex Tanaka",2026-02-22T11:40:28,Apply the specialist fix or confirm whether the IT team should apply it on the user's behalf.,issue summary|resolution steps|request to confirm outcome,Reply with whether the issue is resolved and include any remaining error details.,Includes customer-safe steps and confirmation request.
MSG-000194,TKT-00170,2026-03-12T04:06:52,IT-006,faq,"Hi Nikhil,

Thanks for the ticket regarding 'VPN disconnects every few minutes'. We've identified this as a known issue (vpn_disconnects_short_intervals). Please try the following steps:

Update VPN profile, restart client, switch to backup gateway.

Let me know if this resolves it.

Thanks,
Quinn Quintero","Hi Nikhil,
thanks for reaching out regarding 'VPN disconnects every few minutes'. We've identified this as a known issue (vpn_disconnects_short_intervals). Please try the following steps:
Update VPN profile, restart client, switch to backup gateway.
Let me know if this resolves it.
Thanks,
Quinn Quintero",2026-03-12T04:36:53,Try FAQ steps and provide: Region and VPN client version.,issue summary|resolution steps|request to confirm outcome,Reply with whether the issue is resolved and include any remaining error details.,Message is brief; review tone and specificity before reuse.
MSG-000195,TKT-00171,2026-01-20T10:21:35,IT-007,specialist_solution,"Hi Noor,

Our specialist looked into 'Invoice total looks wrong'. Recommended fix:

Refresh tax engine cache for affected account; reissue invoice with corrected line items.

Let me know how this lands.

Thanks,
Zane Underwood","Hi Noor,

Our specialist looked into 'Invoice total looks wrong'. Recommended fix:

Refresh tax engine cache for affected account; reissue invoice with corrected line items.

Let me know how this lands.

Thanks,
Zane Underwood",2026-01-20T10:28:16,Apply the specialist fix or confirm whether the IT team should apply it on the user's behalf.,issue summary|resolution steps|request to confirm outcome,Reply with whether the issue is resolved and include any remaining error details.,Includes customer-safe steps and confirmation request.
MSG-000196,TKT-00172,2026-03-30T05:39:55,IT-005,faq,"Hi Kai,

Thanks for the ticket regarding 'Analytics dashboard not loading'. We've identified this as a known issue (dashboard_refresh_delay). Please try the following steps:

Trigger manual refresh, confirm warehouse job ran, communicate ETA.

Let me know if this resolves it.

Thanks,
Tomo Holm","Hi Kai,

Thanks for the ticket regarding 'Analytics dashboard not loading'. We've identified this as a known issue (dashboard_refresh_delay). Please try the following steps:

Trigger manual refresh, confirm warehouse job ran, communicate ETA.

Let me know if this resolves it.

Thanks,
Tomo Holm",2026-03-30T05:43:27,Try FAQ steps and provide: Dashboard name and last expected refresh.,issue summary|resolution steps|request to confirm outcome,Reply with whether the issue is resolved and include any remaining error details.,Includes customer-safe steps and confirmation request.
MSG-000197,TKT-00173,2026-02-20T03:22:08,IT-006,specialist_solution,"Hi Nikhil,

Our specialist looked into 'Cannot log into customer portal'. Recommended fix:

Force a refresh of the user's SSO group membership and clear server-side session cache.

Let me know how this lands.

Thanks,
Quinn Quintero","Hi Nikhil,
Our specialist looked into 'Cannot log into customer portal'. Recommended fix:
Force a refresh of the user's SSO group membership and clear server-side session cache.
Let me know how this lands.
Thanks,
Quinn Quintero",2026-02-20T04:02:19,Apply the specialist fix or confirm whether the IT team should apply it on the user's behalf.,issue summary|resolution steps|request to confirm outcome,Reply with whether the issue is resolved and include any remaining error details.,Message is brief; review tone and specificity before reuse.
MSG-000198,TKT-00173,2026-02-21T13:47:17,IT-006,specialist_solution,"Hi Nikhil,

Our specialist looked into 'Cannot log into customer portal'. Recommended fix:

Force a refresh of the user's SSO group membership and clear server-side session cache.

Let me know how this lands.

Thanks,
Quinn Quintero","Hi Nikhil,
Our specialist looked into 'Cannot log into customer portal'. Recommended fix:
Force a refresh of the user's SSO group membership and clear server-side session cache.
Let me know how this lands.
Thanks,
Quinn Quintero",2026-02-21T14:31:05,Apply the specialist fix or confirm whether the IT team should apply it on the user's behalf.,rejection acknowledgement|corrected specialist steps|confirmation request,Reply after retrying the corrected steps.,Acknowledges first attempt and explains corrected next step.
MSG-000199,TKT-00174,2026-03-17T13:59:28,IT-002,specialist_solution,"Hi Dani,

Our specialist looked into 'VPN disconnects every few minutes'. Recommended fix:

Apply corrected route table entry and validate user can reach internal hosts.

Let me know how this lands.

Thanks,
Alex Tanaka","Hi Dani,

Our specialist looked into 'VPN disconnects every few minutes'. Recommended fix:

Apply corrected route table entry and validate user can reach internal hosts.

Let me know how this lands.

Thanks,
Alex Tanaka",2026-03-17T14:22:45,Apply the specialist fix or confirm whether the IT team should apply it on the user's behalf.,issue summary|resolution steps|request to confirm outcome,Reply with whether the issue is resolved and include any remaining error details.,Includes customer-safe steps and confirmation request.
MSG-000200,TKT-00175,2026-03-01T19:17:04,IT-002,faq,"Hi Zane,

Thanks for the ticket regarding 'Service account password expired'. We've identified this as a known issue (manager_approval_for_privileged_account). Please try the following steps:

Request manager email approval, reset with elevated workflow.

Let me know if this resolves it.

Thanks,
Alex Tanaka","Hi Zane,

Thanks for the ticket regarding 'Service account password expired'. We've identified this as a known issue (manager_approval_for_privileged_account). Please try the following steps:

Request manager email approval, reset with elevated workflow.

Let me know if this resolves it.

Thanks,
Alex Tanaka",2026-03-01T19:43:56,Try FAQ steps and provide: Account name and manager email.,issue summary|resolution steps|request to confirm outcome,Reply with whether the issue is resolved and include any remaining error details.,Includes customer-safe steps and confirmation request.
MSG-000201,TKT-00175,2026-03-04T08:07:34,IT-002,specialist_solution,"Hi Zane,

Our specialist looked into 'Service account password expired'. Recommended fix:

Run elevated reset workflow with ticket-approval token; confirm sign-in.

Let me know how this lands.

Thanks,
Alex Tanaka","Hi Zane,

Our specialist looked into 'Service account password expired'. Recommended fix:

Run elevated reset workflow with ticket-approval token; confirm sign-in.

Let me know how this lands.

Thanks,
Alex Tanaka",2026-03-04T08:38:40,Apply the specialist fix or confirm whether the IT team should apply it on the user's behalf.,rejection acknowledgement|corrected specialist steps|confirmation request,Reply after retrying the corrected steps.,Acknowledges first attempt and explains corrected next step.
MSG-000202,TKT-00176,2026-03-30T07:24:49,IT-002,specialist_solution,"Hi Alex,

Our specialist looked into 'General question about software list'. Recommended fix:

Coordinate with requested team and provide tailored next steps.

Let me know how this lands.

Thanks,
Alex Tanaka","Hi Alex,

Our specialist looked into 'General question about software list'. Recommended fix:

Coordinate with requested team and provide tailored next steps.

Let me know how this lands.

Thanks,
Alex Tanaka",2026-03-30T07:36:50,Apply the specialist fix or confirm whether the IT team should apply it on the user's behalf.,issue summary|resolution steps|request to confirm outcome,Reply with whether the issue is resolved and include any remaining error details.,Includes customer-safe steps and confirmation request.
MSG-000203,TKT-00177,2026-01-19T13:19:03,IT-006,faq,"Hi Theo,

Thanks for the ticket regarding 'Shared mailbox missing'. We've identified this as a known issue (stale_cache_after_release). Please try the following steps:

Hard refresh, clear cache, log back in.

Let me know if this resolves it.

Thanks,
Quinn Quintero","Hi Theo,
thanks for reaching out regarding 'Shared mailbox missing'. We've identified this as a known issue (stale_cache_after_release). Please try the following steps:
Hard refresh, clear cache, log back in.
Let me know if this resolves it.
Thanks,
Quinn Quintero",2026-01-19T13:46:02,Try FAQ steps and provide: Browser version and screenshot.,issue summary|resolution steps|request to confirm outcome,Reply with whether the issue is resolved and include any remaining error details.,Message is brief; review tone and specificity before reuse.
MSG-000204,TKT-00178,2026-02-05T13:40:05,IT-008,specialist_solution,"Hi Theo,

Our specialist looked into 'Printer offline error'. Recommended fix:

Push updated driver via MDM and confirm device reports healthy.

Let me know how this lands.

Thanks,
Maya Chen","Hi Theo,

Our specialist looked into 'Printer offline error'. Recommended fix:

Push updated driver via MDM and confirm device reports healthy.

Let me know how this lands.

Thanks,
Maya Chen",2026-02-05T14:04:58,Apply the specialist fix or confirm whether the IT team should apply it on the user's behalf.,issue summary|resolution steps|request to confirm outcome,Reply with whether the issue is resolved and include any remaining error details.,Includes customer-safe steps and confirmation request.
MSG-000205,TKT-00179,2026-01-21T09:25:32,IT-004,specialist_solution,"Hi Wren,

Our specialist looked into 'Saved filter not loading on dashboard'. Recommended fix:

Apply temporary mitigation (re-queue affected records); engineering ticket logged for permanent fix.

Let me know how this lands.

Thanks,
Noor Xu","Hi Wren,
Our specialist looked into 'Saved filter not loading on dashboard'. Recommended fix:
Apply temporary mitigation (re-queue affected records); engineering ticket logged for permanent fix.
Let me know how this lands.
Thanks,
Noor Xu",2026-01-21T09:57:10,Apply the specialist fix or confirm whether the IT team should apply it on the user's behalf.,issue summary|resolution steps|request to confirm outcome,Reply with whether the issue is resolved and include any remaining error details.,Message is brief; review tone and specificity before reuse.
MSG-000206,TKT-00180,2026-03-28T17:01:25,IT-007,faq,"Hi Jorge,

Thanks for the ticket regarding 'Password reset link expired'. We've identified this as a known issue (self_service_reset_failed). Please try the following steps:

Verify on-file email, resend reset link via admin console, expire any prior tokens.

Let me know if this resolves it.

Thanks,
Zane Underwood","Hi Jorge,

Thanks for the ticket regarding 'Password reset link expired'. We've identified this as a known issue (self_service_reset_failed). Please try the following steps:

Verify on-file email, resend reset link via admin console, expire any prior tokens.

Let me know if this resolves it.

Thanks,
Zane Underwood",2026-03-28T17:35:27,"Try FAQ steps and provide: Username, on-file email.",issue summary|resolution steps|request to confirm outcome,Reply with whether the issue is resolved and include any remaining error details.,Includes customer-safe steps and confirmation request.
MSG-000207,TKT-00181,2026-03-25T17:30:58,IT-002,specialist_solution,"Hi Bea,

Our specialist looked into 'Out of office not sending'. Recommended fix:

Revoke and reissue OAuth token; ask user to reauthorize on device.

Let me know how this lands.

Thanks,
Alex Tanaka","Hi Bea,

Our specialist looked into 'Out of office not sending'. Recommended fix:

Revoke and reissue OAuth token; ask user to reauthorize on device.

Let me know how this lands.

Thanks,
Alex Tanaka",2026-03-25T17:55:34,Apply the specialist fix or confirm whether the IT team should apply it on the user's behalf.,issue summary|resolution steps|request to confirm outcome,Reply with whether the issue is resolved and include any remaining error details.,Includes customer-safe steps and confirmation request.
MSG-000208,TKT-00182,2026-02-09T05:40:49,IT-008,specialist_solution,"Hi Quinn,

Our specialist looked into 'Invoice total looks wrong'. Recommended fix:

Refresh tax engine cache for affected account; reissue invoice with corrected line items.

Let me know how this lands.

Thanks,
Maya Chen","Hi Quinn,

Our specialist looked into 'Invoice total looks wrong'. Recommended fix:

Refresh tax engine cache for affected account; reissue invoice with corrected line items.

Let me know how this lands.

Thanks,
Maya Chen",2026-02-09T06:16:30,Apply the specialist fix or confirm whether the IT team should apply it on the user's behalf.,issue summary|resolution steps|request to confirm outcome,Reply with whether the issue is resolved and include any remaining error details.,Includes customer-safe steps and confirmation request.
MSG-000209,TKT-00183,2026-02-16T15:58:06,IT-007,faq,"Hi Marta,

Thanks for the ticket regarding 'Account locked after travel'. We've identified this as a known issue (browser_redirect_loop_on_sso). Please try the following steps:

Clear cookies for portal domain, retry sign-in in private window, verify SSO cert is current.

Let me know if this resolves it.

Thanks,
Zane Underwood","Hi Marta,

Thanks for the ticket regarding 'Account locked after travel'. We've identified this as a known issue (browser_redirect_loop_on_sso). Please try the following steps:

Clear cookies for portal domain, retry sign-in in private window, verify SSO cert is current.

Let me know if this resolves it.

Thanks,
Zane Underwood",2026-02-16T16:42:12,"Try FAQ steps and provide: Browser, OS, screenshot if possible.",issue summary|resolution steps|request to confirm outcome,Reply with whether the issue is resolved and include any remaining error details.,Includes customer-safe steps and confirmation request.
MSG-000210,TKT-00184,2026-02-14T00:14:29,IT-005,specialist_solution,"Hi Quinn,

Our specialist looked into 'Invoice total looks wrong'. Recommended fix:

Refresh tax engine cache for affected account; reissue invoice with corrected line items.

Let me know how this lands.

Thanks,
Tomo Holm","Hi Quinn,

Our specialist looked into 'Invoice total looks wrong'. Recommended fix:

Refresh tax engine cache for affected account; reissue invoice with corrected line items.

Let me know how this lands.

Thanks,
Tomo Holm",2026-02-14T00:34:40,Apply the specialist fix or confirm whether the IT team should apply it on the user's behalf.,issue summary|resolution steps|request to confirm outcome,Reply with whether the issue is resolved and include any remaining error details.,Includes customer-safe steps and confirmation request.
MSG-000211,TKT-00185,2026-02-05T13:54:53,IT-002,specialist_solution,"Hi Bea,

Our specialist looked into 'Shared mailbox missing'. Recommended fix:

Revoke and reissue OAuth token; ask user to reauthorize on device.

Let me know how this lands.

Thanks,
Alex Tanaka","Hi Bea,

Our specialist looked into 'Shared mailbox missing'. Recommended fix:

Revoke and reissue OAuth token; ask user to reauthorize on device.

Let me know how this lands.

Thanks,
Alex Tanaka",2026-02-05T14:12:28,Apply the specialist fix or confirm whether the IT team should apply it on the user's behalf.,issue summary|resolution steps|request to confirm outcome,Reply with whether the issue is resolved and include any remaining error details.,Includes customer-safe steps and confirmation request.
MSG-000212,TKT-00186,2026-02-28T11:17:31,IT-007,specialist_solution,"Hi Kai,

Our specialist looked into 'Wi-Fi drops in conference room'. Recommended fix:

Apply corrected route table entry and validate user can reach internal hosts.

Let me know how this lands.

Thanks,
Zane Underwood","Hi Kai,

Our specialist looked into 'Wi-Fi drops in conference room'. Recommended fix:

Apply corrected route table entry and validate user can reach internal hosts.

Let me know how this lands.

Thanks,
Zane Underwood",2026-02-28T11:44:46,Apply the specialist fix or confirm whether the IT team should apply it on the user's behalf.,issue summary|resolution steps|request to confirm outcome,Reply with whether the issue is resolved and include any remaining error details.,Includes customer-safe steps and confirmation request.
MSG-000213,TKT-00187,2026-02-15T15:45:22,IT-006,specialist_solution,"Hi Sana,

Our specialist looked into 'High latency to internal apps'. Recommended fix:

Apply corrected route table entry and validate user can reach internal hosts.

Let me know how this lands.

Thanks,
Quinn Quintero","Hi Sana,
Our specialist looked into 'High latency to internal apps'. Recommended fix:
Apply corrected route table entry and validate user can reach internal hosts.
Let me know how this lands.
Thanks,
Quinn Quintero",2026-02-15T16:15:53,Apply the specialist fix or confirm whether the IT team should apply it on the user's behalf.,issue summary|resolution steps|request to confirm outcome,Reply with whether the issue is resolved and include any remaining error details.,Message is brief; review tone and specificity before reuse.
MSG-000214,TKT-00188,2026-02-08T12:58:41,IT-007,faq,"Hi Tomo,

Thanks for the ticket regarding 'Stuck in SSO redirect loop'. We've identified this as a known issue (sso_redirect_unmapped_email). Please try the following steps:

Add user to SSO group in CRM admin, retry sign-in.

Let me know if this resolves it.

Thanks,
Zane Underwood","Hi Tomo,

Thanks for the ticket regarding 'Stuck in SSO redirect loop'. We've identified this as a known issue (sso_redirect_unmapped_email). Please try the following steps:

Add user to SSO group in CRM admin, retry sign-in.

Let me know if this resolves it.

Thanks,
Zane Underwood",2026-02-08T13:38:05,Try FAQ steps and provide: Username and CRM tenant id.,issue summary|resolution steps|request to confirm outcome,Reply with whether the issue is resolved and include any remaining error details.,Includes customer-safe steps and confirmation request.
MSG-000215,TKT-00189,2026-01-18T01:41:27,IT-006,faq,"Hi Nikhil,

Thanks for the ticket regarding 'VPN disconnects every few minutes'. We've identified this as a known issue (dns_resolver_lag). Please try the following steps:

Switch DNS resolver, flush local cache, retry.

Let me know if this resolves it.

Thanks,
Quinn Quintero","Hi Nikhil,
thanks for reaching out regarding 'VPN disconnects every few minutes'. We've identified this as a known issue (dns_resolver_lag). Please try the following steps:
Switch DNS resolver, flush local cache, retry.
Let me know if this resolves it.
Thanks,
Quinn Quintero",2026-01-18T01:55:21,Try FAQ steps and provide: Region.,issue summary|resolution steps|request to confirm outcome,Reply with whether the issue is resolved and include any remaining error details.,Message is brief; review tone and specificity before reuse.
MSG-000216,TKT-00190,2026-02-18T20:48:25,IT-006,specialist_solution,"Hi Priya,

Our specialist looked into 'CRM export missing records'. Recommended fix:

Manually trigger affected job and adjust scheduler to avoid recurrence.

Let me know how this lands.

Thanks,
Quinn Quintero","Hi Priya,
Our specialist looked into 'CRM export missing records'. Recommended fix:
Manually trigger affected job and adjust scheduler to avoid recurrence.
Let me know how this lands.
Thanks,
Quinn Quintero",2026-02-18T20:55:57,Apply the specialist fix or confirm whether the IT team should apply it on the user's behalf.,issue summary|resolution steps|request to confirm outcome,Reply with whether the issue is resolved and include any remaining error details.,Message is brief; review tone and specificity before reuse.
MSG-000217,TKT-00190,2026-02-20T06:44:00,IT-006,specialist_solution,"Hi Priya,

Our specialist looked into 'CRM export missing records'. Recommended fix:

Manually trigger affected job and adjust scheduler to avoid recurrence.

Let me know how this lands.

Thanks,
Quinn Quintero","Hi Priya,
Our specialist looked into 'CRM export missing records'. Recommended fix:
Manually trigger affected job and adjust scheduler to avoid recurrence.
Let me know how this lands.
Thanks,
Quinn Quintero",2026-02-20T07:07:57,Apply the specialist fix or confirm whether the IT team should apply it on the user's behalf.,rejection acknowledgement|corrected specialist steps|confirmation request,Reply after retrying the corrected steps.,Acknowledges first attempt and explains corrected next step.
MSG-000218,TKT-00191,2026-03-26T06:17:16,IT-001,specialist_solution,"Hi Priya,

Our specialist looked into 'Service account password expired'. Recommended fix:

Run elevated reset workflow with ticket-approval token; confirm sign-in.

Let me know how this lands.

Thanks,
Dani Xu","Hi Priya,

Our specialist looked into 'Service account password expired'. Recommended fix:

Run elevated reset workflow with ticket-approval token; confirm sign-in.

Let me know how this lands.

Thanks,
Dani Xu",2026-03-26T06:28:09,Apply the specialist fix or confirm whether the IT team should apply it on the user's behalf.,issue summary|resolution steps|request to confirm outcome,Reply with whether the issue is resolved and include any remaining error details.,Includes customer-safe steps and confirmation request.
MSG-000219,TKT-00191,2026-03-27T06:05:17,IT-001,specialist_solution,"Hi Priya,

Our specialist looked into 'Service account password expired'. Recommended fix:

Run elevated reset workflow with ticket-approval token; confirm sign-in.

Let me know how this lands.

Thanks,
Dani Xu","Hi Priya,

Our specialist looked into 'Service account password expired'. Recommended fix:

Run elevated reset workflow with ticket-approval token; confirm sign-in.

Let me know how this lands.

Thanks,
Dani Xu",2026-03-27T06:36:34,Apply the specialist fix or confirm whether the IT team should apply it on the user's behalf.,rejection acknowledgement|corrected specialist steps|confirmation request,Reply after retrying the corrected steps.,Acknowledges first attempt and explains corrected next step.
MSG-000220,TKT-00192,2026-03-31T18:54:48,IT-006,specialist_solution,"Hi Erin,

Our specialist looked into 'Email calendar sync issue'. Recommended fix:

Revoke and reissue OAuth token; ask user to reauthorize on device.

Let me know how this lands.

Thanks,
Quinn Quintero","Hi Erin,
Our specialist looked into 'Email calendar sync issue'. Recommended fix:
Revoke and reissue OAuth token; ask user to reauthorize on device.
Let me know how this lands.
Thanks,
Quinn Quintero",2026-03-31T19:20:10,Apply the specialist fix or confirm whether the IT team should apply it on the user's behalf.,issue summary|resolution steps|request to confirm outcome,Reply with whether the issue is resolved and include any remaining error details.,Message is brief; review tone and specificity before reuse.
MSG-000221,TKT-00193,2026-03-03T22:20:14,IT-001,faq,"Hi Felix,

Thanks for the ticket regarding 'Stuck in SSO redirect loop'. We've identified this as a known issue (mfa_code_not_received). Please try the following steps:

Reseed MFA app via self-service portal; if SMS, ask user to update phone number.

Let me know if this resolves it.

Thanks,
Dani Xu","Hi Felix,

Thanks for the ticket regarding 'Stuck in SSO redirect loop'. We've identified this as a known issue (mfa_code_not_received). Please try the following steps:

Reseed MFA app via self-service portal; if SMS, ask user to update phone number.

Let me know if this resolves it.

Thanks,
Dani Xu",2026-03-03T22:23:39,"Try FAQ steps and provide: Username, MFA method on file.",issue summary|resolution steps|request to confirm outcome,Reply with whether the issue is resolved and include any remaining error details.,Includes customer-safe steps and confirmation request.
MSG-000222,TKT-00194,2026-03-28T11:53:32,IT-007,specialist_solution,"Hi Ravi,

Our specialist looked into 'MFA prompt never arrives'. Recommended fix:

Force a refresh of the user's SSO group membership and clear server-side session cache.

Let me know how this lands.

Thanks,
Zane Underwood","Hi Ravi,

Our specialist looked into 'MFA prompt never arrives'. Recommended fix:

Force a refresh of the user's SSO group membership and clear server-side session cache.

Let me know how this lands.

Thanks,
Zane Underwood",2026-03-28T12:24:28,Apply the specialist fix or confirm whether the IT team should apply it on the user's behalf.,issue summary|resolution steps|request to confirm outcome,Reply with whether the issue is resolved and include any remaining error details.,Includes customer-safe steps and confirmation request.
MSG-000223,TKT-00195,2026-03-17T00:31:28,IT-001,specialist_solution,"Hi Vera,

Our specialist looked into 'CRM export missing records'. Recommended fix:

Manually trigger affected job and adjust scheduler to avoid recurrence.

Let me know how this lands.

Thanks,
Dani Xu","Hi Vera,

Our specialist looked into 'CRM export missing records'. Recommended fix:

Manually trigger affected job and adjust scheduler to avoid recurrence.

Let me know how this lands.

Thanks,
Dani Xu",2026-03-17T01:07:53,Apply the specialist fix or confirm whether the IT team should apply it on the user's behalf.,issue summary|resolution steps|request to confirm outcome,Reply with whether the issue is resolved and include any remaining error details.,Includes customer-safe steps and confirmation request.
MSG-000224,TKT-00196,2026-02-23T05:28:43,IT-008,specialist_solution,"Hi Theo,

Our specialist looked into 'Stuck in SSO redirect loop'. Recommended fix:

Force a refresh of the user's SSO group membership and clear server-side session cache.

Let me know how this lands.

Thanks,
Maya Chen","Hi Theo,

Our specialist looked into 'Stuck in SSO redirect loop'. Recommended fix:

Force a refresh of the user's SSO group membership and clear server-side session cache.

Let me know how this lands.

Thanks,
Maya Chen",2026-02-23T05:55:09,Apply the specialist fix or confirm whether the IT team should apply it on the user's behalf.,issue summary|resolution steps|request to confirm outcome,Reply with whether the issue is resolved and include any remaining error details.,Includes customer-safe steps and confirmation request.
MSG-000225,TKT-00197,2026-03-12T01:00:39,IT-001,specialist_solution,"Hi Quinn,

Our specialist looked into 'Password reset link expired'. Recommended fix:

Run elevated reset workflow with ticket-approval token; confirm sign-in.

Let me know how this lands.

Thanks,
Dani Xu","Hi Quinn,

Our specialist looked into 'Password reset link expired'. Recommended fix:

Run elevated reset workflow with ticket-approval token; confirm sign-in.

Let me know how this lands.

Thanks,
Dani Xu",2026-03-12T01:15:07,Apply the specialist fix or confirm whether the IT team should apply it on the user's behalf.,issue summary|resolution steps|request to confirm outcome,Reply with whether the issue is resolved and include any remaining error details.,Includes customer-safe steps and confirmation request.
MSG-000226,TKT-00198,2026-03-23T13:44:51,IT-007,specialist_solution,"Hi Tomo,

Our specialist looked into 'Password reset link expired'. Recommended fix:

Run elevated reset workflow with ticket-approval token; confirm sign-in.

Let me know how this lands.

Thanks,
Zane Underwood","Hi Tomo,

Our specialist looked into 'Password reset link expired'. Recommended fix:

Run elevated reset workflow with ticket-approval token; confirm sign-in.

Let me know how this lands.

Thanks,
Zane Underwood",2026-03-23T13:57:47,Apply the specialist fix or confirm whether the IT team should apply it on the user's behalf.,issue summary|resolution steps|request to confirm outcome,Reply with whether the issue is resolved and include any remaining error details.,Includes customer-safe steps and confirmation request.
MSG-000227,TKT-00199,2026-03-04T21:05:10,IT-002,specialist_solution,"Hi Grace,

Our specialist looked into 'General question about software list'. Recommended fix:

Coordinate with requested team and provide tailored next steps.

Let me know how this lands.

Thanks,
Alex Tanaka","Hi Grace,

Our specialist looked into 'General question about software list'. Recommended fix:

Coordinate with requested team and provide tailored next steps.

Let me know how this lands.

Thanks,
Alex Tanaka",2026-03-04T21:17:45,Apply the specialist fix or confirm whether the IT team should apply it on the user's behalf.,issue summary|resolution steps|request to confirm outcome,Reply with whether the issue is resolved and include any remaining error details.,Includes customer-safe steps and confirmation request.
MSG-000228,TKT-00200,2026-02-18T02:16:55,IT-007,faq,"Hi Zane,

Thanks for the ticket regarding 'Out of office not sending'. We've identified this as a known issue (calendar_invite_double_booking). Please try the following steps:

Disable duplicate calendar source, reconnect single source.

Let me know if this resolves it.

Thanks,
Zane Underwood","Hi Zane,

Thanks for the ticket regarding 'Out of office not sending'. We've identified this as a known issue (calendar_invite_double_booking). Please try the following steps:

Disable duplicate calendar source, reconnect single source.

Let me know if this resolves it.

Thanks,
Zane Underwood",2026-02-18T02:41:42,Try FAQ steps and provide: Calendar source list.,issue summary|resolution steps|request to confirm outcome,Reply with whether the issue is resolved and include any remaining error details.,Includes customer-safe steps and confirmation request.
MSG-000229,TKT-00201,2026-03-07T19:23:32,IT-007,faq,"Hi Nikhil,

Thanks for the ticket regarding 'Password reset link expired'. We've identified this as a known issue (manager_approval_for_privileged_account). Please try the following steps:

Request manager email approval, reset with elevated workflow.

Let me know if this resolves it.

Thanks,
Zane Underwood","Hi Nikhil,

Thanks for the ticket regarding 'Password reset link expired'. We've identified this as a known issue (manager_approval_for_privileged_account). Please try the following steps:

Request manager email approval, reset with elevated workflow.

Let me know if this resolves it.

Thanks,
Zane Underwood",2026-03-07T20:05:43,Try FAQ steps and provide: Account name and manager email.,issue summary|resolution steps|request to confirm outcome,Reply with whether the issue is resolved and include any remaining error details.,Includes customer-safe steps and confirmation request.
MSG-000230,TKT-00202,2026-03-22T20:41:06,IT-004,specialist_solution,"Hi Kai,

Our specialist looked into 'Wrong billing region applied'. Recommended fix:

Refresh tax engine cache for affected account; reissue invoice with corrected line items.

Let me know how this lands.

Thanks,
Noor Xu","Hi Kai,
Our specialist looked into 'Wrong billing region applied'. Recommended fix:
Refresh tax engine cache for affected account; reissue invoice with corrected line items.
Let me know how this lands.
Thanks,
Noor Xu",2026-03-22T20:51:41,Apply the specialist fix or confirm whether the IT team should apply it on the user's behalf.,issue summary|resolution steps|request to confirm outcome,Reply with whether the issue is resolved and include any remaining error details.,Message is brief; review tone and specificity before reuse.
MSG-000231,TKT-00203,2026-03-27T15:47:00,IT-007,specialist_solution,"Hi Noor,

Our specialist looked into 'High latency to internal apps'. Recommended fix:

Apply corrected route table entry and validate user can reach internal hosts.

Let me know how this lands.

Thanks,
Zane Underwood","Hi Noor,

Our specialist looked into 'High latency to internal apps'. Recommended fix:

Apply corrected route table entry and validate user can reach internal hosts.

Let me know how this lands.

Thanks,
Zane Underwood",2026-03-27T16:15:44,Apply the specialist fix or confirm whether the IT team should apply it on the user's behalf.,issue summary|resolution steps|request to confirm outcome,Reply with whether the issue is resolved and include any remaining error details.,Includes customer-safe steps and confirmation request.
MSG-000232,TKT-00204,2026-03-01T08:43:29,IT-004,specialist_solution,"Hi Lin,

Our specialist looked into 'High latency to internal apps'. Recommended fix:

Apply corrected route table entry and validate user can reach internal hosts.

Let me know how this lands.

Thanks,
Noor Xu","Hi Lin,
Our specialist looked into 'High latency to internal apps'. Recommended fix:
Apply corrected route table entry and validate user can reach internal hosts.
Let me know how this lands.
Thanks,
Noor Xu",2026-03-01T09:11:07,Apply the specialist fix or confirm whether the IT team should apply it on the user's behalf.,issue summary|resolution steps|request to confirm outcome,Reply with whether the issue is resolved and include any remaining error details.,Message is brief; review tone and specificity before reuse.
MSG-000233,TKT-00205,2026-01-28T10:53:47,IT-005,specialist_solution,"Hi Nikhil,

Our specialist looked into 'Invoice total looks wrong'. Recommended fix:

Refresh tax engine cache for affected account; reissue invoice with corrected line items.

Let me know how this lands.

Thanks,
Tomo Holm","Hi Nikhil,

Our specialist looked into 'Invoice total looks wrong'. Recommended fix:

Refresh tax engine cache for affected account; reissue invoice with corrected line items.

Let me know how this lands.

Thanks,
Tomo Holm",2026-01-28T11:20:48,Apply the specialist fix or confirm whether the IT team should apply it on the user's behalf.,issue summary|resolution steps|request to confirm outcome,Reply with whether the issue is resolved and include any remaining error details.,Includes customer-safe steps and confirmation request.
MSG-000234,TKT-00206,2026-02-02T04:40:25,IT-001,faq,"Hi Alex,

Thanks for the ticket regarding 'Stuck in SSO redirect loop'. We've identified this as a known issue (session_token_expired). Please try the following steps:

Ask user to fully sign out, clear browser storage for portal, sign in again.

Let me know if this resolves it.

Thanks,
Dani Xu","Hi Alex,

Thanks for the ticket regarding 'Stuck in SSO redirect loop'. We've identified this as a known issue (session_token_expired). Please try the following steps:

Ask user to fully sign out, clear browser storage for portal, sign in again.

Let me know if this resolves it.

Thanks,
Dani Xu",2026-02-02T05:21:22,Try FAQ steps and provide: Browser and OS version.,issue summary|resolution steps|request to confirm outcome,Reply with whether the issue is resolved and include any remaining error details.,Includes customer-safe steps and confirmation request.
MSG-000235,TKT-00207,2026-02-10T23:39:51,IT-006,specialist_solution,"Hi Lin,

Our specialist looked into 'High latency to internal apps'. Recommended fix:

Apply corrected route table entry and validate user can reach internal hosts.

Let me know how this lands.

Thanks,
Quinn Quintero","Hi Lin,
Our specialist looked into 'High latency to internal apps'. Recommended fix:
Apply corrected route table entry and validate user can reach internal hosts.
Let me know how this lands.
Thanks,
Quinn Quintero",2026-02-11T00:18:22,Apply the specialist fix or confirm whether the IT team should apply it on the user's behalf.,issue summary|resolution steps|request to confirm outcome,Reply with whether the issue is resolved and include any remaining error details.,Message is brief; review tone and specificity before reuse.
MSG-000236,TKT-00207,2026-02-11T19:36:09,IT-006,specialist_solution,"Hi Lin,

Our specialist looked into 'High latency to internal apps'. Recommended fix:

Apply corrected route table entry and validate user can reach internal hosts.

Let me know how this lands.

Thanks,
Quinn Quintero","Hi Lin,
Our specialist looked into 'High latency to internal apps'. Recommended fix:
Apply corrected route table entry and validate user can reach internal hosts.
Let me know how this lands.
Thanks,
Quinn Quintero",2026-02-11T20:15:22,Apply the specialist fix or confirm whether the IT team should apply it on the user's behalf.,rejection acknowledgement|corrected specialist steps|confirmation request,Reply after retrying the corrected steps.,Acknowledges first attempt and explains corrected next step.
MSG-000237,TKT-00208,2026-01-22T23:10:40,IT-001,specialist_solution,"Hi Hassan,

Our specialist looked into 'High latency to internal apps'. Recommended fix:

Apply corrected route table entry and validate user can reach internal hosts.

Let me know how this lands.

Thanks,
Dani Xu","Hi Hassan,

Our specialist looked into 'High latency to internal apps'. Recommended fix:

Apply corrected route table entry and validate user can reach internal hosts.

Let me know how this lands.

Thanks,
Dani Xu",2026-01-22T23:43:45,Apply the specialist fix or confirm whether the IT team should apply it on the user's behalf.,issue summary|resolution steps|request to confirm outcome,Reply with whether the issue is resolved and include any remaining error details.,Includes customer-safe steps and confirmation request.
MSG-000238,TKT-00209,2026-03-31T19:35:17,IT-002,specialist_solution,"Hi Felix,

Our specialist looked into 'Wireless mouse not working'. Recommended fix:

Push updated driver via MDM and confirm device reports healthy.

Let me know how this lands.

Thanks,
Alex Tanaka","Hi Felix,

Our specialist looked into 'Wireless mouse not working'. Recommended fix:

Push updated driver via MDM and confirm device reports healthy.

Let me know how this lands.

Thanks,
Alex Tanaka",2026-03-31T19:38:34,Apply the specialist fix or confirm whether the IT team should apply it on the user's behalf.,issue summary|resolution steps|request to confirm outcome,Reply with whether the issue is resolved and include any remaining error details.,Includes customer-safe steps and confirmation request.
MSG-000239,TKT-00210,2026-03-04T03:13:39,IT-008,specialist_solution,"Hi Maya,

Our specialist looked into 'Equipment return process'. Recommended fix:

Coordinate with requested team and provide tailored next steps.

Let me know how this lands.

Thanks,
Maya Chen","Hi Maya,

Our specialist looked into 'Equipment return process'. Recommended fix:

Coordinate with requested team and provide tailored next steps.

Let me know how this lands.

Thanks,
Maya Chen",2026-03-04T03:53:46,Apply the specialist fix or confirm whether the IT team should apply it on the user's behalf.,issue summary|resolution steps|request to confirm outcome,Reply with whether the issue is resolved and include any remaining error details.,Includes customer-safe steps and confirmation request.
MSG-000240,TKT-00210,2026-03-06T10:14:10,IT-008,specialist_solution,"Hi Maya,

Our specialist looked into 'Equipment return process'. Recommended fix:

Coordinate with requested team and provide tailored next steps.

Let me know how this lands.

Thanks,
Maya Chen","Hi Maya,

Our specialist looked into 'Equipment return process'. Recommended fix:

Coordinate with requested team and provide tailored next steps.

Let me know how this lands.

Thanks,
Maya Chen",2026-03-06T10:34:35,Apply the specialist fix or confirm whether the IT team should apply it on the user's behalf.,rejection acknowledgement|corrected specialist steps|confirmation request,Reply after retrying the corrected steps.,Acknowledges first attempt and explains corrected next step.
MSG-000241,TKT-00211,2026-03-05T00:43:07,IT-001,faq,"Hi Kai,

Thanks for the ticket regarding 'Password reset link expired'. We've identified this as a known issue (manager_approval_for_privileged_account). Please try the following steps:

Request manager email approval, reset with elevated workflow.

Let me know if this resolves it.

Thanks,
Dani Xu","Hi Kai,

Thanks for the ticket regarding 'Password reset link expired'. We've identified this as a known issue (manager_approval_for_privileged_account). Please try the following steps:

Request manager email approval, reset with elevated workflow.

Let me know if this resolves it.

Thanks,
Dani Xu",2026-03-05T01:15:43,Try FAQ steps and provide: Account name and manager email.,issue summary|resolution steps|request to confirm outcome,Reply with whether the issue is resolved and include any remaining error details.,Includes customer-safe steps and confirmation request.
MSG-000242,TKT-00212,2026-02-02T09:30:44,IT-001,specialist_solution,"Hi Wren,

Our specialist looked into 'Vendor needs limited portal access'. Recommended fix:

Open access review, obtain manager and security approval, grant scoped role.

Let me know how this lands.

Thanks,
Dani Xu","Hi Wren,

Our specialist looked into 'Vendor needs limited portal access'. Recommended fix:

Open access review, obtain manager and security approval, grant scoped role.

Let me know how this lands.

Thanks,
Dani Xu",2026-02-02T10:06:23,Apply the specialist fix or confirm whether the IT team should apply it on the user's behalf.,issue summary|resolution steps|request to confirm outcome,Reply with whether the issue is resolved and include any remaining error details.,Includes customer-safe steps and confirmation request.
MSG-000243,TKT-00213,2026-02-19T11:39:45,IT-006,faq,"Hi Jorge,

Thanks for the ticket regarding 'Password reset link expired'. We've identified this as a known issue (service_account_password_expired). Please try the following steps:

Rotate service account password, update secret in CI/CD, restart job.

Let me know if this resolves it.

Thanks,
Quinn Quintero","Hi Jorge,
thanks for reaching out regarding 'Password reset link expired'. We've identified this as a known issue (service_account_password_expired). Please try the following steps:
Rotate service account password, update secret in CI/CD, restart job.
Let me know if this resolves it.
Thanks,
Quinn Quintero",2026-02-19T11:48:42,Try FAQ steps and provide: Service account name.,issue summary|resolution steps|request to confirm outcome,Reply with whether the issue is resolved and include any remaining error details.,Message is brief; review tone and specificity before reuse.
MSG-000244,TKT-00214,2026-02-04T05:32:54,IT-006,faq,"Hi Nikhil,

Thanks for the ticket regarding 'High latency to internal apps'. We've identified this as a known issue (vpn_disconnects_short_intervals). Please try the following steps:

Update VPN profile, restart client, switch to backup gateway.

Let me know if this resolves it.

Thanks,
Quinn Quintero","Hi Nikhil,
thanks for reaching out regarding 'High latency to internal apps'. We've identified this as a known issue (vpn_disconnects_short_intervals). Please try the following steps:
Update VPN profile, restart client, switch to backup gateway.
Let me know if this resolves it.
Thanks,
Quinn Quintero",2026-02-04T05:56:19,Try FAQ steps and provide: Region and VPN client version.,issue summary|resolution steps|request to confirm outcome,Reply with whether the issue is resolved and include any remaining error details.,Message is brief; review tone and specificity before reuse.
MSG-000245,TKT-00215,2026-03-14T23:15:08,IT-004,specialist_solution,"Hi Iris,

Our specialist looked into 'Records missing after CRM export'. Recommended fix:

Apply temporary mitigation (re-queue affected records); engineering ticket logged for permanent fix.

Let me know how this lands.

Thanks,
Noor Xu","Hi Iris,
Our specialist looked into 'Records missing after CRM export'. Recommended fix:
Apply temporary mitigation (re-queue affected records); engineering ticket logged for permanent fix.
Let me know how this lands.
Thanks,
Noor Xu",2026-03-14T23:42:53,Apply the specialist fix or confirm whether the IT team should apply it on the user's behalf.,issue summary|resolution steps|request to confirm outcome,Reply with whether the issue is resolved and include any remaining error details.,Message is brief; review tone and specificity before reuse.
MSG-000246,TKT-00215,2026-03-17T13:20:10,IT-004,specialist_solution,"Hi Iris,

Our specialist looked into 'Records missing after CRM export'. Recommended fix:

Apply temporary mitigation (re-queue affected records); engineering ticket logged for permanent fix.

Let me know how this lands.

Thanks,
Noor Xu","Hi Iris,
Our specialist looked into 'Records missing after CRM export'. Recommended fix:
Apply temporary mitigation (re-queue affected records); engineering ticket logged for permanent fix.
Let me know how this lands.
Thanks,
Noor Xu",2026-03-17T13:38:49,Apply the specialist fix or confirm whether the IT team should apply it on the user's behalf.,rejection acknowledgement|corrected specialist steps|confirmation request,Reply after retrying the corrected steps.,Acknowledges first attempt and explains corrected next step.
MSG-000247,TKT-00216,2026-02-16T20:23:53,IT-005,faq,"Hi Iris,

Thanks for the ticket regarding 'Email calendar sync issue'. We've identified this as a known issue (out_of_office_disabled). Please try the following steps:

Re-enable auto-reply in mail settings, send test message, verify delivery.

Let me know if this resolves it.

Thanks,
Tomo Holm","Hi Iris,

Thanks for the ticket regarding 'Email calendar sync issue'. We've identified this as a known issue (out_of_office_disabled). Please try the following steps:

Re-enable auto-reply in mail settings, send test message, verify delivery.

Let me know if this resolves it.

Thanks,
Tomo Holm",2026-02-16T20:44:26,Try FAQ steps and provide: Date range and rule preview.,issue summary|resolution steps|request to confirm outcome,Reply with whether the issue is resolved and include any remaining error details.,Includes customer-safe steps and confirmation request.
MSG-000248,TKT-00217,2026-03-28T11:49:53,IT-004,faq,"Hi Quinn,

Thanks for the ticket regarding 'Password reset link expired'. We've identified this as a known issue (self_service_reset_failed). Please try the following steps:

Verify on-file email, resend reset link via admin console, expire any prior tokens.

Let me know if this resolves it.

Thanks,
Noor Xu","Hi Quinn,
thanks for reaching out regarding 'Password reset link expired'. We've identified this as a known issue (self_service_reset_failed). Please try the following steps:
Verify on-file email, resend reset link via admin console, expire any prior tokens.
Let me know if this resolves it.
Thanks,
Noor Xu",2026-03-28T12:26:09,"Try FAQ steps and provide: Username, on-file email.",issue summary|resolution steps|request to confirm outcome,Reply with whether the issue is resolved and include any remaining error details.,Message is brief; review tone and specificity before reuse.
MSG-000249,TKT-00218,2026-03-13T11:00:39,IT-007,specialist_solution,"Hi Kai,

Our specialist looked into 'Cannot log into customer portal'. Recommended fix:

Force a refresh of the user's SSO group membership and clear server-side session cache.

Let me know how this lands.

Thanks,
Zane Underwood","Hi Kai,

Our specialist looked into 'Cannot log into customer portal'. Recommended fix:

Force a refresh of the user's SSO group membership and clear server-side session cache.

Let me know how this lands.

Thanks,
Zane Underwood",2026-03-13T11:19:10,Apply the specialist fix or confirm whether the IT team should apply it on the user's behalf.,issue summary|resolution steps|request to confirm outcome,Reply with whether the issue is resolved and include any remaining error details.,Includes customer-safe steps and confirmation request.
MSG-000250,TKT-00218,2026-03-15T02:54:07,IT-007,specialist_solution,"Hi Kai,

Our specialist looked into 'Cannot log into customer portal'. Recommended fix:

Force a refresh of the user's SSO group membership and clear server-side session cache.

Let me know how this lands.

Thanks,
Zane Underwood","Hi Kai,

Our specialist looked into 'Cannot log into customer portal'. Recommended fix:

Force a refresh of the user's SSO group membership and clear server-side session cache.

Let me know how this lands.

Thanks,
Zane Underwood",2026-03-15T03:33:06,Apply the specialist fix or confirm whether the IT team should apply it on the user's behalf.,rejection acknowledgement|corrected specialist steps|confirmation request,Reply after retrying the corrected steps.,Acknowledges first attempt and explains corrected next step.
MSG-000251,TKT-00219,2026-03-27T04:48:10,IT-005,faq,"Hi Iris,

Thanks for the ticket regarding 'Need access for new employee'. We've identified this as a known issue (suspicious_login_remediation). Please try the following steps:

Force password reset, reseed MFA, review last 30 days of audit log.

Let me know if this resolves it.

Thanks,
Tomo Holm","Hi Iris,

Thanks for the ticket regarding 'Need access for new employee'. We've identified this as a known issue (suspicious_login_remediation). Please try the following steps:

Force password reset, reseed MFA, review last 30 days of audit log.

Let me know if this resolves it.

Thanks,
Tomo Holm",2026-03-27T05:20:46,Try FAQ steps and provide: Username and report timestamp.,issue summary|resolution steps|request to confirm outcome,Reply with whether the issue is resolved and include any remaining error details.,Includes customer-safe steps and confirmation request.
MSG-000252,TKT-00220,2026-02-23T12:19:10,IT-001,specialist_solution,"Hi Lin,

Our specialist looked into 'High latency to internal apps'. Recommended fix:

Apply corrected route table entry and validate user can reach internal hosts.

Let me know how this lands.

Thanks,
Dani Xu","Hi Lin,

Our specialist looked into 'High latency to internal apps'. Recommended fix:

Apply corrected route table entry and validate user can reach internal hosts.

Let me know how this lands.

Thanks,
Dani Xu",2026-02-23T12:47:55,Apply the specialist fix or confirm whether the IT team should apply it on the user's behalf.,issue summary|resolution steps|request to confirm outcome,Reply with whether the issue is resolved and include any remaining error details.,Includes customer-safe steps and confirmation request.
MSG-000253,TKT-00221,2026-03-05T18:11:49,IT-003,specialist_solution,"Hi Erin,

Our specialist looked into 'Wireless mouse not working'. Recommended fix:

Push updated driver via MDM and confirm device reports healthy.

Let me know how this lands.

Thanks,
Vera Liang","Hi Erin,
Our specialist looked into 'Wireless mouse not working'. Recommended fix:
Push updated driver via MDM and confirm device reports healthy.
Let me know how this lands.
Thanks,
Vera Liang",2026-03-05T18:29:31,Apply the specialist fix or confirm whether the IT team should apply it on the user's behalf.,issue summary|resolution steps|request to confirm outcome,Reply with whether the issue is resolved and include any remaining error details.,Message is brief; review tone and specificity before reuse.
MSG-000254,TKT-00222,2026-01-21T10:26:59,IT-007,faq,"Hi Nikhil,

Thanks for the ticket regarding 'Cannot log into customer portal'. We've identified this as a known issue (session_token_expired). Please try the following steps:

Ask user to fully sign out, clear browser storage for portal, sign in again.

Let me know if this resolves it.

Thanks,
Zane Underwood","Hi Nikhil,

Thanks for the ticket regarding 'Cannot log into customer portal'. We've identified this as a known issue (session_token_expired). Please try the following steps:

Ask user to fully sign out, clear browser storage for portal, sign in again.

Let me know if this resolves it.

Thanks,
Zane Underwood",2026-01-21T11:00:07,Try FAQ steps and provide: Browser and OS version.,issue summary|resolution steps|request to confirm outcome,Reply with whether the issue is resolved and include any remaining error details.,Includes customer-safe steps and confirmation request.
MSG-000255,TKT-00223,2026-02-18T01:50:59,IT-002,specialist_solution,"Hi Uma,

Our specialist looked into 'Saved filter not loading on dashboard'. Recommended fix:

Apply temporary mitigation (re-queue affected records); engineering ticket logged for permanent fix.

Let me know how this lands.

Thanks,
Alex Tanaka","Hi Uma,

Our specialist looked into 'Saved filter not loading on dashboard'. Recommended fix:

Apply temporary mitigation (re-queue affected records); engineering ticket logged for permanent fix.

Let me know how this lands.

Thanks,
Alex Tanaka",2026-02-18T02:07:56,Apply the specialist fix or confirm whether the IT team should apply it on the user's behalf.,issue summary|resolution steps|request to confirm outcome,Reply with whether the issue is resolved and include any remaining error details.,Includes customer-safe steps and confirmation request.
MSG-000256,TKT-00224,2026-01-27T11:09:12,IT-003,faq,"Hi Sana,

Thanks for the ticket regarding 'Password reset link expired'. We've identified this as a known issue (service_account_password_expired). Please try the following steps:

Rotate service account password, update secret in CI/CD, restart job.

Let me know if this resolves it.

Thanks,
Vera Liang","Hi Sana,
thanks for reaching out regarding 'Password reset link expired'. We've identified this as a known issue (service_account_password_expired). Please try the following steps:
Rotate service account password, update secret in CI/CD, restart job.
Let me know if this resolves it.
Thanks,
Vera Liang",2026-01-27T11:40:41,Try FAQ steps and provide: Service account name.,issue summary|resolution steps|request to confirm outcome,Reply with whether the issue is resolved and include any remaining error details.,Message is brief; review tone and specificity before reuse.
MSG-000257,TKT-00225,2026-02-04T21:32:45,IT-003,faq,"Hi Chen,

Thanks for the ticket regarding 'Need password reset'. We've identified this as a known issue (policy_block_on_complexity). Please try the following steps:

Share password rules; suggest passphrase; confirm reset succeeds.

Let me know if this resolves it.

Thanks,
Vera Liang","Hi Chen,
thanks for reaching out regarding 'Need password reset'. We've identified this as a known issue (policy_block_on_complexity). Please try the following steps:
Share password rules; suggest passphrase; confirm reset succeeds.
Let me know if this resolves it.
Thanks,
Vera Liang",2026-02-04T21:43:31,Try FAQ steps and provide: Username.,issue summary|resolution steps|request to confirm outcome,Reply with whether the issue is resolved and include any remaining error details.,Message is brief; review tone and specificity before reuse.
MSG-000258,TKT-00226,2026-03-22T05:46:17,IT-006,faq,"Hi Theo,

Thanks for the ticket regarding 'Account locked after travel'. We've identified this as a known issue (wireless_mouse_battery). Please try the following steps:

Replace AA batteries, re-pair via Bluetooth, confirm tracking.

Let me know if this resolves it.

Thanks,
Quinn Quintero","Hi Theo,
thanks for reaching out regarding 'Account locked after travel'. We've identified this as a known issue (wireless_mouse_battery). Please try the following steps:
Replace AA batteries, re-pair via Bluetooth, confirm tracking.
Let me know if this resolves it.
Thanks,
Quinn Quintero",2026-03-22T06:03:58,Try FAQ steps and provide: Mouse model.,issue summary|resolution steps|request to confirm outcome,Reply with whether the issue is resolved and include any remaining error details.,Message is brief; review tone and specificity before reuse.
MSG-000259,TKT-00227,2026-01-29T10:22:17,IT-004,faq,"Hi Hassan,

Thanks for the ticket regarding 'Out of office not sending'. We've identified this as a known issue (calendar_invite_double_booking). Please try the following steps:

Disable duplicate calendar source, reconnect single source.

Let me know if this resolves it.

Thanks,
Noor Xu","Hi Hassan,
thanks for reaching out regarding 'Out of office not sending'. We've identified this as a known issue (calendar_invite_double_booking). Please try the following steps:
Disable duplicate calendar source, reconnect single source.
Let me know if this resolves it.
Thanks,
Noor Xu",2026-01-29T10:35:01,Try FAQ steps and provide: Calendar source list.,issue summary|resolution steps|request to confirm outcome,Reply with whether the issue is resolved and include any remaining error details.,Message is brief; review tone and specificity before reuse.
MSG-000260,TKT-00228,2026-03-19T03:17:43,IT-003,specialist_solution,"Hi Nikhil,

Our specialist looked into 'Stuck in SSO redirect loop'. Recommended fix:

Force a refresh of the user's SSO group membership and clear server-side session cache.

Let me know how this lands.

Thanks,
Vera Liang","Hi Nikhil,
Our specialist looked into 'Stuck in SSO redirect loop'. Recommended fix:
Force a refresh of the user's SSO group membership and clear server-side session cache.
Let me know how this lands.
Thanks,
Vera Liang",2026-03-19T03:45:04,Apply the specialist fix or confirm whether the IT team should apply it on the user's behalf.,issue summary|resolution steps|request to confirm outcome,Reply with whether the issue is resolved and include any remaining error details.,Message is brief; review tone and specificity before reuse.
MSG-000261,TKT-00229,2026-02-14T21:40:18,IT-001,specialist_solution,"Hi Vera,

Our specialist looked into 'Wi-Fi drops in conference room'. Recommended fix:

Apply corrected route table entry and validate user can reach internal hosts.

Let me know how this lands.

Thanks,
Dani Xu","Hi Vera,

Our specialist looked into 'Wi-Fi drops in conference room'. Recommended fix:

Apply corrected route table entry and validate user can reach internal hosts.

Let me know how this lands.

Thanks,
Dani Xu",2026-02-14T22:20:19,Apply the specialist fix or confirm whether the IT team should apply it on the user's behalf.,issue summary|resolution steps|request to confirm outcome,Reply with whether the issue is resolved and include any remaining error details.,Includes customer-safe steps and confirmation request.
MSG-000262,TKT-00230,2026-02-09T03:29:28,IT-003,specialist_solution,"Hi Erin,

Our specialist looked into 'Cannot download invoice PDF'. Recommended fix:

Refresh tax engine cache for affected account; reissue invoice with corrected line items.

Let me know how this lands.

Thanks,
Vera Liang","Hi Erin,
Our specialist looked into 'Cannot download invoice PDF'. Recommended fix:
Refresh tax engine cache for affected account; reissue invoice with corrected line items.
Let me know how this lands.
Thanks,
Vera Liang",2026-02-09T04:10:04,Apply the specialist fix or confirm whether the IT team should apply it on the user's behalf.,issue summary|resolution steps|request to confirm outcome,Reply with whether the issue is resolved and include any remaining error details.,Message is brief; review tone and specificity before reuse.
MSG-000263,TKT-00230,2026-02-11T15:20:31,IT-003,specialist_solution,"Hi Erin,

Our specialist looked into 'Cannot download invoice PDF'. Recommended fix:

Refresh tax engine cache for affected account; reissue invoice with corrected line items.

Let me know how this lands.

Thanks,
Vera Liang","Hi Erin,
Our specialist looked into 'Cannot download invoice PDF'. Recommended fix:
Refresh tax engine cache for affected account; reissue invoice with corrected line items.
Let me know how this lands.
Thanks,
Vera Liang",2026-02-11T15:34:17,Apply the specialist fix or confirm whether the IT team should apply it on the user's behalf.,rejection acknowledgement|corrected specialist steps|confirmation request,Reply after retrying the corrected steps.,Acknowledges first attempt and explains corrected next step.
MSG-000264,TKT-00231,2026-03-05T16:56:00,IT-008,specialist_solution,"Hi Theo,

Our specialist looked into 'Cannot download invoice PDF'. Recommended fix:

Refresh tax engine cache for affected account; reissue invoice with corrected line items.

Let me know how this lands.

Thanks,
Maya Chen","Hi Theo,

Our specialist looked into 'Cannot download invoice PDF'. Recommended fix:

Refresh tax engine cache for affected account; reissue invoice with corrected line items.

Let me know how this lands.

Thanks,
Maya Chen",2026-03-05T17:04:46,Apply the specialist fix or confirm whether the IT team should apply it on the user's behalf.,issue summary|resolution steps|request to confirm outcome,Reply with whether the issue is resolved and include any remaining error details.,Includes customer-safe steps and confirmation request.
MSG-000265,TKT-00231,2026-03-08T21:56:45,IT-008,specialist_solution,"Hi Theo,

Our specialist looked into 'Cannot download invoice PDF'. Recommended fix:

Refresh tax engine cache for affected account; reissue invoice with corrected line items.

Let me know how this lands.

Thanks,
Maya Chen","Hi Theo,

Our specialist looked into 'Cannot download invoice PDF'. Recommended fix:

Refresh tax engine cache for affected account; reissue invoice with corrected line items.

Let me know how this lands.

Thanks,
Maya Chen",2026-03-08T22:31:37,Apply the specialist fix or confirm whether the IT team should apply it on the user's behalf.,rejection acknowledgement|corrected specialist steps|confirmation request,Reply after retrying the corrected steps.,Acknowledges first attempt and explains corrected next step.
MSG-000266,TKT-00232,2026-03-06T04:10:50,IT-005,specialist_solution,"Hi Hassan,

Our specialist looked into 'Out of office not sending'. Recommended fix:

Coordinate with requested team and provide tailored next steps.

Let me know how this lands.

Thanks,
Tomo Holm","Hi Hassan,

Our specialist looked into 'Out of office not sending'. Recommended fix:

Coordinate with requested team and provide tailored next steps.

Let me know how this lands.

Thanks,
Tomo Holm",2026-03-06T04:38:01,Apply the specialist fix or confirm whether the IT team should apply it on the user's behalf.,issue summary|resolution steps|request to confirm outcome,Reply with whether the issue is resolved and include any remaining error details.,Includes customer-safe steps and confirmation request.
MSG-000267,TKT-00233,2026-01-27T09:50:02,IT-001,faq,"Hi Grace,

Thanks for the ticket regarding 'Service account password expired'. We've identified this as a known issue (reset_link_expired). Please try the following steps:

Generate a fresh reset link with a 24-hour TTL and resend.

Let me know if this resolves it.

Thanks,
Dani Xu","Hi Grace,

Thanks for the ticket regarding 'Service account password expired'. We've identified this as a known issue (reset_link_expired). Please try the following steps:

Generate a fresh reset link with a 24-hour TTL and resend.

Let me know if this resolves it.

Thanks,
Dani Xu",2026-01-27T10:21:18,Try FAQ steps and provide: Username.,issue summary|resolution steps|request to confirm outcome,Reply with whether the issue is resolved and include any remaining error details.,Includes customer-safe steps and confirmation request.
MSG-000268,TKT-00234,2026-03-21T15:51:17,IT-001,specialist_solution,"Hi Ravi,

Our specialist looked into 'Need access for new employee'. Recommended fix:

Open access review, obtain manager and security approval, grant scoped role.

Let me know how this lands.

Thanks,
Dani Xu","Hi Ravi,

Our specialist looked into 'Need access for new employee'. Recommended fix:

Open access review, obtain manager and security approval, grant scoped role.

Let me know how this lands.

Thanks,
Dani Xu",2026-03-21T15:54:50,Apply the specialist fix or confirm whether the IT team should apply it on the user's behalf.,issue summary|resolution steps|request to confirm outcome,Reply with whether the issue is resolved and include any remaining error details.,Includes customer-safe steps and confirmation request.
MSG-000269,TKT-00235,2026-02-04T07:16:10,IT-002,specialist_solution,"Hi Jorge,

Our specialist looked into 'Vendor needs limited portal access'. Recommended fix:

Open access review, obtain manager and security approval, grant scoped role.

Let me know how this lands.

Thanks,
Alex Tanaka","Hi Jorge,

Our specialist looked into 'Vendor needs limited portal access'. Recommended fix:

Open access review, obtain manager and security approval, grant scoped role.

Let me know how this lands.

Thanks,
Alex Tanaka",2026-02-04T08:00:58,Apply the specialist fix or confirm whether the IT team should apply it on the user's behalf.,issue summary|resolution steps|request to confirm outcome,Reply with whether the issue is resolved and include any remaining error details.,Includes customer-safe steps and confirmation request.
MSG-000270,TKT-00235,2026-02-08T02:16:27,IT-002,specialist_solution,"Hi Jorge,

Our specialist looked into 'Vendor needs limited portal access'. Recommended fix:

Open access review, obtain manager and security approval, grant scoped role.

Let me know how this lands.

Thanks,
Alex Tanaka","Hi Jorge,

Our specialist looked into 'Vendor needs limited portal access'. Recommended fix:

Open access review, obtain manager and security approval, grant scoped role.

Let me know how this lands.

Thanks,
Alex Tanaka",2026-02-08T02:59:57,Apply the specialist fix or confirm whether the IT team should apply it on the user's behalf.,rejection acknowledgement|corrected specialist steps|confirmation request,Reply after retrying the corrected steps.,Acknowledges first attempt and explains corrected next step.
MSG-000271,TKT-00236,2026-03-15T09:38:30,IT-008,faq,"Hi Sana,

Thanks for the ticket regarding 'Service account password expired'. We've identified this as a known issue (policy_block_on_complexity). Please try the following steps:

Share password rules; suggest passphrase; confirm reset succeeds.

Let me know if this resolves it.

Thanks,
Maya Chen","Hi Sana,

Thanks for the ticket regarding 'Service account password expired'. We've identified this as a known issue (policy_block_on_complexity). Please try the following steps:

Share password rules; suggest passphrase; confirm reset succeeds.

Let me know if this resolves it.

Thanks,
Maya Chen",2026-03-15T09:47:09,Try FAQ steps and provide: Username.,issue summary|resolution steps|request to confirm outcome,Reply with whether the issue is resolved and include any remaining error details.,Includes customer-safe steps and confirmation request.
MSG-000272,TKT-00237,2026-02-28T00:22:24,IT-002,faq,"Hi Theo,

Thanks for the ticket regarding 'Saved filter not loading on dashboard'. We've identified this as a known issue (stale_cache_after_release). Please try the following steps:

Hard refresh, clear cache, log back in.

Let me know if this resolves it.

Thanks,
Alex Tanaka","Hi Theo,

Thanks for the ticket regarding 'Saved filter not loading on dashboard'. We've identified this as a known issue (stale_cache_after_release). Please try the following steps:

Hard refresh, clear cache, log back in.

Let me know if this resolves it.

Thanks,
Alex Tanaka",2026-02-28T00:57:33,Try FAQ steps and provide: Browser version and screenshot.,issue summary|resolution steps|request to confirm outcome,Reply with whether the issue is resolved and include any remaining error details.,Includes customer-safe steps and confirmation request.
MSG-000273,TKT-00237,2026-03-01T12:08:08,IT-002,specialist_solution,"Hi Theo,

Our specialist looked into 'Saved filter not loading on dashboard'. Recommended fix:

Apply temporary mitigation (re-queue affected records); engineering ticket logged for permanent fix.

Let me know how this lands.

Thanks,
Alex Tanaka","Hi Theo,

Our specialist looked into 'Saved filter not loading on dashboard'. Recommended fix:

Apply temporary mitigation (re-queue affected records); engineering ticket logged for permanent fix.

Let me know how this lands.

Thanks,
Alex Tanaka",2026-03-01T12:36:58,Apply the specialist fix or confirm whether the IT team should apply it on the user's behalf.,rejection acknowledgement|corrected specialist steps|confirmation request,Reply after retrying the corrected steps.,Acknowledges first attempt and explains corrected next step.
MSG-000274,TKT-00238,2026-03-06T15:18:18,IT-008,specialist_solution,"Hi Bea,

Our specialist looked into 'High latency to internal apps'. Recommended fix:

Apply corrected route table entry and validate user can reach internal hosts.

Let me know how this lands.

Thanks,
Maya Chen","Hi Bea,

Our specialist looked into 'High latency to internal apps'. Recommended fix:

Apply corrected route table entry and validate user can reach internal hosts.

Let me know how this lands.

Thanks,
Maya Chen",2026-03-06T15:53:49,Apply the specialist fix or confirm whether the IT team should apply it on the user's behalf.,issue summary|resolution steps|request to confirm outcome,Reply with whether the issue is resolved and include any remaining error details.,Includes customer-safe steps and confirmation request.
MSG-000275,TKT-00239,2026-02-12T00:18:29,IT-004,faq,"Hi Vera,

Thanks for the ticket regarding 'CRM export missing records'. We've identified this as a known issue (export_filter_excludes_records). Please try the following steps:

Adjust export filter to remove inactive flag, re-run export.

Let me know if this resolves it.

Thanks,
Noor Xu","Hi Vera,
thanks for reaching out regarding 'CRM export missing records'. We've identified this as a known issue (export_filter_excludes_records). Please try the following steps:
Adjust export filter to remove inactive flag, re-run export.
Let me know if this resolves it.
Thanks,
Noor Xu",2026-02-12T00:47:04,Try FAQ steps and provide: Filter id and date range.,issue summary|resolution steps|request to confirm outcome,Reply with whether the issue is resolved and include any remaining error details.,Message is brief; review tone and specificity before reuse.
MSG-000276,TKT-00240,2026-02-18T10:26:20,IT-005,faq,"Hi Vera,

Thanks for the ticket regarding 'Stuck in SSO redirect loop'. We've identified this as a known issue (browser_redirect_loop_on_sso). Please try the following steps:

Clear cookies for portal domain, retry sign-in in private window, verify SSO cert is current.

Let me know if this resolves it.

Thanks,
Tomo Holm","Hi Vera,

Thanks for the ticket regarding 'Stuck in SSO redirect loop'. We've identified this as a known issue (browser_redirect_loop_on_sso). Please try the following steps:

Clear cookies for portal domain, retry sign-in in private window, verify SSO cert is current.

Let me know if this resolves it.

Thanks,
Tomo Holm",2026-02-18T10:53:49,"Try FAQ steps and provide: Browser, OS, screenshot if possible.",issue summary|resolution steps|request to confirm outcome,Reply with whether the issue is resolved and include any remaining error details.,Includes customer-safe steps and confirmation request.
MSG-000277,TKT-00241,2026-02-18T06:20:29,IT-005,specialist_solution,"Hi Tomo,

Our specialist looked into 'MFA prompt never arrives'. Recommended fix:

Force a refresh of the user's SSO group membership and clear server-side session cache.

Let me know how this lands.

Thanks,
Tomo Holm","Hi Tomo,

Our specialist looked into 'MFA prompt never arrives'. Recommended fix:

Force a refresh of the user's SSO group membership and clear server-side session cache.

Let me know how this lands.

Thanks,
Tomo Holm",2026-02-18T06:36:33,Apply the specialist fix or confirm whether the IT team should apply it on the user's behalf.,issue summary|resolution steps|request to confirm outcome,Reply with whether the issue is resolved and include any remaining error details.,Includes customer-safe steps and confirmation request.
MSG-000278,TKT-00242,2026-02-16T20:46:17,IT-006,faq,"Hi Olu,

Thanks for the ticket regarding 'Password reset link expired'. We've identified this as a known issue (policy_block_on_complexity). Please try the following steps:

Share password rules; suggest passphrase; confirm reset succeeds.

Let me know if this resolves it.

Thanks,
Quinn Quintero","Hi Olu,
thanks for reaching out regarding 'Password reset link expired'. We've identified this as a known issue (policy_block_on_complexity). Please try the following steps:
Share password rules; suggest passphrase; confirm reset succeeds.
Let me know if this resolves it.
Thanks,
Quinn Quintero",2026-02-16T21:23:52,Try FAQ steps and provide: Username.,issue summary|resolution steps|request to confirm outcome,Reply with whether the issue is resolved and include any remaining error details.,Message is brief; review tone and specificity before reuse.
MSG-000279,TKT-00243,2026-03-18T19:08:22,IT-003,faq,"Hi Yuki,

Thanks for the ticket regarding 'Need password reset'. We've identified this as a known issue (policy_block_on_complexity). Please try the following steps:

Share password rules; suggest passphrase; confirm reset succeeds.

Let me know if this resolves it.

Thanks,
Vera Liang","Hi Yuki,
thanks for reaching out regarding 'Need password reset'. We've identified this as a known issue (policy_block_on_complexity). Please try the following steps:
Share password rules; suggest passphrase; confirm reset succeeds.
Let me know if this resolves it.
Thanks,
Vera Liang",2026-03-18T19:45:37,Try FAQ steps and provide: Username.,issue summary|resolution steps|request to confirm outcome,Reply with whether the issue is resolved and include any remaining error details.,Message is brief; review tone and specificity before reuse.
MSG-000280,TKT-00244,2026-01-25T08:48:01,IT-003,faq,"Hi Erin,

Thanks for the ticket regarding 'Wi-Fi drops in conference room'. We've identified this as a known issue (wifi_reauth_conference_room). Please try the following steps:

Forget network, reconnect with corp credentials, reauthorize device.

Let me know if this resolves it.

Thanks,
Vera Liang","Hi Erin,
thanks for reaching out regarding 'Wi-Fi drops in conference room'. We've identified this as a known issue (wifi_reauth_conference_room). Please try the following steps:
Forget network, reconnect with corp credentials, reauthorize device.
Let me know if this resolves it.
Thanks,
Vera Liang",2026-01-25T08:53:14,Try FAQ steps and provide: Conference room name.,issue summary|resolution steps|request to confirm outcome,Reply with whether the issue is resolved and include any remaining error details.,Message is brief; review tone and specificity before reuse.
MSG-000281,TKT-00244,2026-01-28T05:57:16,IT-003,specialist_solution,"Hi Erin,

Our specialist looked into 'Wi-Fi drops in conference room'. Recommended fix:

Apply corrected route table entry and validate user can reach internal hosts.

Let me know how this lands.

Thanks,
Vera Liang","Hi Erin,
Our specialist looked into 'Wi-Fi drops in conference room'. Recommended fix:
Apply corrected route table entry and validate user can reach internal hosts.
Let me know how this lands.
Thanks,
Vera Liang",2026-01-28T06:18:26,Apply the specialist fix or confirm whether the IT team should apply it on the user's behalf.,rejection acknowledgement|corrected specialist steps|confirmation request,Reply after retrying the corrected steps.,Acknowledges first attempt and explains corrected next step.
MSG-000282,TKT-00245,2026-03-27T12:57:50,IT-007,faq,"Hi Zane,

Thanks for the ticket regarding 'Need help with a workflow'. We've identified this as a known issue (equipment_return_process). Please try the following steps:

Share return shipping label workflow and confirm receipt expectation.

Let me know if this resolves it.

Thanks,
Zane Underwood","Hi Zane,

Thanks for the ticket regarding 'Need help with a workflow'. We've identified this as a known issue (equipment_return_process). Please try the following steps:

Share return shipping label workflow and confirm receipt expectation.

Let me know if this resolves it.

Thanks,
Zane Underwood",2026-03-27T13:42:07,Try FAQ steps and provide: Last day of employment.,issue summary|resolution steps|request to confirm outcome,Reply with whether the issue is resolved and include any remaining error details.,Includes customer-safe steps and confirmation request.
MSG-000283,TKT-00246,2026-01-15T19:35:44,IT-008,faq,"Hi Jorge,

Thanks for the ticket regarding 'High latency to internal apps'. We've identified this as a known issue (vpn_disconnects_short_intervals). Please try the following steps:

Update VPN profile, restart client, switch to backup gateway.

Let me know if this resolves it.

Thanks,
Maya Chen","Hi Jorge,

Thanks for the ticket regarding 'High latency to internal apps'. We've identified this as a known issue (vpn_disconnects_short_intervals). Please try the following steps:

Update VPN profile, restart client, switch to backup gateway.

Let me know if this resolves it.

Thanks,
Maya Chen",2026-01-15T19:51:17,Try FAQ steps and provide: Region and VPN client version.,issue summary|resolution steps|request to confirm outcome,Reply with whether the issue is resolved and include any remaining error details.,Includes customer-safe steps and confirmation request.
MSG-000284,TKT-00247,2026-03-20T15:51:18,IT-001,specialist_solution,"Hi Vera,

Our specialist looked into 'Wrong billing region applied'. Recommended fix:

Refresh tax engine cache for affected account; reissue invoice with corrected line items.

Let me know how this lands.

Thanks,
Dani Xu","Hi Vera,

Our specialist looked into 'Wrong billing region applied'. Recommended fix:

Refresh tax engine cache for affected account; reissue invoice with corrected line items.

Let me know how this lands.

Thanks,
Dani Xu",2026-03-20T16:05:00,Apply the specialist fix or confirm whether the IT team should apply it on the user's behalf.,issue summary|resolution steps|request to confirm outcome,Reply with whether the issue is resolved and include any remaining error details.,Includes customer-safe steps and confirmation request.
MSG-000285,TKT-00248,2026-01-17T21:50:50,IT-007,specialist_solution,"Hi Priya,

Our specialist looked into 'Cannot download invoice PDF'. Recommended fix:

Refresh tax engine cache for affected account; reissue invoice with corrected line items.

Let me know how this lands.

Thanks,
Zane Underwood","Hi Priya,

Our specialist looked into 'Cannot download invoice PDF'. Recommended fix:

Refresh tax engine cache for affected account; reissue invoice with corrected line items.

Let me know how this lands.

Thanks,
Zane Underwood",2026-01-17T22:14:37,Apply the specialist fix or confirm whether the IT team should apply it on the user's behalf.,issue summary|resolution steps|request to confirm outcome,Reply with whether the issue is resolved and include any remaining error details.,Includes customer-safe steps and confirmation request.
MSG-000286,TKT-00249,2026-03-07T00:48:16,IT-006,faq,"Hi Theo,

Thanks for the ticket regarding 'Service account password expired'. We've identified this as a known issue (policy_block_on_complexity). Please try the following steps:

Share password rules; suggest passphrase; confirm reset succeeds.

Let me know if this resolves it.

Thanks,
Quinn Quintero","Hi Theo,
thanks for reaching out regarding 'Service account password expired'. We've identified this as a known issue (policy_block_on_complexity). Please try the following steps:
Share password rules; suggest passphrase; confirm reset succeeds.
Let me know if this resolves it.
Thanks,
Quinn Quintero",2026-03-07T01:14:54,Try FAQ steps and provide: Username.,issue summary|resolution steps|request to confirm outcome,Reply with whether the issue is resolved and include any remaining error details.,Message is brief; review tone and specificity before reuse.
MSG-000287,TKT-00250,2026-03-03T02:13:43,IT-008,specialist_solution,"Hi Ravi,

Our specialist looked into 'Printer offline error'. Recommended fix:

Push updated driver via MDM and confirm device reports healthy.

Let me know how this lands.

Thanks,
Maya Chen","Hi Ravi,

Our specialist looked into 'Printer offline error'. Recommended fix:

Push updated driver via MDM and confirm device reports healthy.

Let me know how this lands.

Thanks,
Maya Chen",2026-03-03T02:50:42,Apply the specialist fix or confirm whether the IT team should apply it on the user's behalf.,issue summary|resolution steps|request to confirm outcome,Reply with whether the issue is resolved and include any remaining error details.,Includes customer-safe steps and confirmation request.
