event_id,ticket_id,event_time,event_type,actor_type,actor_id,event_notes
EVT-0000001,TKT-00001,2026-01-18T05:46:00,ticket_submitted,customer,CUST-003,channel=portal
EVT-0000002,TKT-00001,2026-01-18T07:56:25,ticket_triaged,it_team,IT-008,category=billing_account; priority=medium
EVT-0000003,TKT-00001,2026-01-18T08:07:21,faq_checked,it_team,IT-008,match=False; confidence=0.33
EVT-0000004,TKT-00001,2026-01-18T08:38:23,ticket_escalated,it_team,IT-008,to specialist SP-010; missing_info=True
EVT-0000005,TKT-00001,2026-01-18T10:01:52,specialist_investigation_started,it_specialist,SP-010,""
EVT-0000006,TKT-00001,2026-01-19T04:58:02,specialist_solution_created,it_specialist,SP-010,root_cause=Tax engine using stale region cache
EVT-0000007,TKT-00001,2026-01-19T05:30:50,specialist_response_drafted,it_team,IT-008,""
EVT-0000008,TKT-00001,2026-01-19T05:44:54,specialist_response_sent,it_team,IT-008,""
EVT-0000009,TKT-00001,2026-01-21T11:19:17,customer_resolution_accepted,customer,CUST-003,""
EVT-0000010,TKT-00001,2026-01-21T11:55:34,ticket_closed,it_team,IT-008,accepted_first_attempt
EVT-0000011,TKT-00002,2026-03-20T05:45:00,ticket_submitted,customer,CUST-007,channel=email
EVT-0000012,TKT-00002,2026-03-20T10:24:42,ticket_triaged,it_team,IT-002,category=email_calendar; priority=medium
EVT-0000013,TKT-00002,2026-03-20T11:09:55,faq_checked,it_team,IT-002,match=True; confidence=0.89
EVT-0000014,TKT-00002,2026-03-20T12:23:33,faq_response_drafted,it_team,IT-002,""
EVT-0000015,TKT-00002,2026-03-20T12:53:31,faq_response_sent,it_team,IT-002,""
EVT-0000016,TKT-00002,2026-03-22T22:48:07,customer_resolution_accepted,customer,CUST-007,""
EVT-0000017,TKT-00002,2026-03-22T23:30:34,ticket_closed,it_team,IT-002,accepted_first_attempt
EVT-0000018,TKT-00003,2026-03-22T16:00:00,ticket_submitted,customer,CUST-013,channel=portal
EVT-0000019,TKT-00003,2026-03-22T17:05:52,ticket_triaged,it_team,IT-008,category=email_calendar; priority=low
EVT-0000020,TKT-00003,2026-03-22T18:01:07,faq_checked,it_team,IT-008,match=False; confidence=0.3
EVT-0000021,TKT-00003,2026-03-22T18:58:40,ticket_escalated,it_team,IT-008,to specialist SP-006; missing_info=True
EVT-0000022,TKT-00003,2026-03-22T19:35:01,specialist_investigation_started,it_specialist,SP-006,""
EVT-0000023,TKT-00003,2026-03-22T22:46:59,specialist_solution_created,it_specialist,SP-006,root_cause=Stale OAuth token in calendar provider
EVT-0000024,TKT-00003,2026-03-23T00:11:32,specialist_response_drafted,it_team,IT-008,""
EVT-0000025,TKT-00003,2026-03-23T00:35:56,specialist_response_sent,it_team,IT-008,""
EVT-0000026,TKT-00003,2026-03-23T13:44:51,customer_resolution_accepted,customer,CUST-013,""
EVT-0000027,TKT-00003,2026-03-23T14:42:25,ticket_closed,it_team,IT-008,accepted_first_attempt
EVT-0000028,TKT-00004,2026-03-15T03:39:00,ticket_submitted,customer,CUST-002,channel=portal
EVT-0000029,TKT-00004,2026-03-15T09:19:35,ticket_triaged,it_team,IT-003,category=password_reset; priority=medium
EVT-0000030,TKT-00004,2026-03-15T10:59:33,faq_checked,it_team,IT-003,match=True; confidence=0.76
EVT-0000031,TKT-00004,2026-03-15T11:56:04,faq_response_drafted,it_team,IT-003,""
EVT-0000032,TKT-00004,2026-03-15T12:01:39,faq_response_sent,it_team,IT-003,""
EVT-0000033,TKT-00004,2026-03-17T16:04:46,customer_resolution_accepted,customer,CUST-002,""
EVT-0000034,TKT-00004,2026-03-17T16:44:43,ticket_closed,it_team,IT-003,accepted_first_attempt
EVT-0000035,TKT-00005,2026-01-26T05:45:00,ticket_submitted,customer,CUST-015,channel=portal
EVT-0000036,TKT-00005,2026-01-26T10:23:25,ticket_triaged,it_team,IT-007,category=email_calendar; priority=low
EVT-0000037,TKT-00005,2026-01-26T11:26:34,faq_checked,it_team,IT-007,match=False; confidence=0.28
EVT-0000038,TKT-00005,2026-01-26T12:10:46,ticket_escalated,it_team,IT-007,to specialist SP-002; missing_info=False
EVT-0000039,TKT-00005,2026-01-26T15:10:19,specialist_investigation_started,it_specialist,SP-002,""
EVT-0000040,TKT-00005,2026-01-26T22:06:46,specialist_solution_created,it_specialist,SP-002,root_cause=Stale OAuth token in calendar provider
EVT-0000041,TKT-00005,2026-01-26T22:36:06,specialist_response_drafted,it_team,IT-007,""
EVT-0000042,TKT-00005,2026-01-26T22:59:20,specialist_response_sent,it_team,IT-007,""
EVT-0000043,TKT-00005,2026-01-27T14:48:05,customer_resolution_accepted,customer,CUST-015,""
EVT-0000044,TKT-00005,2026-01-27T16:02:28,ticket_closed,it_team,IT-007,accepted_first_attempt
EVT-0000045,TKT-00006,2026-01-31T01:14:00,ticket_submitted,customer,CUST-012,channel=portal
EVT-0000046,TKT-00006,2026-01-31T05:48:07,ticket_triaged,it_team,IT-001,category=network_connectivity; priority=medium
EVT-0000047,TKT-00006,2026-01-31T07:14:07,faq_checked,it_team,IT-001,match=True; confidence=0.84
EVT-0000048,TKT-00006,2026-01-31T07:57:35,faq_response_drafted,it_team,IT-001,""
EVT-0000049,TKT-00006,2026-01-31T08:36:05,faq_response_sent,it_team,IT-001,""
EVT-0000050,TKT-00006,2026-02-01T20:23:37,customer_resolution_accepted,customer,CUST-012,""
EVT-0000051,TKT-00006,2026-02-01T21:58:34,ticket_closed,it_team,IT-001,accepted_first_attempt
EVT-0000052,TKT-00007,2026-01-17T16:26:00,ticket_submitted,customer,CUST-006,channel=portal
EVT-0000053,TKT-00007,2026-01-17T17:11:15,ticket_triaged,it_team,IT-002,category=login_access; priority=urgent
EVT-0000054,TKT-00007,2026-01-17T18:59:13,faq_checked,it_team,IT-002,match=True; confidence=0.89
EVT-0000055,TKT-00007,2026-01-17T19:35:32,faq_response_drafted,it_team,IT-002,""
EVT-0000056,TKT-00007,2026-01-17T19:52:37,faq_response_sent,it_team,IT-002,""
EVT-0000057,TKT-00007,2026-01-18T17:44:50,customer_resolution_accepted,customer,CUST-006,""
EVT-0000058,TKT-00007,2026-01-18T18:01:24,ticket_closed,it_team,IT-002,accepted_first_attempt
EVT-0000059,TKT-00008,2026-03-04T18:54:00,ticket_submitted,customer,CUST-002,channel=email
EVT-0000060,TKT-00008,2026-03-04T20:49:10,ticket_triaged,it_team,IT-002,category=login_access; priority=high
EVT-0000061,TKT-00008,2026-03-04T21:40:19,faq_checked,it_team,IT-002,match=False; confidence=0.23
EVT-0000062,TKT-00008,2026-03-04T22:11:06,ticket_escalated,it_team,IT-002,to specialist SP-006; missing_info=True
EVT-0000063,TKT-00008,2026-03-05T00:22:14,specialist_investigation_started,it_specialist,SP-006,""
EVT-0000064,TKT-00008,2026-03-05T09:26:25,specialist_solution_created,it_specialist,SP-006,root_cause=Permission cache out of sync between SSO and target system
EVT-0000065,TKT-00008,2026-03-05T09:51:02,specialist_response_drafted,it_team,IT-002,""
EVT-0000066,TKT-00008,2026-03-05T10:27:56,specialist_response_sent,it_team,IT-002,""
EVT-0000067,TKT-00008,2026-03-06T11:46:25,customer_resolution_rejected,customer,CUST-002,Issue recurred after a few hours
EVT-0000068,TKT-00008,2026-03-06T13:11:09,rejection_verified,it_team,IT-002,""
EVT-0000069,TKT-00008,2026-03-06T15:06:40,ticket_reopened,it_team,IT-002,""
EVT-0000070,TKT-00008,2026-03-06T16:32:34,ticket_escalated,it_team,IT-002,to specialist SP-006; reopen=True
EVT-0000071,TKT-00008,2026-03-06T19:51:10,specialist_investigation_started,it_specialist,SP-006,post_reopen
EVT-0000072,TKT-00008,2026-03-06T20:55:47,specialist_solution_created,it_specialist,SP-006,post_reopen
EVT-0000073,TKT-00008,2026-03-06T21:49:21,specialist_response_drafted,it_team,IT-002,post_reopen
EVT-0000074,TKT-00008,2026-03-06T22:08:44,specialist_response_sent,it_team,IT-002,post_reopen
EVT-0000075,TKT-00008,2026-03-07T20:59:54,customer_resolution_accepted,customer,CUST-002,post_reopen
EVT-0000076,TKT-00008,2026-03-07T22:28:49,ticket_closed,it_team,IT-002,accepted_after_reopen
EVT-0000077,TKT-00009,2026-02-18T02:44:00,ticket_submitted,customer,CUST-010,channel=email
EVT-0000078,TKT-00009,2026-02-18T06:51:51,ticket_triaged,it_team,IT-008,category=software_bug; priority=high
EVT-0000079,TKT-00009,2026-02-18T07:19:50,faq_checked,it_team,IT-008,match=False; confidence=0.32
EVT-0000080,TKT-00009,2026-02-18T07:34:18,ticket_escalated,it_team,IT-008,to specialist SP-008; missing_info=False
EVT-0000081,TKT-00009,2026-02-18T08:24:57,specialist_investigation_started,it_specialist,SP-008,""
EVT-0000082,TKT-00009,2026-02-21T01:26:15,specialist_solution_created,it_specialist,SP-008,root_cause=Race condition in background sync job
EVT-0000083,TKT-00009,2026-02-21T02:52:34,specialist_response_drafted,it_team,IT-008,""
EVT-0000084,TKT-00009,2026-02-21T03:19:03,specialist_response_sent,it_team,IT-008,""
EVT-0000085,TKT-00009,2026-02-21T19:56:33,customer_resolution_rejected,customer,CUST-010,Need different approach
EVT-0000086,TKT-00009,2026-02-21T22:51:04,rejection_verified,it_team,IT-008,""
EVT-0000087,TKT-00009,2026-02-21T23:48:03,ticket_reopened,it_team,IT-008,""
EVT-0000088,TKT-00009,2026-02-22T00:49:30,ticket_escalated,it_team,IT-008,to specialist SP-008; reopen=True
EVT-0000089,TKT-00009,2026-02-22T04:27:30,specialist_investigation_started,it_specialist,SP-008,post_reopen
EVT-0000090,TKT-00009,2026-02-23T05:23:13,specialist_solution_created,it_specialist,SP-008,post_reopen
EVT-0000091,TKT-00009,2026-02-23T06:41:59,specialist_response_drafted,it_team,IT-008,post_reopen
EVT-0000092,TKT-00009,2026-02-23T07:03:10,specialist_response_sent,it_team,IT-008,post_reopen
EVT-0000093,TKT-00009,2026-02-25T08:13:36,customer_resolution_accepted,customer,CUST-010,post_reopen
EVT-0000094,TKT-00009,2026-02-25T08:30:05,ticket_closed,it_team,IT-008,accepted_after_reopen
EVT-0000095,TKT-00010,2026-02-09T21:05:00,ticket_submitted,customer,CUST-007,channel=portal
EVT-0000096,TKT-00010,2026-02-10T01:38:17,ticket_triaged,it_team,IT-008,category=other; priority=low
EVT-0000097,TKT-00010,2026-02-10T02:10:48,faq_checked,it_team,IT-008,match=False; confidence=0.35
EVT-0000098,TKT-00010,2026-02-10T03:33:07,ticket_escalated,it_team,IT-008,to specialist SP-008; missing_info=True
EVT-0000099,TKT-00010,2026-02-10T09:22:07,specialist_investigation_started,it_specialist,SP-008,""
EVT-0000100,TKT-00010,2026-02-11T08:17:32,specialist_solution_created,it_specialist,SP-008,root_cause=Cross-team request requiring case-by-case handling
EVT-0000101,TKT-00010,2026-02-11T09:25:42,specialist_response_drafted,it_team,IT-008,""
EVT-0000102,TKT-00010,2026-02-11T09:52:20,specialist_response_sent,it_team,IT-008,""
EVT-0000103,TKT-00010,2026-02-13T14:49:05,customer_resolution_accepted,customer,CUST-007,""
EVT-0000104,TKT-00010,2026-02-13T15:36:14,ticket_closed,it_team,IT-008,accepted_first_attempt
EVT-0000105,TKT-00011,2026-02-06T09:08:00,ticket_submitted,customer,CUST-014,channel=phone
EVT-0000106,TKT-00011,2026-02-06T11:53:10,ticket_triaged,it_team,IT-008,category=login_access; priority=high
EVT-0000107,TKT-00011,2026-02-06T12:20:22,faq_checked,it_team,IT-008,match=True; confidence=0.87
EVT-0000108,TKT-00011,2026-02-06T12:28:53,ticket_escalated,it_team,IT-008,to specialist SP-002; missing_info=True
EVT-0000109,TKT-00011,2026-02-06T15:04:09,specialist_investigation_started,it_specialist,SP-002,""
EVT-0000110,TKT-00011,2026-02-06T17:56:31,specialist_solution_created,it_specialist,SP-002,root_cause=Permission cache out of sync between SSO and target system
EVT-0000111,TKT-00011,2026-02-06T18:12:59,specialist_response_drafted,it_team,IT-008,""
EVT-0000112,TKT-00011,2026-02-06T18:42:05,specialist_response_sent,it_team,IT-008,""
EVT-0000113,TKT-00011,2026-02-08T03:34:06,customer_resolution_accepted,customer,CUST-014,""
EVT-0000114,TKT-00011,2026-02-08T05:33:48,ticket_closed,it_team,IT-008,accepted_first_attempt
EVT-0000115,TKT-00012,2026-01-19T08:53:00,ticket_submitted,customer,CUST-014,channel=email
EVT-0000116,TKT-00012,2026-01-19T09:36:50,ticket_triaged,it_team,IT-006,category=hardware_issue; priority=high
EVT-0000117,TKT-00012,2026-01-19T11:09:57,faq_checked,it_team,IT-006,match=False; confidence=0.22
EVT-0000118,TKT-00012,2026-01-19T11:58:41,ticket_escalated,it_team,IT-006,to specialist SP-001; missing_info=False
EVT-0000119,TKT-00012,2026-01-19T13:37:08,specialist_investigation_started,it_specialist,SP-001,""
EVT-0000120,TKT-00012,2026-01-20T02:54:25,specialist_solution_created,it_specialist,SP-001,root_cause=Driver mismatch with current OS image
EVT-0000121,TKT-00012,2026-01-20T03:51:16,specialist_response_drafted,it_team,IT-006,""
EVT-0000122,TKT-00012,2026-01-20T04:03:12,specialist_response_sent,it_team,IT-006,""
EVT-0000123,TKT-00012,2026-01-20T17:47:13,customer_resolution_rejected,customer,CUST-014,Steps did not resolve the issue
EVT-0000124,TKT-00012,2026-01-20T18:46:41,rejection_verified,it_team,IT-006,""
EVT-0000125,TKT-00012,2026-01-20T20:09:02,ticket_reopened,it_team,IT-006,""
EVT-0000126,TKT-00012,2026-01-20T21:42:06,ticket_escalated,it_team,IT-006,to specialist SP-001; reopen=True
EVT-0000127,TKT-00012,2026-01-21T01:30:13,specialist_investigation_started,it_specialist,SP-001,post_reopen
EVT-0000128,TKT-00012,2026-01-21T07:10:39,specialist_solution_created,it_specialist,SP-001,post_reopen
EVT-0000129,TKT-00012,2026-01-21T07:39:32,specialist_response_drafted,it_team,IT-006,post_reopen
EVT-0000130,TKT-00012,2026-01-21T08:04:45,specialist_response_sent,it_team,IT-006,post_reopen
EVT-0000131,TKT-00012,2026-01-21T14:14:27,customer_resolution_rejected,customer,CUST-014,post_reopen
EVT-0000132,TKT-00012,2026-01-21T18:06:48,ticket_closed,it_team,IT-006,closed_unresolved_after_reopen
EVT-0000133,TKT-00013,2026-03-17T04:45:00,ticket_submitted,customer,CUST-001,channel=phone
EVT-0000134,TKT-00013,2026-03-17T10:04:26,ticket_triaged,it_team,IT-001,category=password_reset; priority=medium
EVT-0000135,TKT-00013,2026-03-17T11:48:54,faq_checked,it_team,IT-001,match=False; confidence=0.15
EVT-0000136,TKT-00013,2026-03-17T12:59:28,ticket_escalated,it_team,IT-001,to specialist SP-006; missing_info=False
EVT-0000137,TKT-00013,2026-03-17T17:11:28,specialist_investigation_started,it_specialist,SP-006,""
EVT-0000138,TKT-00013,2026-03-17T18:28:18,specialist_solution_created,it_specialist,SP-006,root_cause=Edge-case in privileged-account reset workflow
EVT-0000139,TKT-00013,2026-03-17T19:43:53,specialist_response_drafted,it_team,IT-001,""
EVT-0000140,TKT-00013,2026-03-17T19:59:15,specialist_response_sent,it_team,IT-001,""
EVT-0000141,TKT-00013,2026-03-20T00:31:23,customer_resolution_rejected,customer,CUST-001,Solution applied but symptom persists
EVT-0000142,TKT-00013,2026-03-20T02:37:15,rejection_verified,it_team,IT-001,""
EVT-0000143,TKT-00013,2026-03-20T04:20:51,ticket_closed,it_team,IT-001,closed_unresolved_no_reopen
EVT-0000144,TKT-00014,2026-02-08T14:14:00,ticket_submitted,customer,CUST-006,channel=portal
EVT-0000145,TKT-00014,2026-02-08T16:03:38,ticket_triaged,it_team,IT-007,category=network_connectivity; priority=high
EVT-0000146,TKT-00014,2026-02-08T16:28:45,faq_checked,it_team,IT-007,match=True; confidence=0.85
EVT-0000147,TKT-00014,2026-02-08T16:49:10,faq_response_drafted,it_team,IT-007,""
EVT-0000148,TKT-00014,2026-02-08T16:53:04,faq_response_sent,it_team,IT-007,""
EVT-0000149,TKT-00014,2026-02-09T11:13:20,customer_resolution_accepted,customer,CUST-006,""
EVT-0000150,TKT-00014,2026-02-09T12:39:55,ticket_closed,it_team,IT-007,accepted_first_attempt
EVT-0000151,TKT-00015,2026-01-16T22:36:00,ticket_submitted,customer,CUST-018,channel=portal
EVT-0000152,TKT-00015,2026-01-17T02:27:40,ticket_triaged,it_team,IT-004,category=hardware_issue; priority=low
EVT-0000153,TKT-00015,2026-01-17T03:16:22,faq_checked,it_team,IT-004,match=False; confidence=0.15
EVT-0000154,TKT-00015,2026-01-17T04:30:00,ticket_escalated,it_team,IT-004,to specialist SP-003; missing_info=False
EVT-0000155,TKT-00015,2026-01-17T08:28:33,specialist_investigation_started,it_specialist,SP-003,""
EVT-0000156,TKT-00015,2026-01-18T22:34:31,specialist_solution_created,it_specialist,SP-003,root_cause=Driver mismatch with current OS image
EVT-0000157,TKT-00015,2026-01-18T22:55:50,specialist_response_drafted,it_team,IT-004,""
EVT-0000158,TKT-00015,2026-01-18T23:28:41,specialist_response_sent,it_team,IT-004,""
EVT-0000159,TKT-00015,2026-01-21T06:27:12,customer_resolution_accepted,customer,CUST-018,""
EVT-0000160,TKT-00015,2026-01-21T08:19:39,ticket_closed,it_team,IT-004,accepted_first_attempt
EVT-0000161,TKT-00016,2026-02-02T08:44:00,ticket_submitted,customer,CUST-002,channel=email
EVT-0000162,TKT-00016,2026-02-02T09:29:58,ticket_triaged,it_team,IT-005,category=security_request; priority=urgent
EVT-0000163,TKT-00016,2026-02-02T10:15:31,faq_checked,it_team,IT-005,match=False; confidence=0.37
EVT-0000164,TKT-00016,2026-02-02T10:41:38,ticket_escalated,it_team,IT-005,to specialist SP-002; missing_info=True
EVT-0000165,TKT-00016,2026-02-02T12:25:19,specialist_investigation_started,it_specialist,SP-002,""
EVT-0000166,TKT-00016,2026-02-04T22:11:27,specialist_solution_created,it_specialist,SP-002,root_cause=Manual access review required for sensitive role
EVT-0000167,TKT-00016,2026-02-04T22:30:19,specialist_response_drafted,it_team,IT-005,""
EVT-0000168,TKT-00016,2026-02-04T22:55:15,specialist_response_sent,it_team,IT-005,""
EVT-0000169,TKT-00016,2026-02-05T23:55:26,customer_resolution_accepted,customer,CUST-002,""
EVT-0000170,TKT-00016,2026-02-06T00:08:36,ticket_closed,it_team,IT-005,accepted_first_attempt
EVT-0000171,TKT-00017,2026-03-10T06:54:00,ticket_submitted,customer,CUST-013,channel=phone
EVT-0000172,TKT-00017,2026-03-10T07:38:41,ticket_triaged,it_team,IT-005,category=login_access; priority=medium
EVT-0000173,TKT-00017,2026-03-10T08:40:55,faq_checked,it_team,IT-005,match=True; confidence=0.88
EVT-0000174,TKT-00017,2026-03-10T09:25:58,faq_response_drafted,it_team,IT-005,""
EVT-0000175,TKT-00017,2026-03-10T09:49:41,faq_response_sent,it_team,IT-005,""
EVT-0000176,TKT-00017,2026-03-11T16:50:14,customer_resolution_accepted,customer,CUST-013,""
EVT-0000177,TKT-00017,2026-03-11T18:49:05,ticket_closed,it_team,IT-005,accepted_first_attempt
EVT-0000178,TKT-00018,2026-03-12T08:57:00,ticket_submitted,customer,CUST-011,channel=portal
EVT-0000179,TKT-00018,2026-03-12T10:16:11,ticket_triaged,it_team,IT-008,category=billing_account; priority=low
EVT-0000180,TKT-00018,2026-03-12T10:52:56,faq_checked,it_team,IT-008,match=True; confidence=0.9
EVT-0000181,TKT-00018,2026-03-12T11:48:11,faq_response_drafted,it_team,IT-008,""
EVT-0000182,TKT-00018,2026-03-12T12:03:20,faq_response_sent,it_team,IT-008,""
EVT-0000183,TKT-00018,2026-03-14T10:25:02,customer_resolution_accepted,customer,CUST-011,""
EVT-0000184,TKT-00018,2026-03-14T11:08:06,ticket_closed,it_team,IT-008,accepted_first_attempt
EVT-0000185,TKT-00019,2026-02-09T21:47:00,ticket_submitted,customer,CUST-003,channel=portal
EVT-0000186,TKT-00019,2026-02-09T23:40:45,ticket_triaged,it_team,IT-008,category=network_connectivity; priority=high
EVT-0000187,TKT-00019,2026-02-10T00:03:54,faq_checked,it_team,IT-008,match=False; confidence=0.27
EVT-0000188,TKT-00019,2026-02-10T01:22:34,ticket_escalated,it_team,IT-008,to specialist SP-009; missing_info=False
EVT-0000189,TKT-00019,2026-02-10T02:05:58,specialist_investigation_started,it_specialist,SP-009,""
EVT-0000190,TKT-00019,2026-02-10T11:52:55,specialist_solution_created,it_specialist,SP-009,root_cause=Misconfigured route on regional gateway
EVT-0000191,TKT-00019,2026-02-10T12:25:07,specialist_response_drafted,it_team,IT-008,""
EVT-0000192,TKT-00019,2026-02-10T12:55:22,specialist_response_sent,it_team,IT-008,""
EVT-0000193,TKT-00019,2026-02-11T23:19:28,customer_resolution_accepted,customer,CUST-003,""
EVT-0000194,TKT-00019,2026-02-12T00:47:20,ticket_closed,it_team,IT-008,accepted_first_attempt
EVT-0000195,TKT-00020,2026-03-11T14:55:00,ticket_submitted,customer,CUST-012,channel=phone
EVT-0000196,TKT-00020,2026-03-11T17:47:30,ticket_triaged,it_team,IT-003,category=network_connectivity; priority=medium
EVT-0000197,TKT-00020,2026-03-11T19:23:19,faq_checked,it_team,IT-003,match=True; confidence=0.92
EVT-0000198,TKT-00020,2026-03-11T20:02:25,faq_response_drafted,it_team,IT-003,""
EVT-0000199,TKT-00020,2026-03-11T20:36:55,faq_response_sent,it_team,IT-003,""
EVT-0000200,TKT-00020,2026-03-12T01:26:21,customer_resolution_accepted,customer,CUST-012,""
EVT-0000201,TKT-00020,2026-03-12T03:03:03,ticket_closed,it_team,IT-003,accepted_first_attempt
EVT-0000202,TKT-00021,2026-02-21T15:56:00,ticket_submitted,customer,CUST-018,channel=portal
EVT-0000203,TKT-00021,2026-02-21T17:31:20,ticket_triaged,it_team,IT-002,category=network_connectivity; priority=medium
EVT-0000204,TKT-00021,2026-02-21T18:51:31,faq_checked,it_team,IT-002,match=True; confidence=0.88
EVT-0000205,TKT-00021,2026-02-21T19:52:14,faq_response_drafted,it_team,IT-002,""
EVT-0000206,TKT-00021,2026-02-21T20:08:22,faq_response_sent,it_team,IT-002,""
EVT-0000207,TKT-00021,2026-02-23T21:44:00,customer_resolution_accepted,customer,CUST-018,""
EVT-0000208,TKT-00021,2026-02-23T23:27:52,ticket_closed,it_team,IT-002,accepted_first_attempt
EVT-0000209,TKT-00022,2026-02-17T10:08:00,ticket_submitted,customer,CUST-001,channel=portal
EVT-0000210,TKT-00022,2026-02-17T15:26:54,ticket_triaged,it_team,IT-006,category=login_access; priority=medium
EVT-0000211,TKT-00022,2026-02-17T17:21:41,faq_checked,it_team,IT-006,match=True; confidence=0.93
EVT-0000212,TKT-00022,2026-02-17T18:17:16,faq_response_drafted,it_team,IT-006,""
EVT-0000213,TKT-00022,2026-02-17T18:34:55,faq_response_sent,it_team,IT-006,""
EVT-0000214,TKT-00022,2026-02-18T11:27:29,customer_resolution_rejected,customer,CUST-001,Solution applied but symptom persists
EVT-0000215,TKT-00022,2026-02-18T14:57:59,rejection_verified,it_team,IT-006,""
EVT-0000216,TKT-00022,2026-02-18T16:01:17,ticket_reopened,it_team,IT-006,""
EVT-0000217,TKT-00022,2026-02-18T16:47:19,ticket_escalated,it_team,IT-006,to specialist SP-006; reopen=True
EVT-0000218,TKT-00022,2026-02-18T19:41:43,specialist_investigation_started,it_specialist,SP-006,post_reopen
EVT-0000219,TKT-00022,2026-02-18T23:53:49,specialist_solution_created,it_specialist,SP-006,post_reopen
EVT-0000220,TKT-00022,2026-02-19T00:13:06,specialist_response_drafted,it_team,IT-006,post_reopen
EVT-0000221,TKT-00022,2026-02-19T00:50:02,specialist_response_sent,it_team,IT-006,post_reopen
EVT-0000222,TKT-00022,2026-02-21T10:55:27,customer_resolution_accepted,customer,CUST-001,post_reopen
EVT-0000223,TKT-00022,2026-02-21T11:42:14,ticket_closed,it_team,IT-006,accepted_after_reopen
EVT-0000224,TKT-00023,2026-03-21T13:52:00,ticket_submitted,customer,CUST-007,channel=portal
EVT-0000225,TKT-00023,2026-03-21T19:29:13,ticket_triaged,it_team,IT-003,category=other; priority=medium
EVT-0000226,TKT-00023,2026-03-21T21:08:25,faq_checked,it_team,IT-003,match=False; confidence=0.18
EVT-0000227,TKT-00023,2026-03-21T21:20:45,ticket_escalated,it_team,IT-003,to specialist SP-008; missing_info=False
EVT-0000228,TKT-00023,2026-03-22T03:06:13,specialist_investigation_started,it_specialist,SP-008,""
EVT-0000229,TKT-00023,2026-03-23T00:16:11,specialist_solution_created,it_specialist,SP-008,root_cause=Cross-team request requiring case-by-case handling
EVT-0000230,TKT-00023,2026-03-23T01:11:11,specialist_response_drafted,it_team,IT-003,""
EVT-0000231,TKT-00023,2026-03-23T01:37:09,specialist_response_sent,it_team,IT-003,""
EVT-0000232,TKT-00023,2026-03-23T12:49:38,customer_resolution_accepted,customer,CUST-007,""
EVT-0000233,TKT-00023,2026-03-23T14:21:51,ticket_closed,it_team,IT-003,accepted_first_attempt
EVT-0000234,TKT-00024,2026-03-06T06:58:00,ticket_submitted,customer,CUST-010,channel=email
EVT-0000235,TKT-00024,2026-03-06T08:13:45,ticket_triaged,it_team,IT-008,category=software_bug; priority=high
EVT-0000236,TKT-00024,2026-03-06T09:52:12,faq_checked,it_team,IT-008,match=True; confidence=0.86
EVT-0000237,TKT-00024,2026-03-06T09:59:44,faq_response_drafted,it_team,IT-008,""
EVT-0000238,TKT-00024,2026-03-06T10:18:34,faq_response_sent,it_team,IT-008,""
EVT-0000239,TKT-00024,2026-03-08T14:16:47,customer_resolution_accepted,customer,CUST-010,""
EVT-0000240,TKT-00024,2026-03-08T15:42:58,ticket_closed,it_team,IT-008,accepted_first_attempt
EVT-0000241,TKT-00025,2026-02-25T13:33:00,ticket_submitted,customer,CUST-007,channel=phone
EVT-0000242,TKT-00025,2026-02-25T15:21:22,ticket_triaged,it_team,IT-003,category=login_access; priority=medium
EVT-0000243,TKT-00025,2026-02-25T15:37:59,faq_checked,it_team,IT-003,match=False; confidence=0.1
EVT-0000244,TKT-00025,2026-02-25T16:01:49,ticket_escalated,it_team,IT-003,to specialist SP-006; missing_info=False
EVT-0000245,TKT-00025,2026-02-25T20:15:30,specialist_investigation_started,it_specialist,SP-006,""
EVT-0000246,TKT-00025,2026-02-25T22:06:18,specialist_solution_created,it_specialist,SP-006,root_cause=Permission cache out of sync between SSO and target system
EVT-0000247,TKT-00025,2026-02-25T22:36:18,specialist_response_drafted,it_team,IT-003,""
EVT-0000248,TKT-00025,2026-02-25T22:47:18,specialist_response_sent,it_team,IT-003,""
EVT-0000249,TKT-00025,2026-02-27T10:30:23,customer_resolution_rejected,customer,CUST-007,Solution applied but symptom persists
EVT-0000250,TKT-00025,2026-02-27T12:44:42,rejection_verified,it_team,IT-003,""
EVT-0000251,TKT-00025,2026-02-27T14:16:48,ticket_reopened,it_team,IT-003,""
EVT-0000252,TKT-00025,2026-02-27T14:44:45,ticket_escalated,it_team,IT-003,to specialist SP-006; reopen=True
EVT-0000253,TKT-00025,2026-02-27T15:26:26,specialist_investigation_started,it_specialist,SP-006,post_reopen
EVT-0000254,TKT-00025,2026-02-27T17:24:04,specialist_solution_created,it_specialist,SP-006,post_reopen
EVT-0000255,TKT-00025,2026-02-27T18:04:05,specialist_response_drafted,it_team,IT-003,post_reopen
EVT-0000256,TKT-00025,2026-02-27T18:16:08,specialist_response_sent,it_team,IT-003,post_reopen
EVT-0000257,TKT-00025,2026-02-28T04:10:57,customer_resolution_accepted,customer,CUST-007,post_reopen
EVT-0000258,TKT-00025,2026-02-28T05:41:17,ticket_closed,it_team,IT-003,accepted_after_reopen
EVT-0000259,TKT-00026,2026-02-04T21:09:00,ticket_submitted,customer,CUST-002,channel=phone
EVT-0000260,TKT-00026,2026-02-04T22:58:07,ticket_triaged,it_team,IT-003,category=login_access; priority=high
EVT-0000261,TKT-00026,2026-02-04T23:57:31,faq_checked,it_team,IT-003,match=True; confidence=0.94
EVT-0000262,TKT-00026,2026-02-05T00:31:12,ticket_escalated,it_team,IT-003,to specialist SP-002; missing_info=False
EVT-0000263,TKT-00026,2026-02-05T04:32:30,specialist_investigation_started,it_specialist,SP-002,""
EVT-0000264,TKT-00026,2026-02-05T09:04:46,specialist_solution_created,it_specialist,SP-002,root_cause=Permission cache out of sync between SSO and target system
EVT-0000265,TKT-00026,2026-02-05T09:40:11,specialist_response_drafted,it_team,IT-003,""
EVT-0000266,TKT-00026,2026-02-05T09:56:40,specialist_response_sent,it_team,IT-003,""
EVT-0000267,TKT-00026,2026-02-06T13:41:09,customer_resolution_accepted,customer,CUST-002,""
EVT-0000268,TKT-00026,2026-02-06T15:18:36,ticket_closed,it_team,IT-003,accepted_first_attempt
EVT-0000269,TKT-00027,2026-03-25T01:38:00,ticket_submitted,customer,CUST-018,channel=portal
EVT-0000270,TKT-00027,2026-03-25T04:38:12,ticket_triaged,it_team,IT-004,category=password_reset; priority=low
EVT-0000271,TKT-00027,2026-03-25T06:21:59,faq_checked,it_team,IT-004,match=True; confidence=0.73
EVT-0000272,TKT-00027,2026-03-25T06:45:39,faq_response_drafted,it_team,IT-004,""
EVT-0000273,TKT-00027,2026-03-25T07:29:29,faq_response_sent,it_team,IT-004,""
EVT-0000274,TKT-00027,2026-03-27T04:39:25,customer_resolution_accepted,customer,CUST-018,""
EVT-0000275,TKT-00027,2026-03-27T05:55:17,ticket_closed,it_team,IT-004,accepted_first_attempt
EVT-0000276,TKT-00028,2026-03-03T17:17:00,ticket_submitted,customer,CUST-002,channel=portal
EVT-0000277,TKT-00028,2026-03-03T22:04:46,ticket_triaged,it_team,IT-008,category=security_request; priority=high
EVT-0000278,TKT-00028,2026-03-03T22:22:17,faq_checked,it_team,IT-008,match=False; confidence=0.23
EVT-0000279,TKT-00028,2026-03-03T23:29:28,ticket_escalated,it_team,IT-008,to specialist SP-002; missing_info=False
EVT-0000280,TKT-00028,2026-03-04T03:21:27,specialist_investigation_started,it_specialist,SP-002,""
EVT-0000281,TKT-00028,2026-03-06T01:46:49,specialist_solution_created,it_specialist,SP-002,root_cause=Manual access review required for sensitive role
EVT-0000282,TKT-00028,2026-03-06T02:12:26,specialist_response_drafted,it_team,IT-008,""
EVT-0000283,TKT-00028,2026-03-06T02:30:30,specialist_response_sent,it_team,IT-008,""
EVT-0000284,TKT-00028,2026-03-06T22:26:15,customer_resolution_accepted,customer,CUST-002,""
EVT-0000285,TKT-00028,2026-03-06T23:15:16,ticket_closed,it_team,IT-008,accepted_first_attempt
EVT-0000286,TKT-00029,2026-03-19T18:07:00,ticket_submitted,customer,CUST-014,channel=portal
EVT-0000287,TKT-00029,2026-03-19T19:39:38,ticket_triaged,it_team,IT-001,category=email_calendar; priority=urgent
EVT-0000288,TKT-00029,2026-03-19T21:26:23,faq_checked,it_team,IT-001,match=False; confidence=0.09
EVT-0000289,TKT-00029,2026-03-19T22:18:28,ticket_escalated,it_team,IT-001,to specialist SP-006; missing_info=False
EVT-0000290,TKT-00029,2026-03-20T01:52:10,specialist_investigation_started,it_specialist,SP-006,""
EVT-0000291,TKT-00029,2026-03-20T02:26:54,specialist_solution_created,it_specialist,SP-006,root_cause=Stale OAuth token in calendar provider
EVT-0000292,TKT-00029,2026-03-20T03:51:42,specialist_response_drafted,it_team,IT-001,""
EVT-0000293,TKT-00029,2026-03-20T04:36:23,specialist_response_sent,it_team,IT-001,""
EVT-0000294,TKT-00029,2026-03-22T00:29:49,customer_resolution_accepted,customer,CUST-014,""
EVT-0000295,TKT-00029,2026-03-22T01:59:59,ticket_closed,it_team,IT-001,accepted_first_attempt
EVT-0000296,TKT-00030,2026-02-12T17:57:00,ticket_submitted,customer,CUST-005,channel=portal
EVT-0000297,TKT-00030,2026-02-12T19:25:14,ticket_triaged,it_team,IT-004,category=email_calendar; priority=medium
EVT-0000298,TKT-00030,2026-02-12T21:09:39,faq_checked,it_team,IT-004,match=True; confidence=0.66
EVT-0000299,TKT-00030,2026-02-12T21:57:48,faq_response_drafted,it_team,IT-004,""
EVT-0000300,TKT-00030,2026-02-12T22:25:17,faq_response_sent,it_team,IT-004,""
EVT-0000301,TKT-00030,2026-02-13T05:51:50,customer_resolution_rejected,customer,CUST-005,Solution applied but symptom persists
EVT-0000302,TKT-00030,2026-02-13T06:46:31,rejection_verified,it_team,IT-004,""
EVT-0000303,TKT-00030,2026-02-13T10:58:58,ticket_closed,it_team,IT-004,closed_unresolved_no_reopen
EVT-0000304,TKT-00031,2026-02-02T06:55:00,ticket_submitted,customer,CUST-010,channel=phone
EVT-0000305,TKT-00031,2026-02-02T11:59:12,ticket_triaged,it_team,IT-003,category=email_calendar; priority=medium
EVT-0000306,TKT-00031,2026-02-02T13:41:25,faq_checked,it_team,IT-003,match=True; confidence=0.84
EVT-0000307,TKT-00031,2026-02-02T13:55:14,ticket_escalated,it_team,IT-003,to specialist SP-002; missing_info=False
EVT-0000308,TKT-00031,2026-02-02T18:22:26,specialist_investigation_started,it_specialist,SP-002,""
EVT-0000309,TKT-00031,2026-02-02T21:15:58,specialist_solution_created,it_specialist,SP-002,root_cause=Stale OAuth token in calendar provider
EVT-0000310,TKT-00031,2026-02-02T21:45:22,specialist_response_drafted,it_team,IT-003,""
EVT-0000311,TKT-00031,2026-02-02T22:18:11,specialist_response_sent,it_team,IT-003,""
EVT-0000312,TKT-00031,2026-02-04T02:36:48,customer_resolution_accepted,customer,CUST-010,""
EVT-0000313,TKT-00031,2026-02-04T03:03:40,ticket_closed,it_team,IT-003,accepted_first_attempt
EVT-0000314,TKT-00032,2026-03-26T12:25:00,ticket_submitted,customer,CUST-013,channel=portal
EVT-0000315,TKT-00032,2026-03-26T13:15:34,ticket_triaged,it_team,IT-002,category=password_reset; priority=medium
EVT-0000316,TKT-00032,2026-03-26T13:33:05,faq_checked,it_team,IT-002,match=True; confidence=0.78
EVT-0000317,TKT-00032,2026-03-26T13:40:06,faq_response_drafted,it_team,IT-002,""
EVT-0000318,TKT-00032,2026-03-26T13:45:19,faq_response_sent,it_team,IT-002,""
EVT-0000319,TKT-00032,2026-03-28T23:33:40,customer_resolution_accepted,customer,CUST-013,""
EVT-0000320,TKT-00032,2026-03-29T00:57:01,ticket_closed,it_team,IT-002,accepted_first_attempt
EVT-0000321,TKT-00033,2026-03-22T15:41:00,ticket_submitted,customer,CUST-002,channel=portal
EVT-0000322,TKT-00033,2026-03-22T21:15:23,ticket_triaged,it_team,IT-008,category=password_reset; priority=medium
EVT-0000323,TKT-00033,2026-03-22T23:05:34,faq_checked,it_team,IT-008,match=True; confidence=0.86
EVT-0000324,TKT-00033,2026-03-23T00:19:10,faq_response_drafted,it_team,IT-008,""
EVT-0000325,TKT-00033,2026-03-23T00:50:08,faq_response_sent,it_team,IT-008,""
EVT-0000326,TKT-00033,2026-03-24T10:34:21,customer_resolution_accepted,customer,CUST-002,""
EVT-0000327,TKT-00033,2026-03-24T12:05:13,ticket_closed,it_team,IT-008,accepted_first_attempt
EVT-0000328,TKT-00034,2026-01-21T09:40:00,ticket_submitted,customer,CUST-005,channel=email
EVT-0000329,TKT-00034,2026-01-21T13:58:06,ticket_triaged,it_team,IT-007,category=login_access; priority=medium
EVT-0000330,TKT-00034,2026-01-21T15:49:54,faq_checked,it_team,IT-007,match=False; confidence=0.23
EVT-0000331,TKT-00034,2026-01-21T16:30:32,ticket_escalated,it_team,IT-007,to specialist SP-006; missing_info=True
EVT-0000332,TKT-00034,2026-01-21T17:58:59,specialist_investigation_started,it_specialist,SP-006,""
EVT-0000333,TKT-00034,2026-01-21T20:21:26,specialist_solution_created,it_specialist,SP-006,root_cause=Permission cache out of sync between SSO and target system
EVT-0000334,TKT-00034,2026-01-21T21:15:54,specialist_response_drafted,it_team,IT-007,""
EVT-0000335,TKT-00034,2026-01-21T21:28:25,specialist_response_sent,it_team,IT-007,""
EVT-0000336,TKT-00034,2026-01-22T22:25:27,customer_resolution_accepted,customer,CUST-005,""
EVT-0000337,TKT-00034,2026-01-23T00:20:27,ticket_closed,it_team,IT-007,accepted_first_attempt
EVT-0000338,TKT-00035,2026-03-14T14:17:00,ticket_submitted,customer,CUST-008,channel=portal
EVT-0000339,TKT-00035,2026-03-14T19:50:22,ticket_triaged,it_team,IT-006,category=billing_account; priority=medium
EVT-0000340,TKT-00035,2026-03-14T20:22:13,faq_checked,it_team,IT-006,match=False; confidence=0.06
EVT-0000341,TKT-00035,2026-03-14T20:51:39,ticket_escalated,it_team,IT-006,to specialist SP-010; missing_info=False
EVT-0000342,TKT-00035,2026-03-15T01:33:32,specialist_investigation_started,it_specialist,SP-010,""
EVT-0000343,TKT-00035,2026-03-15T15:20:45,specialist_solution_created,it_specialist,SP-010,root_cause=Tax engine using stale region cache
EVT-0000344,TKT-00035,2026-03-15T15:30:14,specialist_response_drafted,it_team,IT-006,""
EVT-0000345,TKT-00035,2026-03-15T15:36:52,specialist_response_sent,it_team,IT-006,""
EVT-0000346,TKT-00035,2026-03-17T00:00:07,customer_resolution_accepted,customer,CUST-008,""
EVT-0000347,TKT-00035,2026-03-17T01:18:15,ticket_closed,it_team,IT-006,accepted_first_attempt
EVT-0000348,TKT-00036,2026-02-12T06:14:00,ticket_submitted,customer,CUST-001,channel=portal
EVT-0000349,TKT-00036,2026-02-12T09:19:12,ticket_triaged,it_team,IT-007,category=email_calendar; priority=low
EVT-0000350,TKT-00036,2026-02-12T09:53:12,faq_checked,it_team,IT-007,match=False; confidence=0.41
EVT-0000351,TKT-00036,2026-02-12T10:02:59,ticket_escalated,it_team,IT-007,to specialist SP-006; missing_info=False
EVT-0000352,TKT-00036,2026-02-12T13:28:20,specialist_investigation_started,it_specialist,SP-006,""
EVT-0000353,TKT-00036,2026-02-12T21:39:51,specialist_solution_created,it_specialist,SP-006,root_cause=Stale OAuth token in calendar provider
EVT-0000354,TKT-00036,2026-02-12T22:46:32,specialist_response_drafted,it_team,IT-007,""
EVT-0000355,TKT-00036,2026-02-12T23:23:01,specialist_response_sent,it_team,IT-007,""
EVT-0000356,TKT-00036,2026-02-14T14:07:18,customer_resolution_accepted,customer,CUST-001,""
EVT-0000357,TKT-00036,2026-02-14T14:29:25,ticket_closed,it_team,IT-007,accepted_first_attempt
EVT-0000358,TKT-00037,2026-02-15T17:56:00,ticket_submitted,customer,CUST-010,channel=email
EVT-0000359,TKT-00037,2026-02-15T21:07:30,ticket_triaged,it_team,IT-007,category=billing_account; priority=medium
EVT-0000360,TKT-00037,2026-02-15T21:38:34,faq_checked,it_team,IT-007,match=False; confidence=0.17
EVT-0000361,TKT-00037,2026-02-15T21:48:13,ticket_escalated,it_team,IT-007,to specialist SP-010; missing_info=False
EVT-0000362,TKT-00037,2026-02-16T00:18:21,specialist_investigation_started,it_specialist,SP-010,""
EVT-0000363,TKT-00037,2026-02-16T14:39:36,specialist_solution_created,it_specialist,SP-010,root_cause=Tax engine using stale region cache
EVT-0000364,TKT-00037,2026-02-16T15:01:52,specialist_response_drafted,it_team,IT-007,""
EVT-0000365,TKT-00037,2026-02-16T15:19:33,specialist_response_sent,it_team,IT-007,""
EVT-0000366,TKT-00037,2026-02-17T03:55:37,customer_resolution_accepted,customer,CUST-010,""
EVT-0000367,TKT-00037,2026-02-17T05:06:53,ticket_closed,it_team,IT-007,accepted_first_attempt
EVT-0000368,TKT-00038,2026-02-26T08:06:00,ticket_submitted,customer,CUST-006,channel=portal
EVT-0000369,TKT-00038,2026-02-26T10:45:29,ticket_triaged,it_team,IT-003,category=password_reset; priority=high
EVT-0000370,TKT-00038,2026-02-26T10:56:29,faq_checked,it_team,IT-003,match=True; confidence=0.84
EVT-0000371,TKT-00038,2026-02-26T11:44:42,ticket_escalated,it_team,IT-003,to specialist SP-006; missing_info=False
EVT-0000372,TKT-00038,2026-02-26T12:58:05,specialist_investigation_started,it_specialist,SP-006,""
EVT-0000373,TKT-00038,2026-02-26T14:08:18,specialist_solution_created,it_specialist,SP-006,root_cause=Edge-case in privileged-account reset workflow
EVT-0000374,TKT-00038,2026-02-26T14:33:42,specialist_response_drafted,it_team,IT-003,""
EVT-0000375,TKT-00038,2026-02-26T14:39:36,specialist_response_sent,it_team,IT-003,""
EVT-0000376,TKT-00038,2026-02-27T22:23:39,customer_resolution_accepted,customer,CUST-006,""
EVT-0000377,TKT-00038,2026-02-27T22:37:14,ticket_closed,it_team,IT-003,accepted_first_attempt
EVT-0000378,TKT-00039,2026-02-03T10:52:00,ticket_submitted,customer,CUST-008,channel=email
EVT-0000379,TKT-00039,2026-02-03T14:02:08,ticket_triaged,it_team,IT-008,category=email_calendar; priority=medium
EVT-0000380,TKT-00039,2026-02-03T15:36:50,faq_checked,it_team,IT-008,match=True; confidence=0.66
EVT-0000381,TKT-00039,2026-02-03T16:23:20,faq_response_drafted,it_team,IT-008,""
EVT-0000382,TKT-00039,2026-02-03T16:35:09,faq_response_sent,it_team,IT-008,""
EVT-0000383,TKT-00039,2026-02-04T13:48:12,customer_resolution_accepted,customer,CUST-008,""
EVT-0000384,TKT-00039,2026-02-04T15:15:18,ticket_closed,it_team,IT-008,accepted_first_attempt
EVT-0000385,TKT-00040,2026-02-26T09:09:00,ticket_submitted,customer,CUST-006,channel=portal
EVT-0000386,TKT-00040,2026-02-26T10:27:20,ticket_triaged,it_team,IT-004,category=other; priority=high
EVT-0000387,TKT-00040,2026-02-26T11:22:24,faq_checked,it_team,IT-004,match=False; confidence=0.31
EVT-0000388,TKT-00040,2026-02-26T12:04:41,ticket_escalated,it_team,IT-004,to specialist SP-008; missing_info=False
EVT-0000389,TKT-00040,2026-02-26T14:11:42,specialist_investigation_started,it_specialist,SP-008,""
EVT-0000390,TKT-00040,2026-02-28T23:56:24,specialist_solution_created,it_specialist,SP-008,root_cause=Cross-team request requiring case-by-case handling
EVT-0000391,TKT-00040,2026-03-01T01:22:34,specialist_response_drafted,it_team,IT-004,""
EVT-0000392,TKT-00040,2026-03-01T01:53:32,specialist_response_sent,it_team,IT-004,""
EVT-0000393,TKT-00040,2026-03-03T07:09:56,customer_resolution_accepted,customer,CUST-006,""
EVT-0000394,TKT-00040,2026-03-03T09:04:48,ticket_closed,it_team,IT-004,accepted_first_attempt
EVT-0000395,TKT-00041,2026-02-08T20:20:00,ticket_submitted,customer,CUST-006,channel=portal
EVT-0000396,TKT-00041,2026-02-08T23:31:58,ticket_triaged,it_team,IT-003,category=network_connectivity; priority=urgent
EVT-0000397,TKT-00041,2026-02-09T00:10:27,faq_checked,it_team,IT-003,match=False; confidence=0.22
EVT-0000398,TKT-00041,2026-02-09T01:37:02,ticket_escalated,it_team,IT-003,to specialist SP-004; missing_info=False
EVT-0000399,TKT-00041,2026-02-09T03:52:25,specialist_investigation_started,it_specialist,SP-004,""
EVT-0000400,TKT-00041,2026-02-09T10:12:20,specialist_solution_created,it_specialist,SP-004,root_cause=Misconfigured route on regional gateway
EVT-0000401,TKT-00041,2026-02-09T11:16:14,specialist_response_drafted,it_team,IT-003,""
EVT-0000402,TKT-00041,2026-02-09T11:24:51,specialist_response_sent,it_team,IT-003,""
EVT-0000403,TKT-00041,2026-02-10T19:09:25,customer_resolution_accepted,customer,CUST-006,""
EVT-0000404,TKT-00041,2026-02-10T19:38:02,ticket_closed,it_team,IT-003,accepted_first_attempt
EVT-0000405,TKT-00042,2026-02-01T01:10:00,ticket_submitted,customer,CUST-004,channel=email
EVT-0000406,TKT-00042,2026-02-01T06:29:55,ticket_triaged,it_team,IT-008,category=security_request; priority=high
EVT-0000407,TKT-00042,2026-02-01T07:52:02,faq_checked,it_team,IT-008,match=False; confidence=0.05
EVT-0000408,TKT-00042,2026-02-01T08:29:52,ticket_escalated,it_team,IT-008,to specialist SP-006; missing_info=False
EVT-0000409,TKT-00042,2026-02-01T10:39:33,specialist_investigation_started,it_specialist,SP-006,""
EVT-0000410,TKT-00042,2026-02-03T09:56:03,specialist_solution_created,it_specialist,SP-006,root_cause=Manual access review required for sensitive role
EVT-0000411,TKT-00042,2026-02-03T11:11:03,specialist_response_drafted,it_team,IT-008,""
EVT-0000412,TKT-00042,2026-02-03T11:30:24,specialist_response_sent,it_team,IT-008,""
EVT-0000413,TKT-00042,2026-02-04T11:38:48,customer_resolution_accepted,customer,CUST-004,""
EVT-0000414,TKT-00042,2026-02-04T12:37:12,ticket_closed,it_team,IT-008,accepted_first_attempt
EVT-0000415,TKT-00043,2026-01-16T07:24:00,ticket_submitted,customer,CUST-014,channel=portal
EVT-0000416,TKT-00043,2026-01-16T12:58:33,ticket_triaged,it_team,IT-006,category=email_calendar; priority=high
EVT-0000417,TKT-00043,2026-01-16T13:07:47,faq_checked,it_team,IT-006,match=True; confidence=0.85
EVT-0000418,TKT-00043,2026-01-16T14:28:20,faq_response_drafted,it_team,IT-006,""
EVT-0000419,TKT-00043,2026-01-16T15:02:53,faq_response_sent,it_team,IT-006,""
EVT-0000420,TKT-00043,2026-01-19T02:04:22,customer_resolution_accepted,customer,CUST-014,""
EVT-0000421,TKT-00043,2026-01-19T03:34:23,ticket_closed,it_team,IT-006,accepted_first_attempt
EVT-0000422,TKT-00044,2026-03-20T06:50:00,ticket_submitted,customer,CUST-011,channel=email
EVT-0000423,TKT-00044,2026-03-20T09:22:12,ticket_triaged,it_team,IT-008,category=email_calendar; priority=medium
EVT-0000424,TKT-00044,2026-03-20T09:51:49,faq_checked,it_team,IT-008,match=True; confidence=0.84
EVT-0000425,TKT-00044,2026-03-20T11:17:34,faq_response_drafted,it_team,IT-008,""
EVT-0000426,TKT-00044,2026-03-20T12:01:52,faq_response_sent,it_team,IT-008,""
EVT-0000427,TKT-00044,2026-03-21T15:29:09,customer_resolution_accepted,customer,CUST-011,""
EVT-0000428,TKT-00044,2026-03-21T17:28:35,ticket_closed,it_team,IT-008,accepted_first_attempt
EVT-0000429,TKT-00045,2026-02-05T20:05:00,ticket_submitted,customer,CUST-013,channel=portal
EVT-0000430,TKT-00045,2026-02-05T22:43:48,ticket_triaged,it_team,IT-003,category=security_request; priority=medium
EVT-0000431,TKT-00045,2026-02-05T23:16:23,faq_checked,it_team,IT-003,match=True; confidence=0.93
EVT-0000432,TKT-00045,2026-02-05T23:30:56,ticket_escalated,it_team,IT-003,to specialist SP-006; missing_info=False
EVT-0000433,TKT-00045,2026-02-06T03:21:27,specialist_investigation_started,it_specialist,SP-006,""
EVT-0000434,TKT-00045,2026-02-08T01:48:28,specialist_solution_created,it_specialist,SP-006,root_cause=Manual access review required for sensitive role
EVT-0000435,TKT-00045,2026-02-08T02:38:23,specialist_response_drafted,it_team,IT-003,""
EVT-0000436,TKT-00045,2026-02-08T03:21:45,specialist_response_sent,it_team,IT-003,""
EVT-0000437,TKT-00045,2026-02-09T07:10:39,customer_resolution_accepted,customer,CUST-013,""
EVT-0000438,TKT-00045,2026-02-09T08:37:10,ticket_closed,it_team,IT-003,accepted_first_attempt
EVT-0000439,TKT-00046,2026-02-03T01:03:00,ticket_submitted,customer,CUST-003,channel=portal
EVT-0000440,TKT-00046,2026-02-03T03:14:50,ticket_triaged,it_team,IT-001,category=login_access; priority=medium
EVT-0000441,TKT-00046,2026-02-03T03:58:32,faq_checked,it_team,IT-001,match=False; confidence=0.13
EVT-0000442,TKT-00046,2026-02-03T05:22:15,ticket_escalated,it_team,IT-001,to specialist SP-002; missing_info=False
EVT-0000443,TKT-00046,2026-02-03T06:35:20,specialist_investigation_started,it_specialist,SP-002,""
EVT-0000444,TKT-00046,2026-02-03T08:53:25,specialist_solution_created,it_specialist,SP-002,root_cause=Permission cache out of sync between SSO and target system
EVT-0000445,TKT-00046,2026-02-03T09:23:34,specialist_response_drafted,it_team,IT-001,""
EVT-0000446,TKT-00046,2026-02-03T09:55:20,specialist_response_sent,it_team,IT-001,""
EVT-0000447,TKT-00046,2026-02-03T23:05:52,customer_resolution_accepted,customer,CUST-003,""
EVT-0000448,TKT-00046,2026-02-04T00:09:57,ticket_closed,it_team,IT-001,accepted_first_attempt
EVT-0000449,TKT-00047,2026-03-22T21:35:00,ticket_submitted,customer,CUST-004,channel=portal
EVT-0000450,TKT-00047,2026-03-23T00:37:10,ticket_triaged,it_team,IT-003,category=other; priority=medium
EVT-0000451,TKT-00047,2026-03-23T01:54:11,faq_checked,it_team,IT-003,match=False; confidence=0.33
EVT-0000452,TKT-00047,2026-03-23T02:50:26,ticket_escalated,it_team,IT-003,to specialist SP-008; missing_info=False
EVT-0000453,TKT-00047,2026-03-23T07:07:27,specialist_investigation_started,it_specialist,SP-008,""
EVT-0000454,TKT-00047,2026-03-24T15:48:58,specialist_solution_created,it_specialist,SP-008,root_cause=Cross-team request requiring case-by-case handling
EVT-0000455,TKT-00047,2026-03-24T16:09:33,specialist_response_drafted,it_team,IT-003,""
EVT-0000456,TKT-00047,2026-03-24T16:49:41,specialist_response_sent,it_team,IT-003,""
EVT-0000457,TKT-00047,2026-03-26T12:10:40,customer_resolution_accepted,customer,CUST-004,""
EVT-0000458,TKT-00047,2026-03-26T12:52:13,ticket_closed,it_team,IT-003,accepted_first_attempt
EVT-0000459,TKT-00048,2026-01-19T18:37:00,ticket_submitted,customer,CUST-014,channel=portal
EVT-0000460,TKT-00048,2026-01-19T19:39:33,ticket_triaged,it_team,IT-008,category=password_reset; priority=high
EVT-0000461,TKT-00048,2026-01-19T19:50:58,faq_checked,it_team,IT-008,match=True; confidence=0.9
EVT-0000462,TKT-00048,2026-01-19T20:01:51,faq_response_drafted,it_team,IT-008,""
EVT-0000463,TKT-00048,2026-01-19T20:17:14,faq_response_sent,it_team,IT-008,""
EVT-0000464,TKT-00048,2026-01-22T02:41:25,customer_resolution_accepted,customer,CUST-014,""
EVT-0000465,TKT-00048,2026-01-22T04:40:01,ticket_closed,it_team,IT-008,accepted_first_attempt
EVT-0000466,TKT-00049,2026-03-13T18:11:00,ticket_submitted,customer,CUST-013,channel=portal
EVT-0000467,TKT-00049,2026-03-13T19:30:36,ticket_triaged,it_team,IT-008,category=billing_account; priority=medium
EVT-0000468,TKT-00049,2026-03-13T20:40:45,faq_checked,it_team,IT-008,match=True; confidence=0.7
EVT-0000469,TKT-00049,2026-03-13T20:51:36,faq_response_drafted,it_team,IT-008,""
EVT-0000470,TKT-00049,2026-03-13T21:05:38,faq_response_sent,it_team,IT-008,""
EVT-0000471,TKT-00049,2026-03-14T22:16:19,customer_resolution_accepted,customer,CUST-013,""
EVT-0000472,TKT-00049,2026-03-14T22:33:38,ticket_closed,it_team,IT-008,accepted_first_attempt
EVT-0000473,TKT-00050,2026-02-22T12:10:00,ticket_submitted,customer,CUST-010,channel=email
EVT-0000474,TKT-00050,2026-02-22T17:40:41,ticket_triaged,it_team,IT-006,category=login_access; priority=high
EVT-0000475,TKT-00050,2026-02-22T18:00:22,faq_checked,it_team,IT-006,match=True; confidence=0.88
EVT-0000476,TKT-00050,2026-02-22T19:06:40,faq_response_drafted,it_team,IT-006,""
EVT-0000477,TKT-00050,2026-02-22T19:11:50,faq_response_sent,it_team,IT-006,""
EVT-0000478,TKT-00050,2026-02-23T14:04:57,customer_resolution_accepted,customer,CUST-010,""
EVT-0000479,TKT-00050,2026-02-23T14:19:30,ticket_closed,it_team,IT-006,accepted_first_attempt
EVT-0000480,TKT-00051,2026-02-24T03:35:00,ticket_submitted,customer,CUST-013,channel=email
EVT-0000481,TKT-00051,2026-02-24T03:53:50,ticket_triaged,it_team,IT-008,category=password_reset; priority=low
EVT-0000482,TKT-00051,2026-02-24T04:34:51,faq_checked,it_team,IT-008,match=True; confidence=0.76
EVT-0000483,TKT-00051,2026-02-24T06:00:29,faq_response_drafted,it_team,IT-008,""
EVT-0000484,TKT-00051,2026-02-24T06:30:44,faq_response_sent,it_team,IT-008,""
EVT-0000485,TKT-00051,2026-02-25T12:57:37,customer_resolution_accepted,customer,CUST-013,""
EVT-0000486,TKT-00051,2026-02-25T13:54:55,ticket_closed,it_team,IT-008,accepted_first_attempt
EVT-0000487,TKT-00052,2026-01-18T13:46:00,ticket_submitted,customer,CUST-016,channel=email
EVT-0000488,TKT-00052,2026-01-18T18:46:01,ticket_triaged,it_team,IT-003,category=login_access; priority=medium
EVT-0000489,TKT-00052,2026-01-18T20:40:12,faq_checked,it_team,IT-003,match=True; confidence=0.72
EVT-0000490,TKT-00052,2026-01-18T21:11:11,faq_response_drafted,it_team,IT-003,""
EVT-0000491,TKT-00052,2026-01-18T21:31:40,faq_response_sent,it_team,IT-003,""
EVT-0000492,TKT-00052,2026-01-19T15:37:08,customer_resolution_accepted,customer,CUST-016,""
EVT-0000493,TKT-00052,2026-01-19T16:23:17,ticket_closed,it_team,IT-003,accepted_first_attempt
EVT-0000494,TKT-00053,2026-03-30T13:08:00,ticket_submitted,customer,CUST-006,channel=portal
EVT-0000495,TKT-00053,2026-03-30T18:16:37,ticket_triaged,it_team,IT-003,category=billing_account; priority=high
EVT-0000496,TKT-00053,2026-03-30T19:28:46,faq_checked,it_team,IT-003,match=False; confidence=0.37
EVT-0000497,TKT-00053,2026-03-30T19:59:53,ticket_escalated,it_team,IT-003,to specialist SP-010; missing_info=False
EVT-0000498,TKT-00053,2026-03-31T01:53:02,specialist_investigation_started,it_specialist,SP-010,""
EVT-0000499,TKT-00053,2026-03-31T04:37:13,specialist_solution_created,it_specialist,SP-010,root_cause=Tax engine using stale region cache
EVT-0000500,TKT-00053,2026-03-31T05:20:50,specialist_response_drafted,it_team,IT-003,""
EVT-0000501,TKT-00053,2026-03-31T05:48:04,specialist_response_sent,it_team,IT-003,""
EVT-0000502,TKT-00053,2026-04-02T14:58:38,customer_resolution_accepted,customer,CUST-006,""
EVT-0000503,TKT-00053,2026-04-02T15:40:28,ticket_closed,it_team,IT-003,accepted_first_attempt
EVT-0000504,TKT-00054,2026-02-11T12:24:00,ticket_submitted,customer,CUST-005,channel=portal
EVT-0000505,TKT-00054,2026-02-11T13:17:52,ticket_triaged,it_team,IT-005,category=hardware_issue; priority=medium
EVT-0000506,TKT-00054,2026-02-11T15:04:49,faq_checked,it_team,IT-005,match=False; confidence=0.41
EVT-0000507,TKT-00054,2026-02-11T16:16:30,ticket_escalated,it_team,IT-005,to specialist SP-003; missing_info=False
EVT-0000508,TKT-00054,2026-02-11T20:07:21,specialist_investigation_started,it_specialist,SP-003,""
EVT-0000509,TKT-00054,2026-02-13T02:34:30,specialist_solution_created,it_specialist,SP-003,root_cause=Driver mismatch with current OS image
EVT-0000510,TKT-00054,2026-02-13T03:43:04,specialist_response_drafted,it_team,IT-005,""
EVT-0000511,TKT-00054,2026-02-13T04:11:05,specialist_response_sent,it_team,IT-005,""
EVT-0000512,TKT-00054,2026-02-14T14:09:18,customer_resolution_rejected,customer,CUST-005,Solution applied but symptom persists
EVT-0000513,TKT-00054,2026-02-14T14:53:48,rejection_verified,it_team,IT-005,""
EVT-0000514,TKT-00054,2026-02-14T19:36:55,ticket_closed,it_team,IT-005,closed_unresolved_no_reopen
EVT-0000515,TKT-00055,2026-02-08T10:30:00,ticket_submitted,customer,CUST-009,channel=portal
EVT-0000516,TKT-00055,2026-02-08T10:48:32,ticket_triaged,it_team,IT-001,category=billing_account; priority=medium
EVT-0000517,TKT-00055,2026-02-08T12:01:17,faq_checked,it_team,IT-001,match=False; confidence=0.14
EVT-0000518,TKT-00055,2026-02-08T12:43:29,ticket_escalated,it_team,IT-001,to specialist SP-010; missing_info=False
EVT-0000519,TKT-00055,2026-02-08T17:30:49,specialist_investigation_started,it_specialist,SP-010,""
EVT-0000520,TKT-00055,2026-02-08T20:51:36,specialist_solution_created,it_specialist,SP-010,root_cause=Tax engine using stale region cache
EVT-0000521,TKT-00055,2026-02-08T21:56:42,specialist_response_drafted,it_team,IT-001,""
EVT-0000522,TKT-00055,2026-02-08T22:33:23,specialist_response_sent,it_team,IT-001,""
EVT-0000523,TKT-00055,2026-02-11T00:20:35,customer_resolution_accepted,customer,CUST-009,""
EVT-0000524,TKT-00055,2026-02-11T01:32:40,ticket_closed,it_team,IT-001,accepted_first_attempt
EVT-0000525,TKT-00056,2026-03-07T03:25:00,ticket_submitted,customer,CUST-001,channel=phone
EVT-0000526,TKT-00056,2026-03-07T04:15:13,ticket_triaged,it_team,IT-008,category=login_access; priority=low
EVT-0000527,TKT-00056,2026-03-07T04:56:10,faq_checked,it_team,IT-008,match=True; confidence=0.7
EVT-0000528,TKT-00056,2026-03-07T06:11:01,faq_response_drafted,it_team,IT-008,""
EVT-0000529,TKT-00056,2026-03-07T06:15:33,faq_response_sent,it_team,IT-008,""
EVT-0000530,TKT-00056,2026-03-07T23:55:19,customer_resolution_accepted,customer,CUST-001,""
EVT-0000531,TKT-00056,2026-03-08T00:30:13,ticket_closed,it_team,IT-008,accepted_first_attempt
EVT-0000532,TKT-00057,2026-02-13T05:32:00,ticket_submitted,customer,CUST-014,channel=portal
EVT-0000533,TKT-00057,2026-02-13T07:14:39,ticket_triaged,it_team,IT-003,category=software_bug; priority=high
EVT-0000534,TKT-00057,2026-02-13T08:56:21,faq_checked,it_team,IT-003,match=False; confidence=0.32
EVT-0000535,TKT-00057,2026-02-13T09:28:26,ticket_escalated,it_team,IT-003,to specialist SP-008; missing_info=True
EVT-0000536,TKT-00057,2026-02-13T11:01:34,specialist_investigation_started,it_specialist,SP-008,""
EVT-0000537,TKT-00057,2026-02-14T18:24:28,specialist_solution_created,it_specialist,SP-008,root_cause=Race condition in background sync job
EVT-0000538,TKT-00057,2026-02-14T19:13:18,specialist_response_drafted,it_team,IT-003,""
EVT-0000539,TKT-00057,2026-02-14T19:54:36,specialist_response_sent,it_team,IT-003,""
EVT-0000540,TKT-00057,2026-02-16T15:37:11,customer_resolution_accepted,customer,CUST-014,""
EVT-0000541,TKT-00057,2026-02-16T16:42:48,ticket_closed,it_team,IT-003,accepted_first_attempt
EVT-0000542,TKT-00058,2026-03-22T22:00:00,ticket_submitted,customer,CUST-017,channel=email
EVT-0000543,TKT-00058,2026-03-23T02:42:14,ticket_triaged,it_team,IT-006,category=network_connectivity; priority=high
EVT-0000544,TKT-00058,2026-03-23T03:12:31,faq_checked,it_team,IT-006,match=False; confidence=0.06
EVT-0000545,TKT-00058,2026-03-23T04:23:38,ticket_escalated,it_team,IT-006,to specialist SP-009; missing_info=True
EVT-0000546,TKT-00058,2026-03-23T05:31:47,specialist_investigation_started,it_specialist,SP-009,""
EVT-0000547,TKT-00058,2026-03-23T07:37:36,specialist_solution_created,it_specialist,SP-009,root_cause=Misconfigured route on regional gateway
EVT-0000548,TKT-00058,2026-03-23T08:21:13,specialist_response_drafted,it_team,IT-006,""
EVT-0000549,TKT-00058,2026-03-23T08:37:30,specialist_response_sent,it_team,IT-006,""
EVT-0000550,TKT-00058,2026-03-25T10:08:33,customer_resolution_accepted,customer,CUST-017,""
EVT-0000551,TKT-00058,2026-03-25T11:18:21,ticket_closed,it_team,IT-006,accepted_first_attempt
EVT-0000552,TKT-00059,2026-01-16T00:47:00,ticket_submitted,customer,CUST-014,channel=portal
EVT-0000553,TKT-00059,2026-01-16T06:03:07,ticket_triaged,it_team,IT-003,category=hardware_issue; priority=high
EVT-0000554,TKT-00059,2026-01-16T06:13:19,faq_checked,it_team,IT-003,match=False; confidence=0.18
EVT-0000555,TKT-00059,2026-01-16T07:33:35,ticket_escalated,it_team,IT-003,to specialist SP-001; missing_info=False
EVT-0000556,TKT-00059,2026-01-16T13:27:15,specialist_investigation_started,it_specialist,SP-001,""
EVT-0000557,TKT-00059,2026-01-17T16:10:09,specialist_solution_created,it_specialist,SP-001,root_cause=Driver mismatch with current OS image
EVT-0000558,TKT-00059,2026-01-17T16:33:14,specialist_response_drafted,it_team,IT-003,""
EVT-0000559,TKT-00059,2026-01-17T17:10:00,specialist_response_sent,it_team,IT-003,""
EVT-0000560,TKT-00059,2026-01-18T08:04:51,customer_resolution_accepted,customer,CUST-014,""
EVT-0000561,TKT-00059,2026-01-18T08:36:49,ticket_closed,it_team,IT-003,accepted_first_attempt
EVT-0000562,TKT-00060,2026-03-14T06:37:00,ticket_submitted,customer,CUST-002,channel=portal
EVT-0000563,TKT-00060,2026-03-14T08:04:00,ticket_triaged,it_team,IT-006,category=email_calendar; priority=medium
EVT-0000564,TKT-00060,2026-03-14T09:36:39,faq_checked,it_team,IT-006,match=False; confidence=0.29
EVT-0000565,TKT-00060,2026-03-14T10:06:44,ticket_escalated,it_team,IT-006,to specialist SP-006; missing_info=True
EVT-0000566,TKT-00060,2026-03-14T13:39:07,specialist_investigation_started,it_specialist,SP-006,""
EVT-0000567,TKT-00060,2026-03-14T20:10:07,specialist_solution_created,it_specialist,SP-006,root_cause=Stale OAuth token in calendar provider
EVT-0000568,TKT-00060,2026-03-14T20:25:27,specialist_response_drafted,it_team,IT-006,""
EVT-0000569,TKT-00060,2026-03-14T20:44:27,specialist_response_sent,it_team,IT-006,""
EVT-0000570,TKT-00060,2026-03-16T09:51:13,customer_resolution_accepted,customer,CUST-002,""
EVT-0000571,TKT-00060,2026-03-16T10:42:58,ticket_closed,it_team,IT-006,accepted_first_attempt
EVT-0000572,TKT-00061,2026-02-24T11:58:00,ticket_submitted,customer,CUST-004,channel=phone
EVT-0000573,TKT-00061,2026-02-24T12:51:53,ticket_triaged,it_team,IT-005,category=login_access; priority=high
EVT-0000574,TKT-00061,2026-02-24T13:04:26,faq_checked,it_team,IT-005,match=False; confidence=0.13
EVT-0000575,TKT-00061,2026-02-24T14:14:13,ticket_escalated,it_team,IT-005,to specialist SP-002; missing_info=False
EVT-0000576,TKT-00061,2026-02-24T19:25:07,specialist_investigation_started,it_specialist,SP-002,""
EVT-0000577,TKT-00061,2026-02-25T00:17:13,specialist_solution_created,it_specialist,SP-002,root_cause=Permission cache out of sync between SSO and target system
EVT-0000578,TKT-00061,2026-02-25T00:39:21,specialist_response_drafted,it_team,IT-005,""
EVT-0000579,TKT-00061,2026-02-25T01:01:49,specialist_response_sent,it_team,IT-005,""
EVT-0000580,TKT-00061,2026-02-25T15:39:38,customer_resolution_rejected,customer,CUST-004,Need different approach
EVT-0000581,TKT-00061,2026-02-25T18:13:32,rejection_verified,it_team,IT-005,""
EVT-0000582,TKT-00061,2026-02-25T18:38:32,ticket_reopened,it_team,IT-005,""
EVT-0000583,TKT-00061,2026-02-25T19:34:09,ticket_escalated,it_team,IT-005,to specialist SP-006; reopen=True
EVT-0000584,TKT-00061,2026-02-25T21:05:12,specialist_investigation_started,it_specialist,SP-006,post_reopen
EVT-0000585,TKT-00061,2026-02-26T00:12:16,specialist_solution_created,it_specialist,SP-006,post_reopen
EVT-0000586,TKT-00061,2026-02-26T00:51:39,specialist_response_drafted,it_team,IT-005,post_reopen
EVT-0000587,TKT-00061,2026-02-26T01:27:40,specialist_response_sent,it_team,IT-005,post_reopen
EVT-0000588,TKT-00061,2026-02-26T14:04:08,customer_resolution_accepted,customer,CUST-004,post_reopen
EVT-0000589,TKT-00061,2026-02-26T14:14:43,ticket_closed,it_team,IT-005,accepted_after_reopen
EVT-0000590,TKT-00062,2026-01-17T12:54:00,ticket_submitted,customer,CUST-006,channel=phone
EVT-0000591,TKT-00062,2026-01-17T16:24:29,ticket_triaged,it_team,IT-008,category=software_bug; priority=high
EVT-0000592,TKT-00062,2026-01-17T16:43:33,faq_checked,it_team,IT-008,match=False; confidence=0.22
EVT-0000593,TKT-00062,2026-01-17T17:58:55,ticket_escalated,it_team,IT-008,to specialist SP-008; missing_info=False
EVT-0000594,TKT-00062,2026-01-17T19:39:57,specialist_investigation_started,it_specialist,SP-008,""
EVT-0000595,TKT-00062,2026-01-18T19:17:06,specialist_solution_created,it_specialist,SP-008,root_cause=Race condition in background sync job
EVT-0000596,TKT-00062,2026-01-18T19:56:50,specialist_response_drafted,it_team,IT-008,""
EVT-0000597,TKT-00062,2026-01-18T20:09:38,specialist_response_sent,it_team,IT-008,""
EVT-0000598,TKT-00062,2026-01-19T09:19:44,customer_resolution_accepted,customer,CUST-006,""
EVT-0000599,TKT-00062,2026-01-19T11:18:41,ticket_closed,it_team,IT-008,accepted_first_attempt
EVT-0000600,TKT-00063,2026-03-25T04:59:00,ticket_submitted,customer,CUST-006,channel=email
EVT-0000601,TKT-00063,2026-03-25T10:51:19,ticket_triaged,it_team,IT-001,category=software_bug; priority=high
EVT-0000602,TKT-00063,2026-03-25T11:37:27,faq_checked,it_team,IT-001,match=True; confidence=0.75
EVT-0000603,TKT-00063,2026-03-25T11:48:06,ticket_escalated,it_team,IT-001,to specialist SP-008; missing_info=False
EVT-0000604,TKT-00063,2026-03-25T16:53:39,specialist_investigation_started,it_specialist,SP-008,""
EVT-0000605,TKT-00063,2026-03-26T18:35:17,specialist_solution_created,it_specialist,SP-008,root_cause=Race condition in background sync job
EVT-0000606,TKT-00063,2026-03-26T19:41:03,specialist_response_drafted,it_team,IT-001,""
EVT-0000607,TKT-00063,2026-03-26T19:56:10,specialist_response_sent,it_team,IT-001,""
EVT-0000608,TKT-00063,2026-03-27T19:15:58,customer_resolution_accepted,customer,CUST-006,""
EVT-0000609,TKT-00063,2026-03-27T19:36:51,ticket_closed,it_team,IT-001,accepted_first_attempt
EVT-0000610,TKT-00064,2026-03-10T19:31:00,ticket_submitted,customer,CUST-012,channel=portal
EVT-0000611,TKT-00064,2026-03-10T23:04:17,ticket_triaged,it_team,IT-002,category=password_reset; priority=low
EVT-0000612,TKT-00064,2026-03-11T00:03:57,faq_checked,it_team,IT-002,match=True; confidence=0.66
EVT-0000613,TKT-00064,2026-03-11T00:11:39,faq_response_drafted,it_team,IT-002,""
EVT-0000614,TKT-00064,2026-03-11T00:25:12,faq_response_sent,it_team,IT-002,""
EVT-0000615,TKT-00064,2026-03-13T08:38:03,customer_resolution_accepted,customer,CUST-012,""
EVT-0000616,TKT-00064,2026-03-13T09:00:50,ticket_closed,it_team,IT-002,accepted_first_attempt
EVT-0000617,TKT-00065,2026-01-19T16:43:00,ticket_submitted,customer,CUST-017,channel=email
EVT-0000618,TKT-00065,2026-01-19T19:05:03,ticket_triaged,it_team,IT-002,category=password_reset; priority=medium
EVT-0000619,TKT-00065,2026-01-19T20:27:31,faq_checked,it_team,IT-002,match=True; confidence=0.83
EVT-0000620,TKT-00065,2026-01-19T20:44:07,faq_response_drafted,it_team,IT-002,""
EVT-0000621,TKT-00065,2026-01-19T21:13:42,faq_response_sent,it_team,IT-002,""
EVT-0000622,TKT-00065,2026-01-20T02:02:02,customer_resolution_accepted,customer,CUST-017,""
EVT-0000623,TKT-00065,2026-01-20T02:50:07,ticket_closed,it_team,IT-002,accepted_first_attempt
EVT-0000624,TKT-00066,2026-03-22T20:47:00,ticket_submitted,customer,CUST-006,channel=phone
EVT-0000625,TKT-00066,2026-03-23T00:56:05,ticket_triaged,it_team,IT-004,category=other; priority=high
EVT-0000626,TKT-00066,2026-03-23T02:17:55,faq_checked,it_team,IT-004,match=False; confidence=0.43
EVT-0000627,TKT-00066,2026-03-23T02:53:33,ticket_escalated,it_team,IT-004,to specialist SP-008; missing_info=False
EVT-0000628,TKT-00066,2026-03-23T07:41:00,specialist_investigation_started,it_specialist,SP-008,""
EVT-0000629,TKT-00066,2026-03-24T01:29:01,specialist_solution_created,it_specialist,SP-008,root_cause=Cross-team request requiring case-by-case handling
EVT-0000630,TKT-00066,2026-03-24T01:37:38,specialist_response_drafted,it_team,IT-004,""
EVT-0000631,TKT-00066,2026-03-24T01:43:29,specialist_response_sent,it_team,IT-004,""
EVT-0000632,TKT-00066,2026-03-24T14:49:52,customer_resolution_accepted,customer,CUST-006,""
EVT-0000633,TKT-00066,2026-03-24T14:58:30,ticket_closed,it_team,IT-004,accepted_first_attempt
EVT-0000634,TKT-00067,2026-02-04T14:57:00,ticket_submitted,customer,CUST-001,channel=portal
EVT-0000635,TKT-00067,2026-02-04T19:39:42,ticket_triaged,it_team,IT-002,category=network_connectivity; priority=medium
EVT-0000636,TKT-00067,2026-02-04T21:39:33,faq_checked,it_team,IT-002,match=False; confidence=0.13
EVT-0000637,TKT-00067,2026-02-04T21:51:31,ticket_escalated,it_team,IT-002,to specialist SP-009; missing_info=False
EVT-0000638,TKT-00067,2026-02-05T01:58:52,specialist_investigation_started,it_specialist,SP-009,""
EVT-0000639,TKT-00067,2026-02-05T12:18:31,specialist_solution_created,it_specialist,SP-009,root_cause=Misconfigured route on regional gateway
EVT-0000640,TKT-00067,2026-02-05T13:32:42,specialist_response_drafted,it_team,IT-002,""
EVT-0000641,TKT-00067,2026-02-05T14:14:55,specialist_response_sent,it_team,IT-002,""
EVT-0000642,TKT-00067,2026-02-08T01:01:06,customer_resolution_accepted,customer,CUST-001,""
EVT-0000643,TKT-00067,2026-02-08T01:46:28,ticket_closed,it_team,IT-002,accepted_first_attempt
EVT-0000644,TKT-00068,2026-03-29T22:41:00,ticket_submitted,customer,CUST-007,channel=portal
EVT-0000645,TKT-00068,2026-03-29T23:42:21,ticket_triaged,it_team,IT-006,category=data_reporting; priority=medium
EVT-0000646,TKT-00068,2026-03-30T01:11:03,faq_checked,it_team,IT-006,match=False; confidence=0.15
EVT-0000647,TKT-00068,2026-03-30T02:10:36,ticket_escalated,it_team,IT-006,to specialist SP-005; missing_info=False
EVT-0000648,TKT-00068,2026-03-30T07:09:34,specialist_investigation_started,it_specialist,SP-005,""
EVT-0000649,TKT-00068,2026-03-31T08:22:28,specialist_solution_created,it_specialist,SP-005,root_cause=Warehouse job missed scheduled run
EVT-0000650,TKT-00068,2026-03-31T08:32:43,specialist_response_drafted,it_team,IT-006,""
EVT-0000651,TKT-00068,2026-03-31T09:01:45,specialist_response_sent,it_team,IT-006,""
EVT-0000652,TKT-00068,2026-03-31T22:30:17,customer_resolution_rejected,customer,CUST-007,Need different approach
EVT-0000653,TKT-00068,2026-04-01T01:37:44,rejection_verified,it_team,IT-006,""
EVT-0000654,TKT-00068,2026-04-01T03:08:03,ticket_reopened,it_team,IT-006,""
EVT-0000655,TKT-00068,2026-04-01T04:28:54,ticket_escalated,it_team,IT-006,to specialist SP-005; reopen=True
EVT-0000656,TKT-00068,2026-04-01T07:25:30,specialist_investigation_started,it_specialist,SP-005,post_reopen
EVT-0000657,TKT-00068,2026-04-02T23:52:32,specialist_solution_created,it_specialist,SP-005,post_reopen
EVT-0000658,TKT-00068,2026-04-03T00:58:48,specialist_response_drafted,it_team,IT-006,post_reopen
EVT-0000659,TKT-00068,2026-04-03T01:09:44,specialist_response_sent,it_team,IT-006,post_reopen
EVT-0000660,TKT-00068,2026-04-03T21:28:37,customer_resolution_accepted,customer,CUST-007,post_reopen
EVT-0000661,TKT-00068,2026-04-03T22:07:51,ticket_closed,it_team,IT-006,accepted_after_reopen
EVT-0000662,TKT-00069,2026-01-18T23:35:00,ticket_submitted,customer,CUST-004,channel=portal
EVT-0000663,TKT-00069,2026-01-18T23:51:07,ticket_triaged,it_team,IT-003,category=security_request; priority=high
EVT-0000664,TKT-00069,2026-01-19T00:58:35,faq_checked,it_team,IT-003,match=True; confidence=0.92
EVT-0000665,TKT-00069,2026-01-19T01:58:36,faq_response_drafted,it_team,IT-003,""
EVT-0000666,TKT-00069,2026-01-19T02:16:32,faq_response_sent,it_team,IT-003,""
EVT-0000667,TKT-00069,2026-01-19T21:57:56,customer_resolution_rejected,customer,CUST-004,Steps did not resolve the issue
EVT-0000668,TKT-00069,2026-01-20T01:04:15,rejection_verified,it_team,IT-003,""
EVT-0000669,TKT-00069,2026-01-20T01:47:06,ticket_reopened,it_team,IT-003,""
EVT-0000670,TKT-00069,2026-01-20T03:22:22,ticket_escalated,it_team,IT-003,to specialist SP-006; reopen=True
EVT-0000671,TKT-00069,2026-01-20T06:56:22,specialist_investigation_started,it_specialist,SP-006,post_reopen
EVT-0000672,TKT-00069,2026-01-21T10:26:04,specialist_solution_created,it_specialist,SP-006,post_reopen
EVT-0000673,TKT-00069,2026-01-21T10:32:11,specialist_response_drafted,it_team,IT-003,post_reopen
EVT-0000674,TKT-00069,2026-01-21T10:44:22,specialist_response_sent,it_team,IT-003,post_reopen
EVT-0000675,TKT-00069,2026-01-22T20:43:19,customer_resolution_accepted,customer,CUST-004,post_reopen
EVT-0000676,TKT-00069,2026-01-22T22:39:13,ticket_closed,it_team,IT-003,accepted_after_reopen
EVT-0000677,TKT-00070,2026-03-10T21:06:00,ticket_submitted,customer,CUST-009,channel=portal
EVT-0000678,TKT-00070,2026-03-10T21:23:08,ticket_triaged,it_team,IT-002,category=data_reporting; priority=medium
EVT-0000679,TKT-00070,2026-03-10T21:36:21,faq_checked,it_team,IT-002,match=True; confidence=0.94
EVT-0000680,TKT-00070,2026-03-10T22:37:00,faq_response_drafted,it_team,IT-002,""
EVT-0000681,TKT-00070,2026-03-10T22:44:14,faq_response_sent,it_team,IT-002,""
EVT-0000682,TKT-00070,2026-03-11T19:06:07,customer_resolution_rejected,customer,CUST-009,Issue recurred after a few hours
EVT-0000683,TKT-00070,2026-03-11T21:07:12,rejection_verified,it_team,IT-002,""
EVT-0000684,TKT-00070,2026-03-12T00:52:30,ticket_closed,it_team,IT-002,closed_unresolved_no_reopen
EVT-0000685,TKT-00071,2026-01-20T12:50:00,ticket_submitted,customer,CUST-007,channel=portal
EVT-0000686,TKT-00071,2026-01-20T18:00:49,ticket_triaged,it_team,IT-005,category=email_calendar; priority=low
EVT-0000687,TKT-00071,2026-01-20T18:46:14,faq_checked,it_team,IT-005,match=True; confidence=0.65
EVT-0000688,TKT-00071,2026-01-20T20:02:22,faq_response_drafted,it_team,IT-005,""
EVT-0000689,TKT-00071,2026-01-20T20:14:35,faq_response_sent,it_team,IT-005,""
EVT-0000690,TKT-00071,2026-01-21T00:57:02,customer_resolution_accepted,customer,CUST-007,""
EVT-0000691,TKT-00071,2026-01-21T02:51:23,ticket_closed,it_team,IT-005,accepted_first_attempt
EVT-0000692,TKT-00072,2026-02-06T14:11:00,ticket_submitted,customer,CUST-003,channel=portal
EVT-0000693,TKT-00072,2026-02-06T19:31:44,ticket_triaged,it_team,IT-004,category=hardware_issue; priority=low
EVT-0000694,TKT-00072,2026-02-06T19:53:57,faq_checked,it_team,IT-004,match=True; confidence=0.68
EVT-0000695,TKT-00072,2026-02-06T20:55:03,faq_response_drafted,it_team,IT-004,""
EVT-0000696,TKT-00072,2026-02-06T21:37:57,faq_response_sent,it_team,IT-004,""
EVT-0000697,TKT-00072,2026-02-08T15:03:38,customer_resolution_accepted,customer,CUST-003,""
EVT-0000698,TKT-00072,2026-02-08T16:57:53,ticket_closed,it_team,IT-004,accepted_first_attempt
EVT-0000699,TKT-00073,2026-01-28T21:12:00,ticket_submitted,customer,CUST-001,channel=portal
EVT-0000700,TKT-00073,2026-01-29T00:07:02,ticket_triaged,it_team,IT-006,category=billing_account; priority=medium
EVT-0000701,TKT-00073,2026-01-29T00:14:57,faq_checked,it_team,IT-006,match=True; confidence=0.82
EVT-0000702,TKT-00073,2026-01-29T00:28:11,faq_response_drafted,it_team,IT-006,""
EVT-0000703,TKT-00073,2026-01-29T00:36:30,faq_response_sent,it_team,IT-006,""
EVT-0000704,TKT-00073,2026-01-29T12:30:59,customer_resolution_accepted,customer,CUST-001,""
EVT-0000705,TKT-00073,2026-01-29T13:48:26,ticket_closed,it_team,IT-006,accepted_first_attempt
EVT-0000706,TKT-00074,2026-01-22T04:44:00,ticket_submitted,customer,CUST-015,channel=portal
EVT-0000707,TKT-00074,2026-01-22T08:45:52,ticket_triaged,it_team,IT-001,category=password_reset; priority=low
EVT-0000708,TKT-00074,2026-01-22T09:13:39,faq_checked,it_team,IT-001,match=True; confidence=0.9
EVT-0000709,TKT-00074,2026-01-22T09:44:10,faq_response_drafted,it_team,IT-001,""
EVT-0000710,TKT-00074,2026-01-22T09:56:01,faq_response_sent,it_team,IT-001,""
EVT-0000711,TKT-00074,2026-01-23T19:24:17,customer_resolution_accepted,customer,CUST-015,""
EVT-0000712,TKT-00074,2026-01-23T21:15:12,ticket_closed,it_team,IT-001,accepted_first_attempt
EVT-0000713,TKT-00075,2026-03-30T18:45:00,ticket_submitted,customer,CUST-004,channel=portal
EVT-0000714,TKT-00075,2026-03-30T20:53:19,ticket_triaged,it_team,IT-001,category=other; priority=medium
EVT-0000715,TKT-00075,2026-03-30T21:59:21,faq_checked,it_team,IT-001,match=False; confidence=0.17
EVT-0000716,TKT-00075,2026-03-30T22:40:57,ticket_escalated,it_team,IT-001,to specialist SP-008; missing_info=False
EVT-0000717,TKT-00075,2026-03-31T02:14:38,specialist_investigation_started,it_specialist,SP-008,""
EVT-0000718,TKT-00075,2026-04-01T09:59:59,specialist_solution_created,it_specialist,SP-008,root_cause=Cross-team request requiring case-by-case handling
EVT-0000719,TKT-00075,2026-04-01T10:42:07,specialist_response_drafted,it_team,IT-001,""
EVT-0000720,TKT-00075,2026-04-01T10:59:24,specialist_response_sent,it_team,IT-001,""
EVT-0000721,TKT-00075,2026-04-02T18:00:40,customer_resolution_accepted,customer,CUST-004,""
EVT-0000722,TKT-00075,2026-04-02T18:21:10,ticket_closed,it_team,IT-001,accepted_first_attempt
EVT-0000723,TKT-00076,2026-03-14T17:30:00,ticket_submitted,customer,CUST-001,channel=email
EVT-0000724,TKT-00076,2026-03-14T17:56:16,ticket_triaged,it_team,IT-008,category=password_reset; priority=medium
EVT-0000725,TKT-00076,2026-03-14T18:10:48,faq_checked,it_team,IT-008,match=True; confidence=0.82
EVT-0000726,TKT-00076,2026-03-14T18:58:51,faq_response_drafted,it_team,IT-008,""
EVT-0000727,TKT-00076,2026-03-14T19:18:30,faq_response_sent,it_team,IT-008,""
EVT-0000728,TKT-00076,2026-03-15T06:12:04,customer_resolution_accepted,customer,CUST-001,""
EVT-0000729,TKT-00076,2026-03-15T07:08:05,ticket_closed,it_team,IT-008,accepted_first_attempt
EVT-0000730,TKT-00077,2026-03-04T17:15:00,ticket_submitted,customer,CUST-010,channel=email
EVT-0000731,TKT-00077,2026-03-04T17:56:25,ticket_triaged,it_team,IT-004,category=network_connectivity; priority=urgent
EVT-0000732,TKT-00077,2026-03-04T18:31:35,faq_checked,it_team,IT-004,match=False; confidence=0.17
EVT-0000733,TKT-00077,2026-03-04T19:54:14,ticket_escalated,it_team,IT-004,to specialist SP-004; missing_info=False
EVT-0000734,TKT-00077,2026-03-05T00:35:42,specialist_investigation_started,it_specialist,SP-004,""
EVT-0000735,TKT-00077,2026-03-05T09:43:37,specialist_solution_created,it_specialist,SP-004,root_cause=Misconfigured route on regional gateway
EVT-0000736,TKT-00077,2026-03-05T10:05:12,specialist_response_drafted,it_team,IT-004,""
EVT-0000737,TKT-00077,2026-03-05T10:36:41,specialist_response_sent,it_team,IT-004,""
EVT-0000738,TKT-00077,2026-03-07T10:17:36,customer_resolution_accepted,customer,CUST-010,""
EVT-0000739,TKT-00077,2026-03-07T10:36:31,ticket_closed,it_team,IT-004,accepted_first_attempt
EVT-0000740,TKT-00078,2026-02-04T19:23:00,ticket_submitted,customer,CUST-010,channel=email
EVT-0000741,TKT-00078,2026-02-05T00:16:08,ticket_triaged,it_team,IT-003,category=password_reset; priority=medium
EVT-0000742,TKT-00078,2026-02-05T01:14:35,faq_checked,it_team,IT-003,match=True; confidence=0.85
EVT-0000743,TKT-00078,2026-02-05T01:43:32,faq_response_drafted,it_team,IT-003,""
EVT-0000744,TKT-00078,2026-02-05T02:27:56,faq_response_sent,it_team,IT-003,""
EVT-0000745,TKT-00078,2026-02-06T15:46:44,customer_resolution_accepted,customer,CUST-010,""
EVT-0000746,TKT-00078,2026-02-06T17:30:17,ticket_closed,it_team,IT-003,accepted_first_attempt
EVT-0000747,TKT-00079,2026-03-21T03:06:00,ticket_submitted,customer,CUST-003,channel=phone
EVT-0000748,TKT-00079,2026-03-21T07:53:42,ticket_triaged,it_team,IT-001,category=email_calendar; priority=medium
EVT-0000749,TKT-00079,2026-03-21T09:16:52,faq_checked,it_team,IT-001,match=True; confidence=0.95
EVT-0000750,TKT-00079,2026-03-21T10:40:20,faq_response_drafted,it_team,IT-001,""
EVT-0000751,TKT-00079,2026-03-21T10:49:50,faq_response_sent,it_team,IT-001,""
EVT-0000752,TKT-00079,2026-03-22T19:56:23,customer_resolution_accepted,customer,CUST-003,""
EVT-0000753,TKT-00079,2026-03-22T21:07:47,ticket_closed,it_team,IT-001,accepted_first_attempt
EVT-0000754,TKT-00080,2026-03-13T04:18:00,ticket_submitted,customer,CUST-007,channel=email
EVT-0000755,TKT-00080,2026-03-13T06:10:11,ticket_triaged,it_team,IT-004,category=login_access; priority=low
EVT-0000756,TKT-00080,2026-03-13T07:40:38,faq_checked,it_team,IT-004,match=False; confidence=0.43
EVT-0000757,TKT-00080,2026-03-13T09:03:08,ticket_escalated,it_team,IT-004,to specialist SP-006; missing_info=False
EVT-0000758,TKT-00080,2026-03-13T11:32:11,specialist_investigation_started,it_specialist,SP-006,""
EVT-0000759,TKT-00080,2026-03-13T15:41:29,specialist_solution_created,it_specialist,SP-006,root_cause=Permission cache out of sync between SSO and target system
EVT-0000760,TKT-00080,2026-03-13T15:55:01,specialist_response_drafted,it_team,IT-004,""
EVT-0000761,TKT-00080,2026-03-13T16:27:11,specialist_response_sent,it_team,IT-004,""
EVT-0000762,TKT-00080,2026-03-14T07:40:20,customer_resolution_accepted,customer,CUST-007,""
EVT-0000763,TKT-00080,2026-03-14T08:34:08,ticket_closed,it_team,IT-004,accepted_first_attempt
EVT-0000764,TKT-00081,2026-03-19T13:33:00,ticket_submitted,customer,CUST-009,channel=portal
EVT-0000765,TKT-00081,2026-03-19T14:33:43,ticket_triaged,it_team,IT-002,category=password_reset; priority=low
EVT-0000766,TKT-00081,2026-03-19T15:31:19,faq_checked,it_team,IT-002,match=False; confidence=0.28
EVT-0000767,TKT-00081,2026-03-19T16:07:36,ticket_escalated,it_team,IT-002,to specialist SP-002; missing_info=True
EVT-0000768,TKT-00081,2026-03-19T20:58:25,specialist_investigation_started,it_specialist,SP-002,""
EVT-0000769,TKT-00081,2026-03-20T02:33:43,specialist_solution_created,it_specialist,SP-002,root_cause=Edge-case in privileged-account reset workflow
EVT-0000770,TKT-00081,2026-03-20T03:05:54,specialist_response_drafted,it_team,IT-002,""
EVT-0000771,TKT-00081,2026-03-20T03:21:05,specialist_response_sent,it_team,IT-002,""
EVT-0000772,TKT-00081,2026-03-20T14:53:38,customer_resolution_accepted,customer,CUST-009,""
EVT-0000773,TKT-00081,2026-03-20T15:16:31,ticket_closed,it_team,IT-002,accepted_first_attempt
EVT-0000774,TKT-00082,2026-03-17T17:06:00,ticket_submitted,customer,CUST-006,channel=email
EVT-0000775,TKT-00082,2026-03-17T21:27:35,ticket_triaged,it_team,IT-002,category=billing_account; priority=urgent
EVT-0000776,TKT-00082,2026-03-17T23:07:31,faq_checked,it_team,IT-002,match=False; confidence=0.17
EVT-0000777,TKT-00082,2026-03-18T00:12:16,ticket_escalated,it_team,IT-002,to specialist SP-010; missing_info=True
EVT-0000778,TKT-00082,2026-03-18T00:50:46,specialist_investigation_started,it_specialist,SP-010,""
EVT-0000779,TKT-00082,2026-03-18T08:52:17,specialist_solution_created,it_specialist,SP-010,root_cause=Tax engine using stale region cache
EVT-0000780,TKT-00082,2026-03-18T08:59:35,specialist_response_drafted,it_team,IT-002,""
EVT-0000781,TKT-00082,2026-03-18T09:29:56,specialist_response_sent,it_team,IT-002,""
EVT-0000782,TKT-00082,2026-03-19T20:08:59,customer_resolution_rejected,customer,CUST-006,Solution applied but symptom persists
EVT-0000783,TKT-00082,2026-03-19T21:40:18,rejection_verified,it_team,IT-002,""
EVT-0000784,TKT-00082,2026-03-19T22:30:24,ticket_reopened,it_team,IT-002,""
EVT-0000785,TKT-00082,2026-03-19T23:51:09,ticket_escalated,it_team,IT-002,to specialist SP-010; reopen=True
EVT-0000786,TKT-00082,2026-03-20T00:50:11,specialist_investigation_started,it_specialist,SP-010,post_reopen
EVT-0000787,TKT-00082,2026-03-20T06:47:47,specialist_solution_created,it_specialist,SP-010,post_reopen
EVT-0000788,TKT-00082,2026-03-20T07:59:11,specialist_response_drafted,it_team,IT-002,post_reopen
EVT-0000789,TKT-00082,2026-03-20T08:15:38,specialist_response_sent,it_team,IT-002,post_reopen
EVT-0000790,TKT-00082,2026-03-21T08:16:41,customer_resolution_rejected,customer,CUST-006,post_reopen
EVT-0000791,TKT-00082,2026-03-21T09:34:02,ticket_closed,it_team,IT-002,closed_unresolved_after_reopen
EVT-0000792,TKT-00083,2026-03-04T09:06:00,ticket_submitted,customer,CUST-007,channel=email
EVT-0000793,TKT-00083,2026-03-04T15:00:20,ticket_triaged,it_team,IT-002,category=data_reporting; priority=medium
EVT-0000794,TKT-00083,2026-03-04T16:32:15,faq_checked,it_team,IT-002,match=False; confidence=0.36
EVT-0000795,TKT-00083,2026-03-04T17:47:45,ticket_escalated,it_team,IT-002,to specialist SP-005; missing_info=False
EVT-0000796,TKT-00083,2026-03-04T23:33:22,specialist_investigation_started,it_specialist,SP-005,""
EVT-0000797,TKT-00083,2026-03-06T16:08:20,specialist_solution_created,it_specialist,SP-005,root_cause=Warehouse job missed scheduled run
EVT-0000798,TKT-00083,2026-03-06T16:51:04,specialist_response_drafted,it_team,IT-002,""
EVT-0000799,TKT-00083,2026-03-06T17:21:04,specialist_response_sent,it_team,IT-002,""
EVT-0000800,TKT-00083,2026-03-09T04:02:58,customer_resolution_accepted,customer,CUST-007,""
EVT-0000801,TKT-00083,2026-03-09T05:21:08,ticket_closed,it_team,IT-002,accepted_first_attempt
EVT-0000802,TKT-00084,2026-01-19T09:56:00,ticket_submitted,customer,CUST-018,channel=portal
EVT-0000803,TKT-00084,2026-01-19T13:14:29,ticket_triaged,it_team,IT-008,category=hardware_issue; priority=medium
EVT-0000804,TKT-00084,2026-01-19T14:42:38,faq_checked,it_team,IT-008,match=True; confidence=0.75
EVT-0000805,TKT-00084,2026-01-19T15:49:21,faq_response_drafted,it_team,IT-008,""
EVT-0000806,TKT-00084,2026-01-19T16:19:07,faq_response_sent,it_team,IT-008,""
EVT-0000807,TKT-00084,2026-01-20T09:39:17,customer_resolution_rejected,customer,CUST-018,Solution applied but symptom persists
EVT-0000808,TKT-00084,2026-01-20T12:19:03,rejection_verified,it_team,IT-008,""
EVT-0000809,TKT-00084,2026-01-20T12:56:01,ticket_reopened,it_team,IT-008,""
EVT-0000810,TKT-00084,2026-01-20T13:19:32,ticket_escalated,it_team,IT-008,to specialist SP-001; reopen=True
EVT-0000811,TKT-00084,2026-01-20T14:35:34,specialist_investigation_started,it_specialist,SP-001,post_reopen
EVT-0000812,TKT-00084,2026-01-21T14:46:14,specialist_solution_created,it_specialist,SP-001,post_reopen
EVT-0000813,TKT-00084,2026-01-21T15:55:23,specialist_response_drafted,it_team,IT-008,post_reopen
EVT-0000814,TKT-00084,2026-01-21T16:11:53,specialist_response_sent,it_team,IT-008,post_reopen
EVT-0000815,TKT-00084,2026-01-23T10:56:48,customer_resolution_accepted,customer,CUST-018,post_reopen
EVT-0000816,TKT-00084,2026-01-23T11:10:50,ticket_closed,it_team,IT-008,accepted_after_reopen
EVT-0000817,TKT-00085,2026-02-26T13:37:00,ticket_submitted,customer,CUST-001,channel=portal
EVT-0000818,TKT-00085,2026-02-26T16:40:13,ticket_triaged,it_team,IT-003,category=hardware_issue; priority=medium
EVT-0000819,TKT-00085,2026-02-26T18:27:26,faq_checked,it_team,IT-003,match=False; confidence=0.06
EVT-0000820,TKT-00085,2026-02-26T18:55:41,ticket_escalated,it_team,IT-003,to specialist SP-003; missing_info=False
EVT-0000821,TKT-00085,2026-02-26T21:00:19,specialist_investigation_started,it_specialist,SP-003,""
EVT-0000822,TKT-00085,2026-02-28T13:30:13,specialist_solution_created,it_specialist,SP-003,root_cause=Driver mismatch with current OS image
EVT-0000823,TKT-00085,2026-02-28T13:47:23,specialist_response_drafted,it_team,IT-003,""
EVT-0000824,TKT-00085,2026-02-28T14:00:13,specialist_response_sent,it_team,IT-003,""
EVT-0000825,TKT-00085,2026-03-01T19:46:09,customer_resolution_rejected,customer,CUST-001,Steps did not resolve the issue
EVT-0000826,TKT-00085,2026-03-01T20:21:05,rejection_verified,it_team,IT-003,""
EVT-0000827,TKT-00085,2026-03-01T21:04:12,ticket_reopened,it_team,IT-003,""
EVT-0000828,TKT-00085,2026-03-01T21:34:18,ticket_escalated,it_team,IT-003,to specialist SP-003; reopen=True
EVT-0000829,TKT-00085,2026-03-01T23:12:39,specialist_investigation_started,it_specialist,SP-003,post_reopen
EVT-0000830,TKT-00085,2026-03-03T00:28:14,specialist_solution_created,it_specialist,SP-003,post_reopen
EVT-0000831,TKT-00085,2026-03-03T00:49:01,specialist_response_drafted,it_team,IT-003,post_reopen
EVT-0000832,TKT-00085,2026-03-03T00:54:24,specialist_response_sent,it_team,IT-003,post_reopen
EVT-0000833,TKT-00085,2026-03-04T01:38:42,customer_resolution_accepted,customer,CUST-001,post_reopen
EVT-0000834,TKT-00085,2026-03-04T02:06:42,ticket_closed,it_team,IT-003,accepted_after_reopen
EVT-0000835,TKT-00086,2026-02-24T17:24:00,ticket_submitted,customer,CUST-004,channel=portal
EVT-0000836,TKT-00086,2026-02-24T20:07:41,ticket_triaged,it_team,IT-007,category=network_connectivity; priority=medium
EVT-0000837,TKT-00086,2026-02-24T21:31:47,faq_checked,it_team,IT-007,match=False; confidence=0.43
EVT-0000838,TKT-00086,2026-02-24T22:19:02,ticket_escalated,it_team,IT-007,to specialist SP-004; missing_info=True
EVT-0000839,TKT-00086,2026-02-25T00:12:55,specialist_investigation_started,it_specialist,SP-004,""
EVT-0000840,TKT-00086,2026-02-25T16:42:12,specialist_solution_created,it_specialist,SP-004,root_cause=Misconfigured route on regional gateway
EVT-0000841,TKT-00086,2026-02-25T17:43:09,specialist_response_drafted,it_team,IT-007,""
EVT-0000842,TKT-00086,2026-02-25T17:53:38,specialist_response_sent,it_team,IT-007,""
EVT-0000843,TKT-00086,2026-02-26T02:42:28,customer_resolution_rejected,customer,CUST-004,Issue recurred after a few hours
EVT-0000844,TKT-00086,2026-02-26T06:33:07,rejection_verified,it_team,IT-007,""
EVT-0000845,TKT-00086,2026-02-26T07:35:37,ticket_reopened,it_team,IT-007,""
EVT-0000846,TKT-00086,2026-02-26T09:26:43,ticket_escalated,it_team,IT-007,to specialist SP-004; reopen=True
EVT-0000847,TKT-00086,2026-02-26T11:48:30,specialist_investigation_started,it_specialist,SP-004,post_reopen
EVT-0000848,TKT-00086,2026-02-27T06:54:59,specialist_solution_created,it_specialist,SP-004,post_reopen
EVT-0000849,TKT-00086,2026-02-27T07:01:26,specialist_response_drafted,it_team,IT-007,post_reopen
EVT-0000850,TKT-00086,2026-02-27T07:20:50,specialist_response_sent,it_team,IT-007,post_reopen
EVT-0000851,TKT-00086,2026-03-01T07:53:31,customer_resolution_rejected,customer,CUST-004,post_reopen
EVT-0000852,TKT-00086,2026-03-01T13:17:17,ticket_closed,it_team,IT-007,closed_unresolved_after_reopen
EVT-0000853,TKT-00087,2026-02-28T12:12:00,ticket_submitted,customer,CUST-016,channel=portal
EVT-0000854,TKT-00087,2026-02-28T15:15:32,ticket_triaged,it_team,IT-005,category=security_request; priority=medium
EVT-0000855,TKT-00087,2026-02-28T17:14:20,faq_checked,it_team,IT-005,match=True; confidence=0.91
EVT-0000856,TKT-00087,2026-02-28T17:43:01,faq_response_drafted,it_team,IT-005,""
EVT-0000857,TKT-00087,2026-02-28T18:02:06,faq_response_sent,it_team,IT-005,""
EVT-0000858,TKT-00087,2026-03-01T09:39:43,customer_resolution_accepted,customer,CUST-016,""
EVT-0000859,TKT-00087,2026-03-01T10:08:28,ticket_closed,it_team,IT-005,accepted_first_attempt
EVT-0000860,TKT-00088,2026-03-25T05:16:00,ticket_submitted,customer,CUST-002,channel=portal
EVT-0000861,TKT-00088,2026-03-25T08:00:11,ticket_triaged,it_team,IT-001,category=login_access; priority=high
EVT-0000862,TKT-00088,2026-03-25T08:29:42,faq_checked,it_team,IT-001,match=True; confidence=0.91
EVT-0000863,TKT-00088,2026-03-25T08:45:11,faq_response_drafted,it_team,IT-001,""
EVT-0000864,TKT-00088,2026-03-25T08:57:57,faq_response_sent,it_team,IT-001,""
EVT-0000865,TKT-00088,2026-03-27T16:30:14,customer_resolution_accepted,customer,CUST-002,""
EVT-0000866,TKT-00088,2026-03-27T17:02:35,ticket_closed,it_team,IT-001,accepted_first_attempt
EVT-0000867,TKT-00089,2026-03-27T09:26:00,ticket_submitted,customer,CUST-004,channel=email
EVT-0000868,TKT-00089,2026-03-27T13:56:54,ticket_triaged,it_team,IT-003,category=software_bug; priority=high
EVT-0000869,TKT-00089,2026-03-27T15:20:47,faq_checked,it_team,IT-003,match=False; confidence=0.06
EVT-0000870,TKT-00089,2026-03-27T16:26:01,ticket_escalated,it_team,IT-003,to specialist SP-008; missing_info=False
EVT-0000871,TKT-00089,2026-03-27T20:02:44,specialist_investigation_started,it_specialist,SP-008,""
EVT-0000872,TKT-00089,2026-03-30T12:44:18,specialist_solution_created,it_specialist,SP-008,root_cause=Race condition in background sync job
EVT-0000873,TKT-00089,2026-03-30T13:49:27,specialist_response_drafted,it_team,IT-003,""
EVT-0000874,TKT-00089,2026-03-30T14:25:48,specialist_response_sent,it_team,IT-003,""
EVT-0000875,TKT-00089,2026-04-01T04:58:00,customer_resolution_accepted,customer,CUST-004,""
EVT-0000876,TKT-00089,2026-04-01T06:14:21,ticket_closed,it_team,IT-003,accepted_first_attempt
EVT-0000877,TKT-00090,2026-03-21T00:01:00,ticket_submitted,customer,CUST-013,channel=portal
EVT-0000878,TKT-00090,2026-03-21T05:01:08,ticket_triaged,it_team,IT-005,category=billing_account; priority=medium
EVT-0000879,TKT-00090,2026-03-21T05:24:15,faq_checked,it_team,IT-005,match=False; confidence=0.39
EVT-0000880,TKT-00090,2026-03-21T06:43:09,ticket_escalated,it_team,IT-005,to specialist SP-010; missing_info=False
EVT-0000881,TKT-00090,2026-03-21T12:15:44,specialist_investigation_started,it_specialist,SP-010,""
EVT-0000882,TKT-00090,2026-03-21T22:11:16,specialist_solution_created,it_specialist,SP-010,root_cause=Tax engine using stale region cache
EVT-0000883,TKT-00090,2026-03-21T22:45:58,specialist_response_drafted,it_team,IT-005,""
EVT-0000884,TKT-00090,2026-03-21T23:30:27,specialist_response_sent,it_team,IT-005,""
EVT-0000885,TKT-00090,2026-03-22T13:25:08,customer_resolution_accepted,customer,CUST-013,""
EVT-0000886,TKT-00090,2026-03-22T14:05:50,ticket_closed,it_team,IT-005,accepted_first_attempt
EVT-0000887,TKT-00091,2026-02-11T13:35:00,ticket_submitted,customer,CUST-005,channel=email
EVT-0000888,TKT-00091,2026-02-11T14:10:43,ticket_triaged,it_team,IT-005,category=software_bug; priority=medium
EVT-0000889,TKT-00091,2026-02-11T14:46:01,faq_checked,it_team,IT-005,match=False; confidence=0.34
EVT-0000890,TKT-00091,2026-02-11T16:08:14,ticket_escalated,it_team,IT-005,to specialist SP-008; missing_info=False
EVT-0000891,TKT-00091,2026-02-11T16:54:39,specialist_investigation_started,it_specialist,SP-008,""
EVT-0000892,TKT-00091,2026-02-12T09:20:35,specialist_solution_created,it_specialist,SP-008,root_cause=Race condition in background sync job
EVT-0000893,TKT-00091,2026-02-12T09:29:53,specialist_response_drafted,it_team,IT-005,""
EVT-0000894,TKT-00091,2026-02-12T09:40:15,specialist_response_sent,it_team,IT-005,""
EVT-0000895,TKT-00091,2026-02-14T19:38:52,customer_resolution_accepted,customer,CUST-005,""
EVT-0000896,TKT-00091,2026-02-14T21:31:23,ticket_closed,it_team,IT-005,accepted_first_attempt
EVT-0000897,TKT-00092,2026-01-21T00:08:00,ticket_submitted,customer,CUST-007,channel=portal
EVT-0000898,TKT-00092,2026-01-21T04:05:32,ticket_triaged,it_team,IT-002,category=data_reporting; priority=medium
EVT-0000899,TKT-00092,2026-01-21T05:07:56,faq_checked,it_team,IT-002,match=False; confidence=0.13
EVT-0000900,TKT-00092,2026-01-21T06:37:09,ticket_escalated,it_team,IT-002,to specialist SP-005; missing_info=False
EVT-0000901,TKT-00092,2026-01-21T12:23:31,specialist_investigation_started,it_specialist,SP-005,""
EVT-0000902,TKT-00092,2026-01-21T21:28:18,specialist_solution_created,it_specialist,SP-005,root_cause=Warehouse job missed scheduled run
EVT-0000903,TKT-00092,2026-01-21T21:59:03,specialist_response_drafted,it_team,IT-002,""
EVT-0000904,TKT-00092,2026-01-21T22:13:07,specialist_response_sent,it_team,IT-002,""
EVT-0000905,TKT-00092,2026-01-23T20:13:13,customer_resolution_accepted,customer,CUST-007,""
EVT-0000906,TKT-00092,2026-01-23T20:49:50,ticket_closed,it_team,IT-002,accepted_first_attempt
EVT-0000907,TKT-00093,2026-03-25T09:00:00,ticket_submitted,customer,CUST-001,channel=email
EVT-0000908,TKT-00093,2026-03-25T11:19:57,ticket_triaged,it_team,IT-008,category=login_access; priority=medium
EVT-0000909,TKT-00093,2026-03-25T12:41:13,faq_checked,it_team,IT-008,match=True; confidence=0.86
EVT-0000910,TKT-00093,2026-03-25T13:35:06,faq_response_drafted,it_team,IT-008,""
EVT-0000911,TKT-00093,2026-03-25T14:02:11,faq_response_sent,it_team,IT-008,""
EVT-0000912,TKT-00093,2026-03-26T13:39:28,customer_resolution_accepted,customer,CUST-001,""
EVT-0000913,TKT-00093,2026-03-26T14:09:40,ticket_closed,it_team,IT-008,accepted_first_attempt
EVT-0000914,TKT-00094,2026-02-21T12:35:00,ticket_submitted,customer,CUST-017,channel=portal
EVT-0000915,TKT-00094,2026-02-21T15:02:55,ticket_triaged,it_team,IT-004,category=email_calendar; priority=high
EVT-0000916,TKT-00094,2026-02-21T16:11:59,faq_checked,it_team,IT-004,match=False; confidence=0.26
EVT-0000917,TKT-00094,2026-02-21T16:27:14,ticket_escalated,it_team,IT-004,to specialist SP-002; missing_info=True
EVT-0000918,TKT-00094,2026-02-21T17:46:16,specialist_investigation_started,it_specialist,SP-002,""
EVT-0000919,TKT-00094,2026-02-22T02:24:52,specialist_solution_created,it_specialist,SP-002,root_cause=Stale OAuth token in calendar provider
EVT-0000920,TKT-00094,2026-02-22T03:50:40,specialist_response_drafted,it_team,IT-004,""
EVT-0000921,TKT-00094,2026-02-22T04:22:23,specialist_response_sent,it_team,IT-004,""
EVT-0000922,TKT-00094,2026-02-22T19:14:48,customer_resolution_accepted,customer,CUST-017,""
EVT-0000923,TKT-00094,2026-02-22T20:55:04,ticket_closed,it_team,IT-004,accepted_first_attempt
EVT-0000924,TKT-00095,2026-02-20T12:40:00,ticket_submitted,customer,CUST-008,channel=phone
EVT-0000925,TKT-00095,2026-02-20T17:14:02,ticket_triaged,it_team,IT-001,category=software_bug; priority=medium
EVT-0000926,TKT-00095,2026-02-20T18:18:26,faq_checked,it_team,IT-001,match=False; confidence=0.25
EVT-0000927,TKT-00095,2026-02-20T19:11:16,ticket_escalated,it_team,IT-001,to specialist SP-008; missing_info=False
EVT-0000928,TKT-00095,2026-02-20T23:42:09,specialist_investigation_started,it_specialist,SP-008,""
EVT-0000929,TKT-00095,2026-02-23T10:25:42,specialist_solution_created,it_specialist,SP-008,root_cause=Race condition in background sync job
EVT-0000930,TKT-00095,2026-02-23T11:51:50,specialist_response_drafted,it_team,IT-001,""
EVT-0000931,TKT-00095,2026-02-23T12:03:48,specialist_response_sent,it_team,IT-001,""
EVT-0000932,TKT-00095,2026-02-25T09:15:44,customer_resolution_rejected,customer,CUST-008,Need different approach
EVT-0000933,TKT-00095,2026-02-25T09:46:16,rejection_verified,it_team,IT-001,""
EVT-0000934,TKT-00095,2026-02-25T10:37:35,ticket_reopened,it_team,IT-001,""
EVT-0000935,TKT-00095,2026-02-25T12:19:24,ticket_escalated,it_team,IT-001,to specialist SP-008; reopen=True
EVT-0000936,TKT-00095,2026-02-25T12:56:12,specialist_investigation_started,it_specialist,SP-008,post_reopen
EVT-0000937,TKT-00095,2026-02-26T02:42:40,specialist_solution_created,it_specialist,SP-008,post_reopen
EVT-0000938,TKT-00095,2026-02-26T03:09:37,specialist_response_drafted,it_team,IT-001,post_reopen
EVT-0000939,TKT-00095,2026-02-26T03:52:22,specialist_response_sent,it_team,IT-001,post_reopen
EVT-0000940,TKT-00095,2026-02-26T16:06:42,customer_resolution_accepted,customer,CUST-008,post_reopen
EVT-0000941,TKT-00095,2026-02-26T16:56:22,ticket_closed,it_team,IT-001,accepted_after_reopen
EVT-0000942,TKT-00096,2026-03-19T01:37:00,ticket_submitted,customer,CUST-003,channel=email
EVT-0000943,TKT-00096,2026-03-19T06:28:01,ticket_triaged,it_team,IT-001,category=network_connectivity; priority=medium
EVT-0000944,TKT-00096,2026-03-19T08:19:52,faq_checked,it_team,IT-001,match=False; confidence=0.39
EVT-0000945,TKT-00096,2026-03-19T09:22:34,ticket_escalated,it_team,IT-001,to specialist SP-009; missing_info=False
EVT-0000946,TKT-00096,2026-03-19T12:00:37,specialist_investigation_started,it_specialist,SP-009,""
EVT-0000947,TKT-00096,2026-03-20T10:24:03,specialist_solution_created,it_specialist,SP-009,root_cause=Misconfigured route on regional gateway
EVT-0000948,TKT-00096,2026-03-20T11:10:04,specialist_response_drafted,it_team,IT-001,""
EVT-0000949,TKT-00096,2026-03-20T11:38:36,specialist_response_sent,it_team,IT-001,""
EVT-0000950,TKT-00096,2026-03-21T05:19:49,customer_resolution_rejected,customer,CUST-003,Need different approach
EVT-0000951,TKT-00096,2026-03-21T07:36:07,rejection_verified,it_team,IT-001,""
EVT-0000952,TKT-00096,2026-03-21T08:06:43,ticket_reopened,it_team,IT-001,""
EVT-0000953,TKT-00096,2026-03-21T09:40:21,ticket_escalated,it_team,IT-001,to specialist SP-009; reopen=True
EVT-0000954,TKT-00096,2026-03-21T10:55:00,specialist_investigation_started,it_specialist,SP-009,post_reopen
EVT-0000955,TKT-00096,2026-03-21T16:18:52,specialist_solution_created,it_specialist,SP-009,post_reopen
EVT-0000956,TKT-00096,2026-03-21T16:30:19,specialist_response_drafted,it_team,IT-001,post_reopen
EVT-0000957,TKT-00096,2026-03-21T16:35:10,specialist_response_sent,it_team,IT-001,post_reopen
EVT-0000958,TKT-00096,2026-03-22T07:37:52,customer_resolution_rejected,customer,CUST-003,post_reopen
EVT-0000959,TKT-00096,2026-03-22T11:34:28,ticket_closed,it_team,IT-001,closed_unresolved_after_reopen
EVT-0000960,TKT-00097,2026-01-18T23:49:00,ticket_submitted,customer,CUST-016,channel=portal
EVT-0000961,TKT-00097,2026-01-19T01:19:17,ticket_triaged,it_team,IT-006,category=password_reset; priority=medium
EVT-0000962,TKT-00097,2026-01-19T02:24:14,faq_checked,it_team,IT-006,match=True; confidence=0.68
EVT-0000963,TKT-00097,2026-01-19T02:57:40,faq_response_drafted,it_team,IT-006,""
EVT-0000964,TKT-00097,2026-01-19T03:34:32,faq_response_sent,it_team,IT-006,""
EVT-0000965,TKT-00097,2026-01-21T05:20:28,customer_resolution_accepted,customer,CUST-016,""
EVT-0000966,TKT-00097,2026-01-21T07:15:11,ticket_closed,it_team,IT-006,accepted_first_attempt
EVT-0000967,TKT-00098,2026-02-25T17:23:00,ticket_submitted,customer,CUST-001,channel=email
EVT-0000968,TKT-00098,2026-02-25T20:11:32,ticket_triaged,it_team,IT-003,category=other; priority=medium
EVT-0000969,TKT-00098,2026-02-25T22:06:01,faq_checked,it_team,IT-003,match=False; confidence=0.24
EVT-0000970,TKT-00098,2026-02-25T23:22:49,ticket_escalated,it_team,IT-003,to specialist SP-008; missing_info=False
EVT-0000971,TKT-00098,2026-02-26T02:16:09,specialist_investigation_started,it_specialist,SP-008,""
EVT-0000972,TKT-00098,2026-02-26T21:03:59,specialist_solution_created,it_specialist,SP-008,root_cause=Cross-team request requiring case-by-case handling
EVT-0000973,TKT-00098,2026-02-26T21:19:18,specialist_response_drafted,it_team,IT-003,""
EVT-0000974,TKT-00098,2026-02-26T21:58:02,specialist_response_sent,it_team,IT-003,""
EVT-0000975,TKT-00098,2026-02-27T17:51:41,customer_resolution_accepted,customer,CUST-001,""
EVT-0000976,TKT-00098,2026-02-27T19:16:47,ticket_closed,it_team,IT-003,accepted_first_attempt
EVT-0000977,TKT-00099,2026-01-23T14:26:00,ticket_submitted,customer,CUST-013,channel=portal
EVT-0000978,TKT-00099,2026-01-23T17:54:36,ticket_triaged,it_team,IT-008,category=data_reporting; priority=low
EVT-0000979,TKT-00099,2026-01-23T18:38:52,faq_checked,it_team,IT-008,match=False; confidence=0.29
EVT-0000980,TKT-00099,2026-01-23T19:00:19,ticket_escalated,it_team,IT-008,to specialist SP-005; missing_info=False
EVT-0000981,TKT-00099,2026-01-24T00:46:21,specialist_investigation_started,it_specialist,SP-005,""
EVT-0000982,TKT-00099,2026-01-26T07:34:20,specialist_solution_created,it_specialist,SP-005,root_cause=Warehouse job missed scheduled run
EVT-0000983,TKT-00099,2026-01-26T08:47:56,specialist_response_drafted,it_team,IT-008,""
EVT-0000984,TKT-00099,2026-01-26T09:32:41,specialist_response_sent,it_team,IT-008,""
EVT-0000985,TKT-00099,2026-01-28T03:58:40,customer_resolution_accepted,customer,CUST-013,""
EVT-0000986,TKT-00099,2026-01-28T04:45:02,ticket_closed,it_team,IT-008,accepted_first_attempt
EVT-0000987,TKT-00100,2026-02-23T07:26:00,ticket_submitted,customer,CUST-008,channel=portal
EVT-0000988,TKT-00100,2026-02-23T10:31:33,ticket_triaged,it_team,IT-006,category=login_access; priority=medium
EVT-0000989,TKT-00100,2026-02-23T11:33:29,faq_checked,it_team,IT-006,match=False; confidence=0.4
EVT-0000990,TKT-00100,2026-02-23T12:38:38,ticket_escalated,it_team,IT-006,to specialist SP-002; missing_info=False
EVT-0000991,TKT-00100,2026-02-23T15:25:59,specialist_investigation_started,it_specialist,SP-002,""
EVT-0000992,TKT-00100,2026-02-23T22:46:59,specialist_solution_created,it_specialist,SP-002,root_cause=Permission cache out of sync between SSO and target system
EVT-0000993,TKT-00100,2026-02-23T23:06:35,specialist_response_drafted,it_team,IT-006,""
EVT-0000994,TKT-00100,2026-02-23T23:40:16,specialist_response_sent,it_team,IT-006,""
EVT-0000995,TKT-00100,2026-02-25T18:26:13,customer_resolution_accepted,customer,CUST-008,""
EVT-0000996,TKT-00100,2026-02-25T18:55:22,ticket_closed,it_team,IT-006,accepted_first_attempt
EVT-0000997,TKT-00101,2026-03-07T19:30:00,ticket_submitted,customer,CUST-017,channel=portal
EVT-0000998,TKT-00101,2026-03-07T20:35:02,ticket_triaged,it_team,IT-002,category=email_calendar; priority=high
EVT-0000999,TKT-00101,2026-03-07T22:06:23,faq_checked,it_team,IT-002,match=True; confidence=0.89
EVT-0001000,TKT-00101,2026-03-07T23:24:41,faq_response_drafted,it_team,IT-002,""
EVT-0001001,TKT-00101,2026-03-07T23:36:17,faq_response_sent,it_team,IT-002,""
EVT-0001002,TKT-00101,2026-03-08T11:34:56,customer_resolution_accepted,customer,CUST-017,""
EVT-0001003,TKT-00101,2026-03-08T12:27:21,ticket_closed,it_team,IT-002,accepted_first_attempt
EVT-0001004,TKT-00102,2026-02-01T06:34:00,ticket_submitted,customer,CUST-018,channel=portal
EVT-0001005,TKT-00102,2026-02-01T07:21:28,ticket_triaged,it_team,IT-005,category=billing_account; priority=medium
EVT-0001006,TKT-00102,2026-02-01T07:29:39,faq_checked,it_team,IT-005,match=True; confidence=0.83
EVT-0001007,TKT-00102,2026-02-01T08:12:42,faq_response_drafted,it_team,IT-005,""
EVT-0001008,TKT-00102,2026-02-01T08:33:25,faq_response_sent,it_team,IT-005,""
EVT-0001009,TKT-00102,2026-02-03T19:52:25,customer_resolution_rejected,customer,CUST-018,Steps did not resolve the issue
EVT-0001010,TKT-00102,2026-02-03T23:17:56,rejection_verified,it_team,IT-005,""
EVT-0001011,TKT-00102,2026-02-03T23:49:09,ticket_reopened,it_team,IT-005,""
EVT-0001012,TKT-00102,2026-02-04T00:34:53,ticket_escalated,it_team,IT-005,to specialist SP-010; reopen=True
EVT-0001013,TKT-00102,2026-02-04T01:07:39,specialist_investigation_started,it_specialist,SP-010,post_reopen
EVT-0001014,TKT-00102,2026-02-04T08:45:44,specialist_solution_created,it_specialist,SP-010,post_reopen
EVT-0001015,TKT-00102,2026-02-04T10:06:55,specialist_response_drafted,it_team,IT-005,post_reopen
EVT-0001016,TKT-00102,2026-02-04T10:20:43,specialist_response_sent,it_team,IT-005,post_reopen
EVT-0001017,TKT-00102,2026-02-05T17:34:23,customer_resolution_accepted,customer,CUST-018,post_reopen
EVT-0001018,TKT-00102,2026-02-05T18:46:55,ticket_closed,it_team,IT-005,accepted_after_reopen
EVT-0001019,TKT-00103,2026-02-02T10:54:00,ticket_submitted,customer,CUST-006,channel=portal
EVT-0001020,TKT-00103,2026-02-02T14:36:05,ticket_triaged,it_team,IT-005,category=network_connectivity; priority=urgent
EVT-0001021,TKT-00103,2026-02-02T15:04:34,faq_checked,it_team,IT-005,match=True; confidence=0.65
EVT-0001022,TKT-00103,2026-02-02T16:32:01,ticket_escalated,it_team,IT-005,to specialist SP-009; missing_info=False
EVT-0001023,TKT-00103,2026-02-02T18:23:33,specialist_investigation_started,it_specialist,SP-009,""
EVT-0001024,TKT-00103,2026-02-02T19:59:41,specialist_solution_created,it_specialist,SP-009,root_cause=Misconfigured route on regional gateway
EVT-0001025,TKT-00103,2026-02-02T20:38:43,specialist_response_drafted,it_team,IT-005,""
EVT-0001026,TKT-00103,2026-02-02T20:42:44,specialist_response_sent,it_team,IT-005,""
EVT-0001027,TKT-00103,2026-02-05T03:47:22,customer_resolution_accepted,customer,CUST-006,""
EVT-0001028,TKT-00103,2026-02-05T05:27:31,ticket_closed,it_team,IT-005,accepted_first_attempt
EVT-0001029,TKT-00104,2026-02-12T12:46:00,ticket_submitted,customer,CUST-015,channel=portal
EVT-0001030,TKT-00104,2026-02-12T15:05:04,ticket_triaged,it_team,IT-001,category=data_reporting; priority=medium
EVT-0001031,TKT-00104,2026-02-12T16:54:00,faq_checked,it_team,IT-001,match=False; confidence=0.06
EVT-0001032,TKT-00104,2026-02-12T18:08:37,ticket_escalated,it_team,IT-001,to specialist SP-007; missing_info=False
EVT-0001033,TKT-00104,2026-02-12T20:37:57,specialist_investigation_started,it_specialist,SP-007,""
EVT-0001034,TKT-00104,2026-02-13T13:08:42,specialist_solution_created,it_specialist,SP-007,root_cause=Warehouse job missed scheduled run
EVT-0001035,TKT-00104,2026-02-13T14:02:42,specialist_response_drafted,it_team,IT-001,""
EVT-0001036,TKT-00104,2026-02-13T14:16:43,specialist_response_sent,it_team,IT-001,""
EVT-0001037,TKT-00104,2026-02-14T02:54:01,customer_resolution_accepted,customer,CUST-015,""
EVT-0001038,TKT-00104,2026-02-14T03:38:20,ticket_closed,it_team,IT-001,accepted_first_attempt
EVT-0001039,TKT-00105,2026-03-26T05:13:00,ticket_submitted,customer,CUST-003,channel=portal
EVT-0001040,TKT-00105,2026-03-26T09:00:18,ticket_triaged,it_team,IT-005,category=security_request; priority=medium
EVT-0001041,TKT-00105,2026-03-26T10:34:37,faq_checked,it_team,IT-005,match=True; confidence=0.86
EVT-0001042,TKT-00105,2026-03-26T11:47:11,faq_response_drafted,it_team,IT-005,""
EVT-0001043,TKT-00105,2026-03-26T12:21:56,faq_response_sent,it_team,IT-005,""
EVT-0001044,TKT-00105,2026-03-27T19:22:43,customer_resolution_accepted,customer,CUST-003,""
EVT-0001045,TKT-00105,2026-03-27T20:04:39,ticket_closed,it_team,IT-005,accepted_first_attempt
EVT-0001046,TKT-00106,2026-02-26T01:10:00,ticket_submitted,customer,CUST-003,channel=portal
EVT-0001047,TKT-00106,2026-02-26T04:33:49,ticket_triaged,it_team,IT-004,category=billing_account; priority=low
EVT-0001048,TKT-00106,2026-02-26T05:34:56,faq_checked,it_team,IT-004,match=False; confidence=0.25
EVT-0001049,TKT-00106,2026-02-26T06:35:31,ticket_escalated,it_team,IT-004,to specialist SP-010; missing_info=False
EVT-0001050,TKT-00106,2026-02-26T11:38:34,specialist_investigation_started,it_specialist,SP-010,""
EVT-0001051,TKT-00106,2026-02-26T18:44:05,specialist_solution_created,it_specialist,SP-010,root_cause=Tax engine using stale region cache
EVT-0001052,TKT-00106,2026-02-26T19:40:32,specialist_response_drafted,it_team,IT-004,""
EVT-0001053,TKT-00106,2026-02-26T19:58:58,specialist_response_sent,it_team,IT-004,""
EVT-0001054,TKT-00106,2026-02-27T14:26:15,customer_resolution_rejected,customer,CUST-003,Steps did not resolve the issue
EVT-0001055,TKT-00106,2026-02-27T16:42:59,rejection_verified,it_team,IT-004,""
EVT-0001056,TKT-00106,2026-02-27T18:36:15,ticket_reopened,it_team,IT-004,""
EVT-0001057,TKT-00106,2026-02-27T20:01:29,ticket_escalated,it_team,IT-004,to specialist SP-010; reopen=True
EVT-0001058,TKT-00106,2026-02-27T21:06:22,specialist_investigation_started,it_specialist,SP-010,post_reopen
EVT-0001059,TKT-00106,2026-02-28T08:03:43,specialist_solution_created,it_specialist,SP-010,post_reopen
EVT-0001060,TKT-00106,2026-02-28T08:18:19,specialist_response_drafted,it_team,IT-004,post_reopen
EVT-0001061,TKT-00106,2026-02-28T09:02:11,specialist_response_sent,it_team,IT-004,post_reopen
EVT-0001062,TKT-00106,2026-03-02T19:40:00,customer_resolution_accepted,customer,CUST-003,post_reopen
EVT-0001063,TKT-00106,2026-03-02T20:40:18,ticket_closed,it_team,IT-004,accepted_after_reopen
EVT-0001064,TKT-00107,2026-03-30T02:36:00,ticket_submitted,customer,CUST-002,channel=portal
EVT-0001065,TKT-00107,2026-03-30T05:04:49,ticket_triaged,it_team,IT-004,category=login_access; priority=high
EVT-0001066,TKT-00107,2026-03-30T05:25:06,faq_checked,it_team,IT-004,match=False; confidence=0.3
EVT-0001067,TKT-00107,2026-03-30T06:47:43,ticket_escalated,it_team,IT-004,to specialist SP-002; missing_info=True
EVT-0001068,TKT-00107,2026-03-30T11:48:53,specialist_investigation_started,it_specialist,SP-002,""
EVT-0001069,TKT-00107,2026-03-30T22:02:22,specialist_solution_created,it_specialist,SP-002,root_cause=Permission cache out of sync between SSO and target system
EVT-0001070,TKT-00107,2026-03-30T22:53:05,specialist_response_drafted,it_team,IT-004,""
EVT-0001071,TKT-00107,2026-03-30T23:04:09,specialist_response_sent,it_team,IT-004,""
EVT-0001072,TKT-00107,2026-03-31T05:19:50,customer_resolution_rejected,customer,CUST-002,Steps did not resolve the issue
EVT-0001073,TKT-00107,2026-03-31T08:15:59,rejection_verified,it_team,IT-004,""
EVT-0001074,TKT-00107,2026-03-31T09:45:15,ticket_reopened,it_team,IT-004,""
EVT-0001075,TKT-00107,2026-03-31T11:19:01,ticket_escalated,it_team,IT-004,to specialist SP-002; reopen=True
EVT-0001076,TKT-00107,2026-03-31T14:31:52,specialist_investigation_started,it_specialist,SP-002,post_reopen
EVT-0001077,TKT-00107,2026-03-31T17:23:43,specialist_solution_created,it_specialist,SP-002,post_reopen
EVT-0001078,TKT-00107,2026-03-31T18:11:39,specialist_response_drafted,it_team,IT-004,post_reopen
EVT-0001079,TKT-00107,2026-03-31T18:42:02,specialist_response_sent,it_team,IT-004,post_reopen
EVT-0001080,TKT-00107,2026-04-01T13:49:33,customer_resolution_rejected,customer,CUST-002,post_reopen
EVT-0001081,TKT-00107,2026-04-01T18:15:44,ticket_closed,it_team,IT-004,closed_unresolved_after_reopen
EVT-0001082,TKT-00108,2026-03-23T10:54:00,ticket_submitted,customer,CUST-010,channel=portal
EVT-0001083,TKT-00108,2026-03-23T13:22:23,ticket_triaged,it_team,IT-003,category=email_calendar; priority=medium
EVT-0001084,TKT-00108,2026-03-23T14:48:53,faq_checked,it_team,IT-003,match=True; confidence=0.7
EVT-0001085,TKT-00108,2026-03-23T15:38:25,faq_response_drafted,it_team,IT-003,""
EVT-0001086,TKT-00108,2026-03-23T15:47:42,faq_response_sent,it_team,IT-003,""
EVT-0001087,TKT-00108,2026-03-24T12:00:17,customer_resolution_accepted,customer,CUST-010,""
EVT-0001088,TKT-00108,2026-03-24T12:49:52,ticket_closed,it_team,IT-003,accepted_first_attempt
EVT-0001089,TKT-00109,2026-01-25T21:28:00,ticket_submitted,customer,CUST-017,channel=portal
EVT-0001090,TKT-00109,2026-01-25T22:52:37,ticket_triaged,it_team,IT-006,category=login_access; priority=medium
EVT-0001091,TKT-00109,2026-01-26T00:20:22,faq_checked,it_team,IT-006,match=True; confidence=0.97
EVT-0001092,TKT-00109,2026-01-26T01:00:05,faq_response_drafted,it_team,IT-006,""
EVT-0001093,TKT-00109,2026-01-26T01:18:10,faq_response_sent,it_team,IT-006,""
EVT-0001094,TKT-00109,2026-01-26T22:24:04,customer_resolution_accepted,customer,CUST-017,""
EVT-0001095,TKT-00109,2026-01-26T23:06:03,ticket_closed,it_team,IT-006,accepted_first_attempt
EVT-0001096,TKT-00110,2026-01-19T18:12:00,ticket_submitted,customer,CUST-015,channel=email
EVT-0001097,TKT-00110,2026-01-19T18:52:48,ticket_triaged,it_team,IT-002,category=data_reporting; priority=medium
EVT-0001098,TKT-00110,2026-01-19T19:27:24,faq_checked,it_team,IT-002,match=True; confidence=0.93
EVT-0001099,TKT-00110,2026-01-19T20:41:05,ticket_escalated,it_team,IT-002,to specialist SP-005; missing_info=False
EVT-0001100,TKT-00110,2026-01-19T23:14:42,specialist_investigation_started,it_specialist,SP-005,""
EVT-0001101,TKT-00110,2026-01-21T19:29:18,specialist_solution_created,it_specialist,SP-005,root_cause=Warehouse job missed scheduled run
EVT-0001102,TKT-00110,2026-01-21T19:51:19,specialist_response_drafted,it_team,IT-002,""
EVT-0001103,TKT-00110,2026-01-21T20:19:08,specialist_response_sent,it_team,IT-002,""
EVT-0001104,TKT-00110,2026-01-23T05:14:52,customer_resolution_accepted,customer,CUST-015,""
EVT-0001105,TKT-00110,2026-01-23T05:45:03,ticket_closed,it_team,IT-002,accepted_first_attempt
EVT-0001106,TKT-00111,2026-01-18T00:14:00,ticket_submitted,customer,CUST-010,channel=email
EVT-0001107,TKT-00111,2026-01-18T04:34:00,ticket_triaged,it_team,IT-008,category=login_access; priority=medium
EVT-0001108,TKT-00111,2026-01-18T04:53:34,faq_checked,it_team,IT-008,match=True; confidence=0.8
EVT-0001109,TKT-00111,2026-01-18T06:11:48,faq_response_drafted,it_team,IT-008,""
EVT-0001110,TKT-00111,2026-01-18T06:54:11,faq_response_sent,it_team,IT-008,""
EVT-0001111,TKT-00111,2026-01-20T17:07:55,customer_resolution_rejected,customer,CUST-010,Steps did not resolve the issue
EVT-0001112,TKT-00111,2026-01-20T20:06:13,rejection_verified,it_team,IT-008,""
EVT-0001113,TKT-00111,2026-01-20T20:57:23,ticket_reopened,it_team,IT-008,""
EVT-0001114,TKT-00111,2026-01-20T21:17:15,ticket_escalated,it_team,IT-008,to specialist SP-002; reopen=True
EVT-0001115,TKT-00111,2026-01-20T22:30:26,specialist_investigation_started,it_specialist,SP-002,post_reopen
EVT-0001116,TKT-00111,2026-01-21T00:41:32,specialist_solution_created,it_specialist,SP-002,post_reopen
EVT-0001117,TKT-00111,2026-01-21T00:50:52,specialist_response_drafted,it_team,IT-008,post_reopen
EVT-0001118,TKT-00111,2026-01-21T01:07:15,specialist_response_sent,it_team,IT-008,post_reopen
EVT-0001119,TKT-00111,2026-01-22T00:10:05,customer_resolution_accepted,customer,CUST-010,post_reopen
EVT-0001120,TKT-00111,2026-01-22T00:17:47,ticket_closed,it_team,IT-008,accepted_after_reopen
EVT-0001121,TKT-00112,2026-03-30T05:40:00,ticket_submitted,customer,CUST-007,channel=portal
EVT-0001122,TKT-00112,2026-03-30T06:51:12,ticket_triaged,it_team,IT-008,category=other; priority=medium
EVT-0001123,TKT-00112,2026-03-30T07:58:22,faq_checked,it_team,IT-008,match=False; confidence=0.15
EVT-0001124,TKT-00112,2026-03-30T08:24:08,ticket_escalated,it_team,IT-008,to specialist SP-008; missing_info=True
EVT-0001125,TKT-00112,2026-03-30T11:40:55,specialist_investigation_started,it_specialist,SP-008,""
EVT-0001126,TKT-00112,2026-04-01T17:48:52,specialist_solution_created,it_specialist,SP-008,root_cause=Cross-team request requiring case-by-case handling
EVT-0001127,TKT-00112,2026-04-01T19:09:19,specialist_response_drafted,it_team,IT-008,""
EVT-0001128,TKT-00112,2026-04-01T19:27:34,specialist_response_sent,it_team,IT-008,""
EVT-0001129,TKT-00112,2026-04-03T09:39:52,customer_resolution_rejected,customer,CUST-007,Solution applied but symptom persists
EVT-0001130,TKT-00112,2026-04-03T12:33:09,rejection_verified,it_team,IT-008,""
EVT-0001131,TKT-00112,2026-04-03T17:43:08,ticket_closed,it_team,IT-008,closed_unresolved_no_reopen
EVT-0001132,TKT-00113,2026-02-25T06:10:00,ticket_submitted,customer,CUST-018,channel=email
EVT-0001133,TKT-00113,2026-02-25T07:50:13,ticket_triaged,it_team,IT-003,category=security_request; priority=medium
EVT-0001134,TKT-00113,2026-02-25T09:12:15,faq_checked,it_team,IT-003,match=True; confidence=0.75
EVT-0001135,TKT-00113,2026-02-25T09:54:19,ticket_escalated,it_team,IT-003,to specialist SP-002; missing_info=True
EVT-0001136,TKT-00113,2026-02-25T12:23:53,specialist_investigation_started,it_specialist,SP-002,""
EVT-0001137,TKT-00113,2026-03-01T15:32:41,specialist_solution_created,it_specialist,SP-002,root_cause=Manual access review required for sensitive role
EVT-0001138,TKT-00113,2026-03-01T15:43:32,specialist_response_drafted,it_team,IT-003,""
EVT-0001139,TKT-00113,2026-03-01T16:24:47,specialist_response_sent,it_team,IT-003,""
EVT-0001140,TKT-00113,2026-03-02T03:30:34,customer_resolution_accepted,customer,CUST-018,""
EVT-0001141,TKT-00113,2026-03-02T04:02:48,ticket_closed,it_team,IT-003,accepted_first_attempt
EVT-0001142,TKT-00114,2026-01-23T03:57:00,ticket_submitted,customer,CUST-008,channel=portal
EVT-0001143,TKT-00114,2026-01-23T07:22:36,ticket_triaged,it_team,IT-003,category=network_connectivity; priority=high
EVT-0001144,TKT-00114,2026-01-23T07:53:40,faq_checked,it_team,IT-003,match=False; confidence=0.42
EVT-0001145,TKT-00114,2026-01-23T08:01:49,ticket_escalated,it_team,IT-003,to specialist SP-009; missing_info=False
EVT-0001146,TKT-00114,2026-01-23T09:52:25,specialist_investigation_started,it_specialist,SP-009,""
EVT-0001147,TKT-00114,2026-01-24T02:30:39,specialist_solution_created,it_specialist,SP-009,root_cause=Misconfigured route on regional gateway
EVT-0001148,TKT-00114,2026-01-24T03:45:48,specialist_response_drafted,it_team,IT-003,""
EVT-0001149,TKT-00114,2026-01-24T03:50:22,specialist_response_sent,it_team,IT-003,""
EVT-0001150,TKT-00114,2026-01-25T16:24:19,customer_resolution_accepted,customer,CUST-008,""
EVT-0001151,TKT-00114,2026-01-25T17:40:48,ticket_closed,it_team,IT-003,accepted_first_attempt
EVT-0001152,TKT-00115,2026-02-09T03:42:00,ticket_submitted,customer,CUST-008,channel=email
EVT-0001153,TKT-00115,2026-02-09T05:12:36,ticket_triaged,it_team,IT-008,category=security_request; priority=urgent
EVT-0001154,TKT-00115,2026-02-09T06:37:55,faq_checked,it_team,IT-008,match=False; confidence=0.13
EVT-0001155,TKT-00115,2026-02-09T06:59:50,ticket_escalated,it_team,IT-008,to specialist SP-006; missing_info=False
EVT-0001156,TKT-00115,2026-02-09T11:19:31,specialist_investigation_started,it_specialist,SP-006,""
EVT-0001157,TKT-00115,2026-02-10T23:44:47,specialist_solution_created,it_specialist,SP-006,root_cause=Manual access review required for sensitive role
EVT-0001158,TKT-00115,2026-02-11T01:00:32,specialist_response_drafted,it_team,IT-008,""
EVT-0001159,TKT-00115,2026-02-11T01:28:17,specialist_response_sent,it_team,IT-008,""
EVT-0001160,TKT-00115,2026-02-12T21:05:57,customer_resolution_accepted,customer,CUST-008,""
EVT-0001161,TKT-00115,2026-02-12T21:40:47,ticket_closed,it_team,IT-008,accepted_first_attempt
EVT-0001162,TKT-00116,2026-03-16T18:10:00,ticket_submitted,customer,CUST-003,channel=email
EVT-0001163,TKT-00116,2026-03-16T23:08:57,ticket_triaged,it_team,IT-008,category=software_bug; priority=medium
EVT-0001164,TKT-00116,2026-03-17T00:49:26,faq_checked,it_team,IT-008,match=True; confidence=0.82
EVT-0001165,TKT-00116,2026-03-17T02:09:01,faq_response_drafted,it_team,IT-008,""
EVT-0001166,TKT-00116,2026-03-17T02:35:24,faq_response_sent,it_team,IT-008,""
EVT-0001167,TKT-00116,2026-03-17T21:52:57,customer_resolution_accepted,customer,CUST-003,""
EVT-0001168,TKT-00116,2026-03-17T23:06:17,ticket_closed,it_team,IT-008,accepted_first_attempt
EVT-0001169,TKT-00117,2026-01-31T19:25:00,ticket_submitted,customer,CUST-012,channel=phone
EVT-0001170,TKT-00117,2026-01-31T23:28:46,ticket_triaged,it_team,IT-004,category=login_access; priority=low
EVT-0001171,TKT-00117,2026-02-01T01:20:03,faq_checked,it_team,IT-004,match=False; confidence=0.4
EVT-0001172,TKT-00117,2026-02-01T02:24:54,ticket_escalated,it_team,IT-004,to specialist SP-002; missing_info=True
EVT-0001173,TKT-00117,2026-02-01T03:35:18,specialist_investigation_started,it_specialist,SP-002,""
EVT-0001174,TKT-00117,2026-02-01T10:27:21,specialist_solution_created,it_specialist,SP-002,root_cause=Permission cache out of sync between SSO and target system
EVT-0001175,TKT-00117,2026-02-01T11:48:40,specialist_response_drafted,it_team,IT-004,""
EVT-0001176,TKT-00117,2026-02-01T11:58:48,specialist_response_sent,it_team,IT-004,""
EVT-0001177,TKT-00117,2026-02-01T19:54:22,customer_resolution_accepted,customer,CUST-012,""
EVT-0001178,TKT-00117,2026-02-01T20:24:25,ticket_closed,it_team,IT-004,accepted_first_attempt
EVT-0001179,TKT-00118,2026-02-21T01:18:00,ticket_submitted,customer,CUST-007,channel=email
EVT-0001180,TKT-00118,2026-02-21T03:36:56,ticket_triaged,it_team,IT-008,category=data_reporting; priority=medium
EVT-0001181,TKT-00118,2026-02-21T05:15:13,faq_checked,it_team,IT-008,match=False; confidence=0.09
EVT-0001182,TKT-00118,2026-02-21T06:19:31,ticket_escalated,it_team,IT-008,to specialist SP-005; missing_info=False
EVT-0001183,TKT-00118,2026-02-21T10:28:14,specialist_investigation_started,it_specialist,SP-005,""
EVT-0001184,TKT-00118,2026-02-23T03:07:41,specialist_solution_created,it_specialist,SP-005,root_cause=Warehouse job missed scheduled run
EVT-0001185,TKT-00118,2026-02-23T03:21:03,specialist_response_drafted,it_team,IT-008,""
EVT-0001186,TKT-00118,2026-02-23T03:59:29,specialist_response_sent,it_team,IT-008,""
EVT-0001187,TKT-00118,2026-02-25T13:43:58,customer_resolution_rejected,customer,CUST-007,Solution applied but symptom persists
EVT-0001188,TKT-00118,2026-02-25T15:45:19,rejection_verified,it_team,IT-008,""
EVT-0001189,TKT-00118,2026-02-25T17:04:20,ticket_reopened,it_team,IT-008,""
EVT-0001190,TKT-00118,2026-02-25T17:28:49,ticket_escalated,it_team,IT-008,to specialist SP-005; reopen=True
EVT-0001191,TKT-00118,2026-02-25T20:59:45,specialist_investigation_started,it_specialist,SP-005,post_reopen
EVT-0001192,TKT-00118,2026-02-26T11:41:10,specialist_solution_created,it_specialist,SP-005,post_reopen
EVT-0001193,TKT-00118,2026-02-26T13:08:28,specialist_response_drafted,it_team,IT-008,post_reopen
EVT-0001194,TKT-00118,2026-02-26T13:28:14,specialist_response_sent,it_team,IT-008,post_reopen
EVT-0001195,TKT-00118,2026-02-26T23:24:19,customer_resolution_accepted,customer,CUST-007,post_reopen
EVT-0001196,TKT-00118,2026-02-27T00:32:24,ticket_closed,it_team,IT-008,accepted_after_reopen
EVT-0001197,TKT-00119,2026-03-05T18:44:00,ticket_submitted,customer,CUST-001,channel=email
EVT-0001198,TKT-00119,2026-03-05T19:31:23,ticket_triaged,it_team,IT-002,category=email_calendar; priority=medium
EVT-0001199,TKT-00119,2026-03-05T20:02:55,faq_checked,it_team,IT-002,match=False; confidence=0.17
EVT-0001200,TKT-00119,2026-03-05T21:04:00,ticket_escalated,it_team,IT-002,to specialist SP-002; missing_info=False
EVT-0001201,TKT-00119,2026-03-06T02:06:40,specialist_investigation_started,it_specialist,SP-002,""
EVT-0001202,TKT-00119,2026-03-06T08:08:01,specialist_solution_created,it_specialist,SP-002,root_cause=Stale OAuth token in calendar provider
EVT-0001203,TKT-00119,2026-03-06T08:14:47,specialist_response_drafted,it_team,IT-002,""
EVT-0001204,TKT-00119,2026-03-06T08:42:48,specialist_response_sent,it_team,IT-002,""
EVT-0001205,TKT-00119,2026-03-07T10:58:29,customer_resolution_accepted,customer,CUST-001,""
EVT-0001206,TKT-00119,2026-03-07T11:29:06,ticket_closed,it_team,IT-002,accepted_first_attempt
EVT-0001207,TKT-00120,2026-03-10T01:44:00,ticket_submitted,customer,CUST-016,channel=phone
EVT-0001208,TKT-00120,2026-03-10T04:24:18,ticket_triaged,it_team,IT-005,category=email_calendar; priority=low
EVT-0001209,TKT-00120,2026-03-10T06:06:17,faq_checked,it_team,IT-005,match=True; confidence=0.67
EVT-0001210,TKT-00120,2026-03-10T06:57:06,faq_response_drafted,it_team,IT-005,""
EVT-0001211,TKT-00120,2026-03-10T07:13:49,faq_response_sent,it_team,IT-005,""
EVT-0001212,TKT-00120,2026-03-12T06:49:44,customer_resolution_accepted,customer,CUST-016,""
EVT-0001213,TKT-00120,2026-03-12T08:09:43,ticket_closed,it_team,IT-005,accepted_first_attempt
EVT-0001214,TKT-00121,2026-01-17T21:57:00,ticket_submitted,customer,CUST-010,channel=portal
EVT-0001215,TKT-00121,2026-01-18T03:19:49,ticket_triaged,it_team,IT-001,category=network_connectivity; priority=high
EVT-0001216,TKT-00121,2026-01-18T03:42:40,faq_checked,it_team,IT-001,match=False; confidence=0.21
EVT-0001217,TKT-00121,2026-01-18T05:09:43,ticket_escalated,it_team,IT-001,to specialist SP-009; missing_info=False
EVT-0001218,TKT-00121,2026-01-18T09:29:39,specialist_investigation_started,it_specialist,SP-009,""
EVT-0001219,TKT-00121,2026-01-18T19:24:45,specialist_solution_created,it_specialist,SP-009,root_cause=Misconfigured route on regional gateway
EVT-0001220,TKT-00121,2026-01-18T20:01:09,specialist_response_drafted,it_team,IT-001,""
EVT-0001221,TKT-00121,2026-01-18T20:27:28,specialist_response_sent,it_team,IT-001,""
EVT-0001222,TKT-00121,2026-01-20T00:40:05,customer_resolution_accepted,customer,CUST-010,""
EVT-0001223,TKT-00121,2026-01-20T01:14:44,ticket_closed,it_team,IT-001,accepted_first_attempt
EVT-0001224,TKT-00122,2026-02-09T17:57:00,ticket_submitted,customer,CUST-008,channel=portal
EVT-0001225,TKT-00122,2026-02-09T22:01:11,ticket_triaged,it_team,IT-007,category=login_access; priority=high
EVT-0001226,TKT-00122,2026-02-09T22:47:45,faq_checked,it_team,IT-007,match=True; confidence=0.68
EVT-0001227,TKT-00122,2026-02-09T23:02:34,faq_response_drafted,it_team,IT-007,""
EVT-0001228,TKT-00122,2026-02-09T23:41:02,faq_response_sent,it_team,IT-007,""
EVT-0001229,TKT-00122,2026-02-11T00:25:49,customer_resolution_accepted,customer,CUST-008,""
EVT-0001230,TKT-00122,2026-02-11T02:02:26,ticket_closed,it_team,IT-007,accepted_first_attempt
EVT-0001231,TKT-00123,2026-03-20T22:34:00,ticket_submitted,customer,CUST-010,channel=email
EVT-0001232,TKT-00123,2026-03-21T04:01:55,ticket_triaged,it_team,IT-004,category=email_calendar; priority=medium
EVT-0001233,TKT-00123,2026-03-21T05:54:46,faq_checked,it_team,IT-004,match=True; confidence=0.75
EVT-0001234,TKT-00123,2026-03-21T06:34:28,faq_response_drafted,it_team,IT-004,""
EVT-0001235,TKT-00123,2026-03-21T07:12:37,faq_response_sent,it_team,IT-004,""
EVT-0001236,TKT-00123,2026-03-22T23:05:17,customer_resolution_rejected,customer,CUST-010,Steps did not resolve the issue
EVT-0001237,TKT-00123,2026-03-23T02:54:48,rejection_verified,it_team,IT-004,""
EVT-0001238,TKT-00123,2026-03-23T03:37:37,ticket_reopened,it_team,IT-004,""
EVT-0001239,TKT-00123,2026-03-23T04:41:01,ticket_escalated,it_team,IT-004,to specialist SP-002; reopen=True
EVT-0001240,TKT-00123,2026-03-23T06:09:11,specialist_investigation_started,it_specialist,SP-002,post_reopen
EVT-0001241,TKT-00123,2026-03-23T07:16:08,specialist_solution_created,it_specialist,SP-002,post_reopen
EVT-0001242,TKT-00123,2026-03-23T08:03:43,specialist_response_drafted,it_team,IT-004,post_reopen
EVT-0001243,TKT-00123,2026-03-23T08:23:30,specialist_response_sent,it_team,IT-004,post_reopen
EVT-0001244,TKT-00123,2026-03-23T14:24:37,customer_resolution_rejected,customer,CUST-010,post_reopen
EVT-0001245,TKT-00123,2026-03-23T20:42:44,ticket_closed,it_team,IT-004,closed_unresolved_after_reopen
EVT-0001246,TKT-00124,2026-03-14T13:02:00,ticket_submitted,customer,CUST-012,channel=portal
EVT-0001247,TKT-00124,2026-03-14T15:21:45,ticket_triaged,it_team,IT-002,category=network_connectivity; priority=medium
EVT-0001248,TKT-00124,2026-03-14T17:04:31,faq_checked,it_team,IT-002,match=False; confidence=0.18
EVT-0001249,TKT-00124,2026-03-14T17:52:29,ticket_escalated,it_team,IT-002,to specialist SP-004; missing_info=False
EVT-0001250,TKT-00124,2026-03-14T20:52:09,specialist_investigation_started,it_specialist,SP-004,""
EVT-0001251,TKT-00124,2026-03-15T09:26:16,specialist_solution_created,it_specialist,SP-004,root_cause=Misconfigured route on regional gateway
EVT-0001252,TKT-00124,2026-03-15T09:49:25,specialist_response_drafted,it_team,IT-002,""
EVT-0001253,TKT-00124,2026-03-15T10:02:59,specialist_response_sent,it_team,IT-002,""
EVT-0001254,TKT-00124,2026-03-15T21:25:01,customer_resolution_accepted,customer,CUST-012,""
EVT-0001255,TKT-00124,2026-03-15T22:15:14,ticket_closed,it_team,IT-002,accepted_first_attempt
EVT-0001256,TKT-00125,2026-02-08T17:18:00,ticket_submitted,customer,CUST-004,channel=portal
EVT-0001257,TKT-00125,2026-02-08T19:05:17,ticket_triaged,it_team,IT-005,category=password_reset; priority=low
EVT-0001258,TKT-00125,2026-02-08T19:15:23,faq_checked,it_team,IT-005,match=True; confidence=0.85
EVT-0001259,TKT-00125,2026-02-08T20:10:38,faq_response_drafted,it_team,IT-005,""
EVT-0001260,TKT-00125,2026-02-08T20:14:59,faq_response_sent,it_team,IT-005,""
EVT-0001261,TKT-00125,2026-02-11T07:09:40,customer_resolution_accepted,customer,CUST-004,""
EVT-0001262,TKT-00125,2026-02-11T07:45:01,ticket_closed,it_team,IT-005,accepted_first_attempt
EVT-0001263,TKT-00126,2026-01-29T08:22:00,ticket_submitted,customer,CUST-009,channel=portal
EVT-0001264,TKT-00126,2026-01-29T11:08:48,ticket_triaged,it_team,IT-006,category=billing_account; priority=medium
EVT-0001265,TKT-00126,2026-01-29T11:42:10,faq_checked,it_team,IT-006,match=False; confidence=0.21
EVT-0001266,TKT-00126,2026-01-29T12:46:42,ticket_escalated,it_team,IT-006,to specialist SP-010; missing_info=True
EVT-0001267,TKT-00126,2026-01-29T13:19:06,specialist_investigation_started,it_specialist,SP-010,""
EVT-0001268,TKT-00126,2026-01-29T16:47:18,specialist_solution_created,it_specialist,SP-010,root_cause=Tax engine using stale region cache
EVT-0001269,TKT-00126,2026-01-29T17:04:12,specialist_response_drafted,it_team,IT-006,""
EVT-0001270,TKT-00126,2026-01-29T17:29:35,specialist_response_sent,it_team,IT-006,""
EVT-0001271,TKT-00126,2026-01-31T05:37:10,customer_resolution_rejected,customer,CUST-009,Need different approach
EVT-0001272,TKT-00126,2026-01-31T08:12:56,rejection_verified,it_team,IT-006,""
EVT-0001273,TKT-00126,2026-01-31T10:37:50,ticket_closed,it_team,IT-006,closed_unresolved_no_reopen
EVT-0001274,TKT-00127,2026-02-12T04:10:00,ticket_submitted,customer,CUST-015,channel=phone
EVT-0001275,TKT-00127,2026-02-12T06:24:03,ticket_triaged,it_team,IT-002,category=login_access; priority=low
EVT-0001276,TKT-00127,2026-02-12T08:13:40,faq_checked,it_team,IT-002,match=False; confidence=0.21
EVT-0001277,TKT-00127,2026-02-12T09:40:33,ticket_escalated,it_team,IT-002,to specialist SP-006; missing_info=True
EVT-0001278,TKT-00127,2026-02-12T10:57:05,specialist_investigation_started,it_specialist,SP-006,""
EVT-0001279,TKT-00127,2026-02-12T18:19:34,specialist_solution_created,it_specialist,SP-006,root_cause=Permission cache out of sync between SSO and target system
EVT-0001280,TKT-00127,2026-02-12T19:12:42,specialist_response_drafted,it_team,IT-002,""
EVT-0001281,TKT-00127,2026-02-12T19:39:29,specialist_response_sent,it_team,IT-002,""
EVT-0001282,TKT-00127,2026-02-13T23:45:01,customer_resolution_accepted,customer,CUST-015,""
EVT-0001283,TKT-00127,2026-02-14T00:10:22,ticket_closed,it_team,IT-002,accepted_first_attempt
EVT-0001284,TKT-00128,2026-02-18T10:06:00,ticket_submitted,customer,CUST-013,channel=phone
EVT-0001285,TKT-00128,2026-02-18T10:37:18,ticket_triaged,it_team,IT-001,category=login_access; priority=medium
EVT-0001286,TKT-00128,2026-02-18T10:51:56,faq_checked,it_team,IT-001,match=True; confidence=0.69
EVT-0001287,TKT-00128,2026-02-18T12:10:56,faq_response_drafted,it_team,IT-001,""
EVT-0001288,TKT-00128,2026-02-18T12:48:44,faq_response_sent,it_team,IT-001,""
EVT-0001289,TKT-00128,2026-02-18T22:26:38,customer_resolution_accepted,customer,CUST-013,""
EVT-0001290,TKT-00128,2026-02-18T22:58:27,ticket_closed,it_team,IT-001,accepted_first_attempt
EVT-0001291,TKT-00129,2026-02-05T01:59:00,ticket_submitted,customer,CUST-009,channel=email
EVT-0001292,TKT-00129,2026-02-05T05:45:03,ticket_triaged,it_team,IT-002,category=data_reporting; priority=low
EVT-0001293,TKT-00129,2026-02-05T06:48:18,faq_checked,it_team,IT-002,match=True; confidence=0.73
EVT-0001294,TKT-00129,2026-02-05T07:52:16,faq_response_drafted,it_team,IT-002,""
EVT-0001295,TKT-00129,2026-02-05T08:08:51,faq_response_sent,it_team,IT-002,""
EVT-0001296,TKT-00129,2026-02-07T14:30:16,customer_resolution_accepted,customer,CUST-009,""
EVT-0001297,TKT-00129,2026-02-07T14:56:30,ticket_closed,it_team,IT-002,accepted_first_attempt
EVT-0001298,TKT-00130,2026-02-19T08:17:00,ticket_submitted,customer,CUST-015,channel=phone
EVT-0001299,TKT-00130,2026-02-19T08:53:03,ticket_triaged,it_team,IT-003,category=login_access; priority=medium
EVT-0001300,TKT-00130,2026-02-19T09:58:40,faq_checked,it_team,IT-003,match=True; confidence=0.79
EVT-0001301,TKT-00130,2026-02-19T10:11:38,faq_response_drafted,it_team,IT-003,""
EVT-0001302,TKT-00130,2026-02-19T10:44:33,faq_response_sent,it_team,IT-003,""
EVT-0001303,TKT-00130,2026-02-20T15:50:51,customer_resolution_rejected,customer,CUST-015,Solution applied but symptom persists
EVT-0001304,TKT-00130,2026-02-20T17:25:12,rejection_verified,it_team,IT-003,""
EVT-0001305,TKT-00130,2026-02-20T18:06:51,ticket_reopened,it_team,IT-003,""
EVT-0001306,TKT-00130,2026-02-20T18:24:29,ticket_escalated,it_team,IT-003,to specialist SP-006; reopen=True
EVT-0001307,TKT-00130,2026-02-20T20:11:19,specialist_investigation_started,it_specialist,SP-006,post_reopen
EVT-0001308,TKT-00130,2026-02-20T21:11:57,specialist_solution_created,it_specialist,SP-006,post_reopen
EVT-0001309,TKT-00130,2026-02-20T22:30:01,specialist_response_drafted,it_team,IT-003,post_reopen
EVT-0001310,TKT-00130,2026-02-20T22:48:28,specialist_response_sent,it_team,IT-003,post_reopen
EVT-0001311,TKT-00130,2026-02-23T07:56:05,customer_resolution_accepted,customer,CUST-015,post_reopen
EVT-0001312,TKT-00130,2026-02-23T09:21:27,ticket_closed,it_team,IT-003,accepted_after_reopen
EVT-0001313,TKT-00131,2026-03-27T12:14:00,ticket_submitted,customer,CUST-003,channel=email
EVT-0001314,TKT-00131,2026-03-27T12:45:05,ticket_triaged,it_team,IT-001,category=billing_account; priority=medium
EVT-0001315,TKT-00131,2026-03-27T14:41:06,faq_checked,it_team,IT-001,match=True; confidence=0.95
EVT-0001316,TKT-00131,2026-03-27T15:10:02,faq_response_drafted,it_team,IT-001,""
EVT-0001317,TKT-00131,2026-03-27T15:38:30,faq_response_sent,it_team,IT-001,""
EVT-0001318,TKT-00131,2026-03-29T19:12:30,customer_resolution_accepted,customer,CUST-003,""
EVT-0001319,TKT-00131,2026-03-29T19:43:58,ticket_closed,it_team,IT-001,accepted_first_attempt
EVT-0001320,TKT-00132,2026-03-21T16:28:00,ticket_submitted,customer,CUST-011,channel=portal
EVT-0001321,TKT-00132,2026-03-21T20:47:04,ticket_triaged,it_team,IT-003,category=login_access; priority=medium
EVT-0001322,TKT-00132,2026-03-21T21:12:10,faq_checked,it_team,IT-003,match=True; confidence=0.83
EVT-0001323,TKT-00132,2026-03-21T21:35:51,faq_response_drafted,it_team,IT-003,""
EVT-0001324,TKT-00132,2026-03-21T22:13:27,faq_response_sent,it_team,IT-003,""
EVT-0001325,TKT-00132,2026-03-22T20:50:45,customer_resolution_accepted,customer,CUST-011,""
EVT-0001326,TKT-00132,2026-03-22T21:18:50,ticket_closed,it_team,IT-003,accepted_first_attempt
EVT-0001327,TKT-00133,2026-01-28T02:49:00,ticket_submitted,customer,CUST-003,channel=portal
EVT-0001328,TKT-00133,2026-01-28T03:44:40,ticket_triaged,it_team,IT-005,category=password_reset; priority=medium
EVT-0001329,TKT-00133,2026-01-28T04:29:30,faq_checked,it_team,IT-005,match=True; confidence=0.79
EVT-0001330,TKT-00133,2026-01-28T04:57:22,faq_response_drafted,it_team,IT-005,""
EVT-0001331,TKT-00133,2026-01-28T05:28:18,faq_response_sent,it_team,IT-005,""
EVT-0001332,TKT-00133,2026-01-28T18:03:58,customer_resolution_accepted,customer,CUST-003,""
EVT-0001333,TKT-00133,2026-01-28T18:16:18,ticket_closed,it_team,IT-005,accepted_first_attempt
EVT-0001334,TKT-00134,2026-02-03T05:45:00,ticket_submitted,customer,CUST-014,channel=email
EVT-0001335,TKT-00134,2026-02-03T07:34:31,ticket_triaged,it_team,IT-008,category=other; priority=high
EVT-0001336,TKT-00134,2026-02-03T08:37:18,faq_checked,it_team,IT-008,match=False; confidence=0.2
EVT-0001337,TKT-00134,2026-02-03T08:44:08,ticket_escalated,it_team,IT-008,to specialist SP-008; missing_info=False
EVT-0001338,TKT-00134,2026-02-03T12:04:13,specialist_investigation_started,it_specialist,SP-008,""
EVT-0001339,TKT-00134,2026-02-06T01:52:03,specialist_solution_created,it_specialist,SP-008,root_cause=Cross-team request requiring case-by-case handling
EVT-0001340,TKT-00134,2026-02-06T02:30:52,specialist_response_drafted,it_team,IT-008,""
EVT-0001341,TKT-00134,2026-02-06T02:48:35,specialist_response_sent,it_team,IT-008,""
EVT-0001342,TKT-00134,2026-02-08T02:51:06,customer_resolution_accepted,customer,CUST-014,""
EVT-0001343,TKT-00134,2026-02-08T03:38:13,ticket_closed,it_team,IT-008,accepted_first_attempt
EVT-0001344,TKT-00135,2026-03-10T00:51:00,ticket_submitted,customer,CUST-008,channel=portal
EVT-0001345,TKT-00135,2026-03-10T01:47:57,ticket_triaged,it_team,IT-007,category=network_connectivity; priority=high
EVT-0001346,TKT-00135,2026-03-10T02:30:26,faq_checked,it_team,IT-007,match=True; confidence=0.86
EVT-0001347,TKT-00135,2026-03-10T03:59:25,faq_response_drafted,it_team,IT-007,""
EVT-0001348,TKT-00135,2026-03-10T04:38:22,faq_response_sent,it_team,IT-007,""
EVT-0001349,TKT-00135,2026-03-12T07:01:44,customer_resolution_accepted,customer,CUST-008,""
EVT-0001350,TKT-00135,2026-03-12T08:39:39,ticket_closed,it_team,IT-007,accepted_first_attempt
EVT-0001351,TKT-00136,2026-01-24T05:46:00,ticket_submitted,customer,CUST-014,channel=portal
EVT-0001352,TKT-00136,2026-01-24T09:43:20,ticket_triaged,it_team,IT-003,category=password_reset; priority=medium
EVT-0001353,TKT-00136,2026-01-24T10:47:45,faq_checked,it_team,IT-003,match=True; confidence=0.85
EVT-0001354,TKT-00136,2026-01-24T11:30:29,faq_response_drafted,it_team,IT-003,""
EVT-0001355,TKT-00136,2026-01-24T12:09:23,faq_response_sent,it_team,IT-003,""
EVT-0001356,TKT-00136,2026-01-25T12:00:09,customer_resolution_accepted,customer,CUST-014,""
EVT-0001357,TKT-00136,2026-01-25T12:25:07,ticket_closed,it_team,IT-003,accepted_first_attempt
EVT-0001358,TKT-00137,2026-01-25T05:27:00,ticket_submitted,customer,CUST-003,channel=portal
EVT-0001359,TKT-00137,2026-01-25T08:03:36,ticket_triaged,it_team,IT-007,category=data_reporting; priority=high
EVT-0001360,TKT-00137,2026-01-25T08:33:56,faq_checked,it_team,IT-007,match=False; confidence=0.16
EVT-0001361,TKT-00137,2026-01-25T09:56:02,ticket_escalated,it_team,IT-007,to specialist SP-007; missing_info=False
EVT-0001362,TKT-00137,2026-01-25T12:55:57,specialist_investigation_started,it_specialist,SP-007,""
EVT-0001363,TKT-00137,2026-01-25T23:16:17,specialist_solution_created,it_specialist,SP-007,root_cause=Warehouse job missed scheduled run
EVT-0001364,TKT-00137,2026-01-25T23:23:39,specialist_response_drafted,it_team,IT-007,""
EVT-0001365,TKT-00137,2026-01-25T23:33:50,specialist_response_sent,it_team,IT-007,""
EVT-0001366,TKT-00137,2026-01-26T10:09:20,customer_resolution_accepted,customer,CUST-003,""
EVT-0001367,TKT-00137,2026-01-26T11:13:56,ticket_closed,it_team,IT-007,accepted_first_attempt
EVT-0001368,TKT-00138,2026-01-20T08:52:00,ticket_submitted,customer,CUST-009,channel=portal
EVT-0001369,TKT-00138,2026-01-20T10:45:59,ticket_triaged,it_team,IT-007,category=login_access; priority=high
EVT-0001370,TKT-00138,2026-01-20T12:05:14,faq_checked,it_team,IT-007,match=True; confidence=0.91
EVT-0001371,TKT-00138,2026-01-20T12:46:05,ticket_escalated,it_team,IT-007,to specialist SP-002; missing_info=True
EVT-0001372,TKT-00138,2026-01-20T15:09:31,specialist_investigation_started,it_specialist,SP-002,""
EVT-0001373,TKT-00138,2026-01-20T21:55:05,specialist_solution_created,it_specialist,SP-002,root_cause=Permission cache out of sync between SSO and target system
EVT-0001374,TKT-00138,2026-01-20T22:16:20,specialist_response_drafted,it_team,IT-007,""
EVT-0001375,TKT-00138,2026-01-20T22:50:21,specialist_response_sent,it_team,IT-007,""
EVT-0001376,TKT-00138,2026-01-22T03:49:27,customer_resolution_accepted,customer,CUST-009,""
EVT-0001377,TKT-00138,2026-01-22T04:38:43,ticket_closed,it_team,IT-007,accepted_first_attempt
EVT-0001378,TKT-00139,2026-01-21T10:06:00,ticket_submitted,customer,CUST-007,channel=portal
EVT-0001379,TKT-00139,2026-01-21T11:54:12,ticket_triaged,it_team,IT-004,category=other; priority=low
EVT-0001380,TKT-00139,2026-01-21T13:32:02,faq_checked,it_team,IT-004,match=False; confidence=0.23
EVT-0001381,TKT-00139,2026-01-21T14:39:32,ticket_escalated,it_team,IT-004,to specialist SP-008; missing_info=False
EVT-0001382,TKT-00139,2026-01-21T17:21:25,specialist_investigation_started,it_specialist,SP-008,""
EVT-0001383,TKT-00139,2026-01-23T19:03:59,specialist_solution_created,it_specialist,SP-008,root_cause=Cross-team request requiring case-by-case handling
EVT-0001384,TKT-00139,2026-01-23T19:16:58,specialist_response_drafted,it_team,IT-004,""
EVT-0001385,TKT-00139,2026-01-23T19:54:21,specialist_response_sent,it_team,IT-004,""
EVT-0001386,TKT-00139,2026-01-24T12:30:57,customer_resolution_accepted,customer,CUST-007,""
EVT-0001387,TKT-00139,2026-01-24T14:28:51,ticket_closed,it_team,IT-004,accepted_first_attempt
EVT-0001388,TKT-00140,2026-02-24T12:05:00,ticket_submitted,customer,CUST-001,channel=email
EVT-0001389,TKT-00140,2026-02-24T17:27:00,ticket_triaged,it_team,IT-008,category=login_access; priority=low
EVT-0001390,TKT-00140,2026-02-24T18:49:57,faq_checked,it_team,IT-008,match=False; confidence=0.4
EVT-0001391,TKT-00140,2026-02-24T19:52:12,ticket_escalated,it_team,IT-008,to specialist SP-002; missing_info=False
EVT-0001392,TKT-00140,2026-02-25T01:08:32,specialist_investigation_started,it_specialist,SP-002,""
EVT-0001393,TKT-00140,2026-02-25T02:48:25,specialist_solution_created,it_specialist,SP-002,root_cause=Permission cache out of sync between SSO and target system
EVT-0001394,TKT-00140,2026-02-25T03:13:12,specialist_response_drafted,it_team,IT-008,""
EVT-0001395,TKT-00140,2026-02-25T03:52:30,specialist_response_sent,it_team,IT-008,""
EVT-0001396,TKT-00140,2026-02-26T17:58:03,customer_resolution_rejected,customer,CUST-001,Solution applied but symptom persists
EVT-0001397,TKT-00140,2026-02-26T18:49:14,rejection_verified,it_team,IT-008,""
EVT-0001398,TKT-00140,2026-02-27T00:27:41,ticket_closed,it_team,IT-008,closed_unresolved_no_reopen
EVT-0001399,TKT-00141,2026-01-26T05:20:00,ticket_submitted,customer,CUST-006,channel=email
EVT-0001400,TKT-00141,2026-01-26T06:17:22,ticket_triaged,it_team,IT-007,category=password_reset; priority=high
EVT-0001401,TKT-00141,2026-01-26T06:34:34,faq_checked,it_team,IT-007,match=True; confidence=0.92
EVT-0001402,TKT-00141,2026-01-26T06:47:24,faq_response_drafted,it_team,IT-007,""
EVT-0001403,TKT-00141,2026-01-26T06:57:57,faq_response_sent,it_team,IT-007,""
EVT-0001404,TKT-00141,2026-01-27T12:50:12,customer_resolution_rejected,customer,CUST-006,Solution applied but symptom persists
EVT-0001405,TKT-00141,2026-01-27T14:17:33,rejection_verified,it_team,IT-007,""
EVT-0001406,TKT-00141,2026-01-27T15:55:10,ticket_reopened,it_team,IT-007,""
EVT-0001407,TKT-00141,2026-01-27T16:41:43,ticket_escalated,it_team,IT-007,to specialist SP-006; reopen=True
EVT-0001408,TKT-00141,2026-01-27T18:46:37,specialist_investigation_started,it_specialist,SP-006,post_reopen
EVT-0001409,TKT-00141,2026-01-27T21:00:42,specialist_solution_created,it_specialist,SP-006,post_reopen
EVT-0001410,TKT-00141,2026-01-27T22:23:08,specialist_response_drafted,it_team,IT-007,post_reopen
EVT-0001411,TKT-00141,2026-01-27T22:34:47,specialist_response_sent,it_team,IT-007,post_reopen
EVT-0001412,TKT-00141,2026-01-29T03:57:01,customer_resolution_accepted,customer,CUST-006,post_reopen
EVT-0001413,TKT-00141,2026-01-29T04:54:21,ticket_closed,it_team,IT-007,accepted_after_reopen
EVT-0001414,TKT-00142,2026-02-20T04:51:00,ticket_submitted,customer,CUST-010,channel=portal
EVT-0001415,TKT-00142,2026-02-20T07:45:59,ticket_triaged,it_team,IT-005,category=hardware_issue; priority=high
EVT-0001416,TKT-00142,2026-02-20T08:08:00,faq_checked,it_team,IT-005,match=True; confidence=0.71
EVT-0001417,TKT-00142,2026-02-20T08:16:43,faq_response_drafted,it_team,IT-005,""
EVT-0001418,TKT-00142,2026-02-20T08:37:50,faq_response_sent,it_team,IT-005,""
EVT-0001419,TKT-00142,2026-02-21T18:38:16,customer_resolution_accepted,customer,CUST-010,""
EVT-0001420,TKT-00142,2026-02-21T19:06:27,ticket_closed,it_team,IT-005,accepted_first_attempt
EVT-0001421,TKT-00143,2026-03-28T14:31:00,ticket_submitted,customer,CUST-007,channel=portal
EVT-0001422,TKT-00143,2026-03-28T16:09:04,ticket_triaged,it_team,IT-005,category=login_access; priority=medium
EVT-0001423,TKT-00143,2026-03-28T17:23:38,faq_checked,it_team,IT-005,match=True; confidence=0.68
EVT-0001424,TKT-00143,2026-03-28T18:45:25,faq_response_drafted,it_team,IT-005,""
EVT-0001425,TKT-00143,2026-03-28T19:11:54,faq_response_sent,it_team,IT-005,""
EVT-0001426,TKT-00143,2026-03-29T03:41:35,customer_resolution_accepted,customer,CUST-007,""
EVT-0001427,TKT-00143,2026-03-29T05:20:49,ticket_closed,it_team,IT-005,accepted_first_attempt
EVT-0001428,TKT-00144,2026-01-18T09:28:00,ticket_submitted,customer,CUST-011,channel=portal
EVT-0001429,TKT-00144,2026-01-18T11:31:12,ticket_triaged,it_team,IT-004,category=data_reporting; priority=medium
EVT-0001430,TKT-00144,2026-01-18T12:35:45,faq_checked,it_team,IT-004,match=False; confidence=0.26
EVT-0001431,TKT-00144,2026-01-18T13:23:55,ticket_escalated,it_team,IT-004,to specialist SP-007; missing_info=False
EVT-0001432,TKT-00144,2026-01-18T16:57:47,specialist_investigation_started,it_specialist,SP-007,""
EVT-0001433,TKT-00144,2026-01-20T11:51:34,specialist_solution_created,it_specialist,SP-007,root_cause=Warehouse job missed scheduled run
EVT-0001434,TKT-00144,2026-01-20T12:28:42,specialist_response_drafted,it_team,IT-004,""
EVT-0001435,TKT-00144,2026-01-20T13:04:20,specialist_response_sent,it_team,IT-004,""
EVT-0001436,TKT-00144,2026-01-23T00:02:11,customer_resolution_accepted,customer,CUST-011,""
EVT-0001437,TKT-00144,2026-01-23T00:26:23,ticket_closed,it_team,IT-004,accepted_first_attempt
EVT-0001438,TKT-00145,2026-02-09T01:09:00,ticket_submitted,customer,CUST-004,channel=email
EVT-0001439,TKT-00145,2026-02-09T06:46:13,ticket_triaged,it_team,IT-007,category=password_reset; priority=high
EVT-0001440,TKT-00145,2026-02-09T06:56:46,faq_checked,it_team,IT-007,match=True; confidence=0.82
EVT-0001441,TKT-00145,2026-02-09T07:22:04,faq_response_drafted,it_team,IT-007,""
EVT-0001442,TKT-00145,2026-02-09T07:27:04,faq_response_sent,it_team,IT-007,""
EVT-0001443,TKT-00145,2026-02-11T04:27:31,customer_resolution_accepted,customer,CUST-004,""
EVT-0001444,TKT-00145,2026-02-11T05:18:15,ticket_closed,it_team,IT-007,accepted_first_attempt
EVT-0001445,TKT-00146,2026-03-11T11:53:00,ticket_submitted,customer,CUST-007,channel=email
EVT-0001446,TKT-00146,2026-03-11T12:09:45,ticket_triaged,it_team,IT-001,category=data_reporting; priority=medium
EVT-0001447,TKT-00146,2026-03-11T12:24:21,faq_checked,it_team,IT-001,match=True; confidence=0.93
EVT-0001448,TKT-00146,2026-03-11T13:25:05,ticket_escalated,it_team,IT-001,to specialist SP-005; missing_info=False
EVT-0001449,TKT-00146,2026-03-11T15:17:47,specialist_investigation_started,it_specialist,SP-005,""
EVT-0001450,TKT-00146,2026-03-13T13:16:34,specialist_solution_created,it_specialist,SP-005,root_cause=Warehouse job missed scheduled run
EVT-0001451,TKT-00146,2026-03-13T14:14:01,specialist_response_drafted,it_team,IT-001,""
EVT-0001452,TKT-00146,2026-03-13T14:21:47,specialist_response_sent,it_team,IT-001,""
EVT-0001453,TKT-00146,2026-03-14T06:16:25,customer_resolution_accepted,customer,CUST-007,""
EVT-0001454,TKT-00146,2026-03-14T06:25:30,ticket_closed,it_team,IT-001,accepted_first_attempt
EVT-0001455,TKT-00147,2026-02-11T10:17:00,ticket_submitted,customer,CUST-018,channel=phone
EVT-0001456,TKT-00147,2026-02-11T14:35:03,ticket_triaged,it_team,IT-007,category=software_bug; priority=medium
EVT-0001457,TKT-00147,2026-02-11T15:38:21,faq_checked,it_team,IT-007,match=True; confidence=0.69
EVT-0001458,TKT-00147,2026-02-11T17:06:43,ticket_escalated,it_team,IT-007,to specialist SP-008; missing_info=False
EVT-0001459,TKT-00147,2026-02-11T22:04:12,specialist_investigation_started,it_specialist,SP-008,""
EVT-0001460,TKT-00147,2026-02-14T13:04:44,specialist_solution_created,it_specialist,SP-008,root_cause=Race condition in background sync job
EVT-0001461,TKT-00147,2026-02-14T13:40:00,specialist_response_drafted,it_team,IT-007,""
EVT-0001462,TKT-00147,2026-02-14T13:57:36,specialist_response_sent,it_team,IT-007,""
EVT-0001463,TKT-00147,2026-02-15T05:23:24,customer_resolution_rejected,customer,CUST-018,Steps did not resolve the issue
EVT-0001464,TKT-00147,2026-02-15T06:00:47,rejection_verified,it_team,IT-007,""
EVT-0001465,TKT-00147,2026-02-15T08:00:40,ticket_reopened,it_team,IT-007,""
EVT-0001466,TKT-00147,2026-02-15T08:56:02,ticket_escalated,it_team,IT-007,to specialist SP-008; reopen=True
EVT-0001467,TKT-00147,2026-02-15T09:34:31,specialist_investigation_started,it_specialist,SP-008,post_reopen
EVT-0001468,TKT-00147,2026-02-16T03:28:14,specialist_solution_created,it_specialist,SP-008,post_reopen
EVT-0001469,TKT-00147,2026-02-16T04:13:02,specialist_response_drafted,it_team,IT-007,post_reopen
EVT-0001470,TKT-00147,2026-02-16T04:39:35,specialist_response_sent,it_team,IT-007,post_reopen
EVT-0001471,TKT-00147,2026-02-16T18:11:55,customer_resolution_accepted,customer,CUST-018,post_reopen
EVT-0001472,TKT-00147,2026-02-16T19:27:10,ticket_closed,it_team,IT-007,accepted_after_reopen
EVT-0001473,TKT-00148,2026-01-24T09:49:00,ticket_submitted,customer,CUST-011,channel=email
EVT-0001474,TKT-00148,2026-01-24T11:39:13,ticket_triaged,it_team,IT-003,category=data_reporting; priority=medium
EVT-0001475,TKT-00148,2026-01-24T13:19:48,faq_checked,it_team,IT-003,match=False; confidence=0.28
EVT-0001476,TKT-00148,2026-01-24T13:51:59,ticket_escalated,it_team,IT-003,to specialist SP-007; missing_info=False
EVT-0001477,TKT-00148,2026-01-24T18:47:56,specialist_investigation_started,it_specialist,SP-007,""
EVT-0001478,TKT-00148,2026-01-25T03:29:46,specialist_solution_created,it_specialist,SP-007,root_cause=Warehouse job missed scheduled run
EVT-0001479,TKT-00148,2026-01-25T04:32:42,specialist_response_drafted,it_team,IT-003,""
EVT-0001480,TKT-00148,2026-01-25T04:58:21,specialist_response_sent,it_team,IT-003,""
EVT-0001481,TKT-00148,2026-01-27T02:25:00,customer_resolution_accepted,customer,CUST-011,""
EVT-0001482,TKT-00148,2026-01-27T03:43:16,ticket_closed,it_team,IT-003,accepted_first_attempt
EVT-0001483,TKT-00149,2026-01-26T08:37:00,ticket_submitted,customer,CUST-017,channel=portal
EVT-0001484,TKT-00149,2026-01-26T13:49:27,ticket_triaged,it_team,IT-005,category=password_reset; priority=low
EVT-0001485,TKT-00149,2026-01-26T14:18:08,faq_checked,it_team,IT-005,match=True; confidence=0.73
EVT-0001486,TKT-00149,2026-01-26T14:58:25,faq_response_drafted,it_team,IT-005,""
EVT-0001487,TKT-00149,2026-01-26T15:42:25,faq_response_sent,it_team,IT-005,""
EVT-0001488,TKT-00149,2026-01-28T10:40:13,customer_resolution_accepted,customer,CUST-017,""
EVT-0001489,TKT-00149,2026-01-28T12:13:27,ticket_closed,it_team,IT-005,accepted_first_attempt
EVT-0001490,TKT-00150,2026-03-18T04:31:00,ticket_submitted,customer,CUST-010,channel=phone
EVT-0001491,TKT-00150,2026-03-18T05:17:18,ticket_triaged,it_team,IT-005,category=password_reset; priority=medium
EVT-0001492,TKT-00150,2026-03-18T06:51:25,faq_checked,it_team,IT-005,match=True; confidence=0.82
EVT-0001493,TKT-00150,2026-03-18T08:05:13,faq_response_drafted,it_team,IT-005,""
EVT-0001494,TKT-00150,2026-03-18T08:49:25,faq_response_sent,it_team,IT-005,""
EVT-0001495,TKT-00150,2026-03-18T22:48:06,customer_resolution_accepted,customer,CUST-010,""
EVT-0001496,TKT-00150,2026-03-19T00:01:35,ticket_closed,it_team,IT-005,accepted_first_attempt
EVT-0001497,TKT-00151,2026-01-29T05:09:00,ticket_submitted,customer,CUST-011,channel=phone
EVT-0001498,TKT-00151,2026-01-29T06:49:08,ticket_triaged,it_team,IT-002,category=network_connectivity; priority=medium
EVT-0001499,TKT-00151,2026-01-29T08:40:44,faq_checked,it_team,IT-002,match=True; confidence=0.69
EVT-0001500,TKT-00151,2026-01-29T09:55:30,faq_response_drafted,it_team,IT-002,""
EVT-0001501,TKT-00151,2026-01-29T10:29:56,faq_response_sent,it_team,IT-002,""
EVT-0001502,TKT-00151,2026-01-30T21:24:06,customer_resolution_accepted,customer,CUST-011,""
EVT-0001503,TKT-00151,2026-01-30T23:23:36,ticket_closed,it_team,IT-002,accepted_first_attempt
EVT-0001504,TKT-00152,2026-03-12T14:20:00,ticket_submitted,customer,CUST-001,channel=email
EVT-0001505,TKT-00152,2026-03-12T18:06:26,ticket_triaged,it_team,IT-001,category=email_calendar; priority=medium
EVT-0001506,TKT-00152,2026-03-12T18:30:15,faq_checked,it_team,IT-001,match=True; confidence=0.96
EVT-0001507,TKT-00152,2026-03-12T19:35:26,faq_response_drafted,it_team,IT-001,""
EVT-0001508,TKT-00152,2026-03-12T20:19:14,faq_response_sent,it_team,IT-001,""
EVT-0001509,TKT-00152,2026-03-14T18:21:18,customer_resolution_accepted,customer,CUST-001,""
EVT-0001510,TKT-00152,2026-03-14T19:04:11,ticket_closed,it_team,IT-001,accepted_first_attempt
EVT-0001511,TKT-00153,2026-02-21T04:13:00,ticket_submitted,customer,CUST-017,channel=portal
EVT-0001512,TKT-00153,2026-02-21T06:41:18,ticket_triaged,it_team,IT-006,category=software_bug; priority=high
EVT-0001513,TKT-00153,2026-02-21T07:07:21,faq_checked,it_team,IT-006,match=False; confidence=0.4
EVT-0001514,TKT-00153,2026-02-21T08:03:21,ticket_escalated,it_team,IT-006,to specialist SP-008; missing_info=False
EVT-0001515,TKT-00153,2026-02-21T11:21:48,specialist_investigation_started,it_specialist,SP-008,""
EVT-0001516,TKT-00153,2026-02-21T18:58:03,specialist_solution_created,it_specialist,SP-008,root_cause=Race condition in background sync job
EVT-0001517,TKT-00153,2026-02-21T20:09:22,specialist_response_drafted,it_team,IT-006,""
EVT-0001518,TKT-00153,2026-02-21T20:40:06,specialist_response_sent,it_team,IT-006,""
EVT-0001519,TKT-00153,2026-02-23T14:30:30,customer_resolution_accepted,customer,CUST-017,""
EVT-0001520,TKT-00153,2026-02-23T14:53:09,ticket_closed,it_team,IT-006,accepted_first_attempt
EVT-0001521,TKT-00154,2026-01-17T06:33:00,ticket_submitted,customer,CUST-002,channel=email
EVT-0001522,TKT-00154,2026-01-17T08:21:28,ticket_triaged,it_team,IT-008,category=other; priority=high
EVT-0001523,TKT-00154,2026-01-17T10:18:48,faq_checked,it_team,IT-008,match=False; confidence=0.28
EVT-0001524,TKT-00154,2026-01-17T10:38:12,ticket_escalated,it_team,IT-008,to specialist SP-008; missing_info=False
EVT-0001525,TKT-00154,2026-01-17T11:56:56,specialist_investigation_started,it_specialist,SP-008,""
EVT-0001526,TKT-00154,2026-01-18T16:43:40,specialist_solution_created,it_specialist,SP-008,root_cause=Cross-team request requiring case-by-case handling
EVT-0001527,TKT-00154,2026-01-18T17:07:19,specialist_response_drafted,it_team,IT-008,""
EVT-0001528,TKT-00154,2026-01-18T17:29:53,specialist_response_sent,it_team,IT-008,""
EVT-0001529,TKT-00154,2026-01-19T08:04:14,customer_resolution_accepted,customer,CUST-002,""
EVT-0001530,TKT-00154,2026-01-19T08:31:33,ticket_closed,it_team,IT-008,accepted_first_attempt
EVT-0001531,TKT-00155,2026-02-28T06:40:00,ticket_submitted,customer,CUST-009,channel=portal
EVT-0001532,TKT-00155,2026-02-28T10:25:49,ticket_triaged,it_team,IT-008,category=billing_account; priority=medium
EVT-0001533,TKT-00155,2026-02-28T11:13:32,faq_checked,it_team,IT-008,match=False; confidence=0.06
EVT-0001534,TKT-00155,2026-02-28T12:25:06,ticket_escalated,it_team,IT-008,to specialist SP-010; missing_info=False
EVT-0001535,TKT-00155,2026-02-28T15:46:03,specialist_investigation_started,it_specialist,SP-010,""
EVT-0001536,TKT-00155,2026-03-01T06:22:18,specialist_solution_created,it_specialist,SP-010,root_cause=Tax engine using stale region cache
EVT-0001537,TKT-00155,2026-03-01T07:32:19,specialist_response_drafted,it_team,IT-008,""
EVT-0001538,TKT-00155,2026-03-01T08:11:52,specialist_response_sent,it_team,IT-008,""
EVT-0001539,TKT-00155,2026-03-02T13:37:33,customer_resolution_accepted,customer,CUST-009,""
EVT-0001540,TKT-00155,2026-03-02T15:06:49,ticket_closed,it_team,IT-008,accepted_first_attempt
EVT-0001541,TKT-00156,2026-01-19T04:02:00,ticket_submitted,customer,CUST-006,channel=email
EVT-0001542,TKT-00156,2026-01-19T08:18:31,ticket_triaged,it_team,IT-006,category=hardware_issue; priority=high
EVT-0001543,TKT-00156,2026-01-19T08:27:29,faq_checked,it_team,IT-006,match=True; confidence=0.74
EVT-0001544,TKT-00156,2026-01-19T09:13:52,faq_response_drafted,it_team,IT-006,""
EVT-0001545,TKT-00156,2026-01-19T09:21:28,faq_response_sent,it_team,IT-006,""
EVT-0001546,TKT-00156,2026-01-19T19:44:18,customer_resolution_rejected,customer,CUST-006,Steps did not resolve the issue
EVT-0001547,TKT-00156,2026-01-19T20:56:00,rejection_verified,it_team,IT-006,""
EVT-0001548,TKT-00156,2026-01-19T21:29:48,ticket_reopened,it_team,IT-006,""
EVT-0001549,TKT-00156,2026-01-19T22:10:14,ticket_escalated,it_team,IT-006,to specialist SP-003; reopen=True
EVT-0001550,TKT-00156,2026-01-20T00:16:19,specialist_investigation_started,it_specialist,SP-003,post_reopen
EVT-0001551,TKT-00156,2026-01-21T05:07:21,specialist_solution_created,it_specialist,SP-003,post_reopen
EVT-0001552,TKT-00156,2026-01-21T05:32:18,specialist_response_drafted,it_team,IT-006,post_reopen
EVT-0001553,TKT-00156,2026-01-21T05:50:59,specialist_response_sent,it_team,IT-006,post_reopen
EVT-0001554,TKT-00156,2026-01-21T22:42:46,customer_resolution_rejected,customer,CUST-006,post_reopen
EVT-0001555,TKT-00156,2026-01-22T04:39:42,ticket_closed,it_team,IT-006,closed_unresolved_after_reopen
EVT-0001556,TKT-00157,2026-02-14T20:15:00,ticket_submitted,customer,CUST-004,channel=portal
EVT-0001557,TKT-00157,2026-02-14T22:48:47,ticket_triaged,it_team,IT-004,category=data_reporting; priority=high
EVT-0001558,TKT-00157,2026-02-14T23:15:05,faq_checked,it_team,IT-004,match=False; confidence=0.2
EVT-0001559,TKT-00157,2026-02-15T00:41:58,ticket_escalated,it_team,IT-004,to specialist SP-007; missing_info=True
EVT-0001560,TKT-00157,2026-02-15T02:42:27,specialist_investigation_started,it_specialist,SP-007,""
EVT-0001561,TKT-00157,2026-02-16T10:33:43,specialist_solution_created,it_specialist,SP-007,root_cause=Warehouse job missed scheduled run
EVT-0001562,TKT-00157,2026-02-16T10:53:06,specialist_response_drafted,it_team,IT-004,""
EVT-0001563,TKT-00157,2026-02-16T11:05:33,specialist_response_sent,it_team,IT-004,""
EVT-0001564,TKT-00157,2026-02-17T03:02:26,customer_resolution_accepted,customer,CUST-004,""
EVT-0001565,TKT-00157,2026-02-17T03:55:10,ticket_closed,it_team,IT-004,accepted_first_attempt
EVT-0001566,TKT-00158,2026-03-10T10:19:00,ticket_submitted,customer,CUST-004,channel=portal
EVT-0001567,TKT-00158,2026-03-10T15:13:29,ticket_triaged,it_team,IT-005,category=email_calendar; priority=high
EVT-0001568,TKT-00158,2026-03-10T16:34:37,faq_checked,it_team,IT-005,match=False; confidence=0.29
EVT-0001569,TKT-00158,2026-03-10T17:31:09,ticket_escalated,it_team,IT-005,to specialist SP-002; missing_info=True
EVT-0001570,TKT-00158,2026-03-10T22:41:40,specialist_investigation_started,it_specialist,SP-002,""
EVT-0001571,TKT-00158,2026-03-11T08:08:39,specialist_solution_created,it_specialist,SP-002,root_cause=Stale OAuth token in calendar provider
EVT-0001572,TKT-00158,2026-03-11T08:26:41,specialist_response_drafted,it_team,IT-005,""
EVT-0001573,TKT-00158,2026-03-11T09:09:46,specialist_response_sent,it_team,IT-005,""
EVT-0001574,TKT-00158,2026-03-12T12:20:54,customer_resolution_accepted,customer,CUST-004,""
EVT-0001575,TKT-00158,2026-03-12T13:48:44,ticket_closed,it_team,IT-005,accepted_first_attempt
EVT-0001576,TKT-00159,2026-01-18T17:49:00,ticket_submitted,customer,CUST-004,channel=portal
EVT-0001577,TKT-00159,2026-01-18T23:15:11,ticket_triaged,it_team,IT-005,category=password_reset; priority=medium
EVT-0001578,TKT-00159,2026-01-19T01:01:32,faq_checked,it_team,IT-005,match=True; confidence=0.75
EVT-0001579,TKT-00159,2026-01-19T01:09:11,faq_response_drafted,it_team,IT-005,""
EVT-0001580,TKT-00159,2026-01-19T01:31:03,faq_response_sent,it_team,IT-005,""
EVT-0001581,TKT-00159,2026-01-21T00:31:08,customer_resolution_accepted,customer,CUST-004,""
EVT-0001582,TKT-00159,2026-01-21T02:16:16,ticket_closed,it_team,IT-005,accepted_first_attempt
EVT-0001583,TKT-00160,2026-03-05T15:21:00,ticket_submitted,customer,CUST-006,channel=portal
EVT-0001584,TKT-00160,2026-03-05T19:24:19,ticket_triaged,it_team,IT-007,category=login_access; priority=urgent
EVT-0001585,TKT-00160,2026-03-05T19:30:51,faq_checked,it_team,IT-007,match=True; confidence=0.7
EVT-0001586,TKT-00160,2026-03-05T20:41:47,faq_response_drafted,it_team,IT-007,""
EVT-0001587,TKT-00160,2026-03-05T21:04:12,faq_response_sent,it_team,IT-007,""
EVT-0001588,TKT-00160,2026-03-07T05:21:11,customer_resolution_accepted,customer,CUST-006,""
EVT-0001589,TKT-00160,2026-03-07T06:05:04,ticket_closed,it_team,IT-007,accepted_first_attempt
EVT-0001590,TKT-00161,2026-01-25T23:14:00,ticket_submitted,customer,CUST-011,channel=portal
EVT-0001591,TKT-00161,2026-01-26T04:52:37,ticket_triaged,it_team,IT-003,category=password_reset; priority=low
EVT-0001592,TKT-00161,2026-01-26T06:42:17,faq_checked,it_team,IT-003,match=True; confidence=0.8
EVT-0001593,TKT-00161,2026-01-26T07:35:21,faq_response_drafted,it_team,IT-003,""
EVT-0001594,TKT-00161,2026-01-26T08:10:06,faq_response_sent,it_team,IT-003,""
EVT-0001595,TKT-00161,2026-01-27T20:58:38,customer_resolution_accepted,customer,CUST-011,""
EVT-0001596,TKT-00161,2026-01-27T22:28:04,ticket_closed,it_team,IT-003,accepted_first_attempt
EVT-0001597,TKT-00162,2026-01-20T11:38:00,ticket_submitted,customer,CUST-002,channel=email
EVT-0001598,TKT-00162,2026-01-20T13:52:41,ticket_triaged,it_team,IT-002,category=software_bug; priority=medium
EVT-0001599,TKT-00162,2026-01-20T14:07:06,faq_checked,it_team,IT-002,match=False; confidence=0.32
EVT-0001600,TKT-00162,2026-01-20T14:57:54,ticket_escalated,it_team,IT-002,to specialist SP-008; missing_info=False
EVT-0001601,TKT-00162,2026-01-20T19:31:34,specialist_investigation_started,it_specialist,SP-008,""
EVT-0001602,TKT-00162,2026-01-22T11:20:43,specialist_solution_created,it_specialist,SP-008,root_cause=Race condition in background sync job
EVT-0001603,TKT-00162,2026-01-22T11:44:21,specialist_response_drafted,it_team,IT-002,""
EVT-0001604,TKT-00162,2026-01-22T12:29:19,specialist_response_sent,it_team,IT-002,""
EVT-0001605,TKT-00162,2026-01-22T23:33:25,customer_resolution_accepted,customer,CUST-002,""
EVT-0001606,TKT-00162,2026-01-23T01:03:50,ticket_closed,it_team,IT-002,accepted_first_attempt
EVT-0001607,TKT-00163,2026-02-12T07:07:00,ticket_submitted,customer,CUST-003,channel=portal
EVT-0001608,TKT-00163,2026-02-12T11:32:59,ticket_triaged,it_team,IT-008,category=password_reset; priority=medium
EVT-0001609,TKT-00163,2026-02-12T12:38:20,faq_checked,it_team,IT-008,match=True; confidence=0.81
EVT-0001610,TKT-00163,2026-02-12T13:35:19,faq_response_drafted,it_team,IT-008,""
EVT-0001611,TKT-00163,2026-02-12T13:43:10,faq_response_sent,it_team,IT-008,""
EVT-0001612,TKT-00163,2026-02-14T05:09:13,customer_resolution_accepted,customer,CUST-003,""
EVT-0001613,TKT-00163,2026-02-14T05:32:43,ticket_closed,it_team,IT-008,accepted_first_attempt
EVT-0001614,TKT-00164,2026-02-12T14:59:00,ticket_submitted,customer,CUST-007,channel=email
EVT-0001615,TKT-00164,2026-02-12T18:34:08,ticket_triaged,it_team,IT-007,category=login_access; priority=medium
EVT-0001616,TKT-00164,2026-02-12T19:11:17,faq_checked,it_team,IT-007,match=False; confidence=0.4
EVT-0001617,TKT-00164,2026-02-12T19:37:39,ticket_escalated,it_team,IT-007,to specialist SP-006; missing_info=False
EVT-0001618,TKT-00164,2026-02-12T21:40:26,specialist_investigation_started,it_specialist,SP-006,""
EVT-0001619,TKT-00164,2026-02-13T04:41:07,specialist_solution_created,it_specialist,SP-006,root_cause=Permission cache out of sync between SSO and target system
EVT-0001620,TKT-00164,2026-02-13T05:58:48,specialist_response_drafted,it_team,IT-007,""
EVT-0001621,TKT-00164,2026-02-13T06:06:31,specialist_response_sent,it_team,IT-007,""
EVT-0001622,TKT-00164,2026-02-14T22:41:53,customer_resolution_accepted,customer,CUST-007,""
EVT-0001623,TKT-00164,2026-02-14T23:52:41,ticket_closed,it_team,IT-007,accepted_first_attempt
EVT-0001624,TKT-00165,2026-02-18T13:57:00,ticket_submitted,customer,CUST-012,channel=portal
EVT-0001625,TKT-00165,2026-02-18T14:29:34,ticket_triaged,it_team,IT-003,category=data_reporting; priority=medium
EVT-0001626,TKT-00165,2026-02-18T15:03:16,faq_checked,it_team,IT-003,match=False; confidence=0.33
EVT-0001627,TKT-00165,2026-02-18T15:45:14,ticket_escalated,it_team,IT-003,to specialist SP-005; missing_info=False
EVT-0001628,TKT-00165,2026-02-18T16:41:01,specialist_investigation_started,it_specialist,SP-005,""
EVT-0001629,TKT-00165,2026-02-19T04:15:54,specialist_solution_created,it_specialist,SP-005,root_cause=Warehouse job missed scheduled run
EVT-0001630,TKT-00165,2026-02-19T04:55:50,specialist_response_drafted,it_team,IT-003,""
EVT-0001631,TKT-00165,2026-02-19T05:17:20,specialist_response_sent,it_team,IT-003,""
EVT-0001632,TKT-00165,2026-02-20T02:09:07,customer_resolution_accepted,customer,CUST-012,""
EVT-0001633,TKT-00165,2026-02-20T02:32:26,ticket_closed,it_team,IT-003,accepted_first_attempt
EVT-0001634,TKT-00166,2026-02-13T08:26:00,ticket_submitted,customer,CUST-003,channel=portal
EVT-0001635,TKT-00166,2026-02-13T13:56:31,ticket_triaged,it_team,IT-004,category=login_access; priority=medium
EVT-0001636,TKT-00166,2026-02-13T14:58:59,faq_checked,it_team,IT-004,match=True; confidence=0.96
EVT-0001637,TKT-00166,2026-02-13T15:53:41,faq_response_drafted,it_team,IT-004,""
EVT-0001638,TKT-00166,2026-02-13T16:37:12,faq_response_sent,it_team,IT-004,""
EVT-0001639,TKT-00166,2026-02-15T09:22:50,customer_resolution_accepted,customer,CUST-003,""
EVT-0001640,TKT-00166,2026-02-15T10:45:57,ticket_closed,it_team,IT-004,accepted_first_attempt
EVT-0001641,TKT-00167,2026-02-10T13:00:00,ticket_submitted,customer,CUST-002,channel=portal
EVT-0001642,TKT-00167,2026-02-10T16:55:52,ticket_triaged,it_team,IT-005,category=network_connectivity; priority=urgent
EVT-0001643,TKT-00167,2026-02-10T17:12:57,faq_checked,it_team,IT-005,match=False; confidence=0.05
EVT-0001644,TKT-00167,2026-02-10T17:49:00,ticket_escalated,it_team,IT-005,to specialist SP-004; missing_info=False
EVT-0001645,TKT-00167,2026-02-10T20:18:40,specialist_investigation_started,it_specialist,SP-004,""
EVT-0001646,TKT-00167,2026-02-10T23:58:34,specialist_solution_created,it_specialist,SP-004,root_cause=Misconfigured route on regional gateway
EVT-0001647,TKT-00167,2026-02-11T00:43:00,specialist_response_drafted,it_team,IT-005,""
EVT-0001648,TKT-00167,2026-02-11T01:27:49,specialist_response_sent,it_team,IT-005,""
EVT-0001649,TKT-00167,2026-02-11T14:37:44,customer_resolution_accepted,customer,CUST-002,""
EVT-0001650,TKT-00167,2026-02-11T15:03:44,ticket_closed,it_team,IT-005,accepted_first_attempt
EVT-0001651,TKT-00168,2026-03-31T00:57:00,ticket_submitted,customer,CUST-014,channel=portal
EVT-0001652,TKT-00168,2026-03-31T01:27:18,ticket_triaged,it_team,IT-007,category=login_access; priority=medium
EVT-0001653,TKT-00168,2026-03-31T01:59:16,faq_checked,it_team,IT-007,match=False; confidence=0.34
EVT-0001654,TKT-00168,2026-03-31T02:27:16,ticket_escalated,it_team,IT-007,to specialist SP-002; missing_info=False
EVT-0001655,TKT-00168,2026-03-31T03:54:25,specialist_investigation_started,it_specialist,SP-002,""
EVT-0001656,TKT-00168,2026-03-31T11:03:14,specialist_solution_created,it_specialist,SP-002,root_cause=Permission cache out of sync between SSO and target system
EVT-0001657,TKT-00168,2026-03-31T11:20:59,specialist_response_drafted,it_team,IT-007,""
EVT-0001658,TKT-00168,2026-03-31T11:42:47,specialist_response_sent,it_team,IT-007,""
EVT-0001659,TKT-00168,2026-04-02T21:48:00,customer_resolution_rejected,customer,CUST-014,Steps did not resolve the issue
EVT-0001660,TKT-00168,2026-04-03T00:05:06,rejection_verified,it_team,IT-007,""
EVT-0001661,TKT-00168,2026-04-03T01:28:01,ticket_closed,it_team,IT-007,closed_unresolved_no_reopen
EVT-0001662,TKT-00169,2026-02-20T11:19:00,ticket_submitted,customer,CUST-002,channel=email
EVT-0001663,TKT-00169,2026-02-20T12:24:51,ticket_triaged,it_team,IT-002,category=software_bug; priority=high
EVT-0001664,TKT-00169,2026-02-20T14:07:34,faq_checked,it_team,IT-002,match=False; confidence=0.37
EVT-0001665,TKT-00169,2026-02-20T15:19:53,ticket_escalated,it_team,IT-002,to specialist SP-008; missing_info=False
EVT-0001666,TKT-00169,2026-02-20T20:41:45,specialist_investigation_started,it_specialist,SP-008,""
EVT-0001667,TKT-00169,2026-02-22T10:18:38,specialist_solution_created,it_specialist,SP-008,root_cause=Race condition in background sync job
EVT-0001668,TKT-00169,2026-02-22T11:31:37,specialist_response_drafted,it_team,IT-002,""
EVT-0001669,TKT-00169,2026-02-22T11:40:28,specialist_response_sent,it_team,IT-002,""
EVT-0001670,TKT-00169,2026-02-23T16:00:47,customer_resolution_accepted,customer,CUST-002,""
EVT-0001671,TKT-00169,2026-02-23T16:44:48,ticket_closed,it_team,IT-002,accepted_first_attempt
EVT-0001672,TKT-00170,2026-03-12T02:01:00,ticket_submitted,customer,CUST-011,channel=portal
EVT-0001673,TKT-00170,2026-03-12T03:08:54,ticket_triaged,it_team,IT-006,category=network_connectivity; priority=high
EVT-0001674,TKT-00170,2026-03-12T03:58:42,faq_checked,it_team,IT-006,match=True; confidence=0.75
EVT-0001675,TKT-00170,2026-03-12T04:06:52,faq_response_drafted,it_team,IT-006,""
EVT-0001676,TKT-00170,2026-03-12T04:36:53,faq_response_sent,it_team,IT-006,""
EVT-0001677,TKT-00170,2026-03-14T04:24:12,customer_resolution_accepted,customer,CUST-011,""
EVT-0001678,TKT-00170,2026-03-14T06:11:06,ticket_closed,it_team,IT-006,accepted_first_attempt
EVT-0001679,TKT-00171,2026-01-19T07:44:00,ticket_submitted,customer,CUST-017,channel=email
EVT-0001680,TKT-00171,2026-01-19T10:13:09,ticket_triaged,it_team,IT-007,category=billing_account; priority=medium
EVT-0001681,TKT-00171,2026-01-19T12:09:04,faq_checked,it_team,IT-007,match=False; confidence=0.23
EVT-0001682,TKT-00171,2026-01-19T13:11:51,ticket_escalated,it_team,IT-007,to specialist SP-010; missing_info=False
EVT-0001683,TKT-00171,2026-01-19T18:48:24,specialist_investigation_started,it_specialist,SP-010,""
EVT-0001684,TKT-00171,2026-01-20T10:03:13,specialist_solution_created,it_specialist,SP-010,root_cause=Tax engine using stale region cache
EVT-0001685,TKT-00171,2026-01-20T10:21:35,specialist_response_drafted,it_team,IT-007,""
EVT-0001686,TKT-00171,2026-01-20T10:28:16,specialist_response_sent,it_team,IT-007,""
EVT-0001687,TKT-00171,2026-01-21T06:26:57,customer_resolution_accepted,customer,CUST-017,""
EVT-0001688,TKT-00171,2026-01-21T07:29:08,ticket_closed,it_team,IT-007,accepted_first_attempt
EVT-0001689,TKT-00172,2026-03-29T23:30:00,ticket_submitted,customer,CUST-003,channel=email
EVT-0001690,TKT-00172,2026-03-30T02:51:48,ticket_triaged,it_team,IT-005,category=data_reporting; priority=medium
EVT-0001691,TKT-00172,2026-03-30T04:17:06,faq_checked,it_team,IT-005,match=True; confidence=0.83
EVT-0001692,TKT-00172,2026-03-30T05:39:55,faq_response_drafted,it_team,IT-005,""
EVT-0001693,TKT-00172,2026-03-30T05:43:27,faq_response_sent,it_team,IT-005,""
EVT-0001694,TKT-00172,2026-03-30T21:33:31,customer_resolution_accepted,customer,CUST-003,""
EVT-0001695,TKT-00172,2026-03-30T21:57:38,ticket_closed,it_team,IT-005,accepted_first_attempt
EVT-0001696,TKT-00173,2026-02-19T16:46:00,ticket_submitted,customer,CUST-015,channel=email
EVT-0001697,TKT-00173,2026-02-19T18:39:50,ticket_triaged,it_team,IT-006,category=login_access; priority=medium
EVT-0001698,TKT-00173,2026-02-19T20:02:13,faq_checked,it_team,IT-006,match=False; confidence=0.36
EVT-0001699,TKT-00173,2026-02-19T20:15:48,ticket_escalated,it_team,IT-006,to specialist SP-006; missing_info=False
EVT-0001700,TKT-00173,2026-02-20T00:28:36,specialist_investigation_started,it_specialist,SP-006,""
EVT-0001701,TKT-00173,2026-02-20T03:13:36,specialist_solution_created,it_specialist,SP-006,root_cause=Permission cache out of sync between SSO and target system
EVT-0001702,TKT-00173,2026-02-20T03:22:08,specialist_response_drafted,it_team,IT-006,""
EVT-0001703,TKT-00173,2026-02-20T04:02:19,specialist_response_sent,it_team,IT-006,""
EVT-0001704,TKT-00173,2026-02-21T02:45:36,customer_resolution_rejected,customer,CUST-015,Solution applied but symptom persists
EVT-0001705,TKT-00173,2026-02-21T04:02:20,rejection_verified,it_team,IT-006,""
EVT-0001706,TKT-00173,2026-02-21T05:24:27,ticket_reopened,it_team,IT-006,""
EVT-0001707,TKT-00173,2026-02-21T05:55:11,ticket_escalated,it_team,IT-006,to specialist SP-006; reopen=True
EVT-0001708,TKT-00173,2026-02-21T08:38:35,specialist_investigation_started,it_specialist,SP-006,post_reopen
EVT-0001709,TKT-00173,2026-02-21T13:29:45,specialist_solution_created,it_specialist,SP-006,post_reopen
EVT-0001710,TKT-00173,2026-02-21T13:47:17,specialist_response_drafted,it_team,IT-006,post_reopen
EVT-0001711,TKT-00173,2026-02-21T14:31:05,specialist_response_sent,it_team,IT-006,post_reopen
EVT-0001712,TKT-00173,2026-02-23T12:06:35,customer_resolution_accepted,customer,CUST-015,post_reopen
EVT-0001713,TKT-00173,2026-02-23T12:26:22,ticket_closed,it_team,IT-006,accepted_after_reopen
EVT-0001714,TKT-00174,2026-03-16T17:40:00,ticket_submitted,customer,CUST-015,channel=portal
EVT-0001715,TKT-00174,2026-03-16T22:11:00,ticket_triaged,it_team,IT-002,category=network_connectivity; priority=medium
EVT-0001716,TKT-00174,2026-03-16T23:21:24,faq_checked,it_team,IT-002,match=False; confidence=0.32
EVT-0001717,TKT-00174,2026-03-17T00:48:27,ticket_escalated,it_team,IT-002,to specialist SP-004; missing_info=False
EVT-0001718,TKT-00174,2026-03-17T05:23:19,specialist_investigation_started,it_specialist,SP-004,""
EVT-0001719,TKT-00174,2026-03-17T12:42:55,specialist_solution_created,it_specialist,SP-004,root_cause=Misconfigured route on regional gateway
EVT-0001720,TKT-00174,2026-03-17T13:59:28,specialist_response_drafted,it_team,IT-002,""
EVT-0001721,TKT-00174,2026-03-17T14:22:45,specialist_response_sent,it_team,IT-002,""
EVT-0001722,TKT-00174,2026-03-20T01:57:39,customer_resolution_accepted,customer,CUST-015,""
EVT-0001723,TKT-00174,2026-03-20T03:17:46,ticket_closed,it_team,IT-002,accepted_first_attempt
EVT-0001724,TKT-00175,2026-03-01T15:57:00,ticket_submitted,customer,CUST-004,channel=portal
EVT-0001725,TKT-00175,2026-03-01T17:27:25,ticket_triaged,it_team,IT-002,category=password_reset; priority=low
EVT-0001726,TKT-00175,2026-03-01T18:11:14,faq_checked,it_team,IT-002,match=True; confidence=0.71
EVT-0001727,TKT-00175,2026-03-01T19:17:04,faq_response_drafted,it_team,IT-002,""
EVT-0001728,TKT-00175,2026-03-01T19:43:56,faq_response_sent,it_team,IT-002,""
EVT-0001729,TKT-00175,2026-03-03T22:07:12,customer_resolution_rejected,customer,CUST-004,Issue recurred after a few hours
EVT-0001730,TKT-00175,2026-03-03T23:47:11,rejection_verified,it_team,IT-002,""
EVT-0001731,TKT-00175,2026-03-04T00:08:42,ticket_reopened,it_team,IT-002,""
EVT-0001732,TKT-00175,2026-03-04T02:02:09,ticket_escalated,it_team,IT-002,to specialist SP-006; reopen=True
EVT-0001733,TKT-00175,2026-03-04T03:54:24,specialist_investigation_started,it_specialist,SP-006,post_reopen
EVT-0001734,TKT-00175,2026-03-04T06:40:12,specialist_solution_created,it_specialist,SP-006,post_reopen
EVT-0001735,TKT-00175,2026-03-04T08:07:34,specialist_response_drafted,it_team,IT-002,post_reopen
EVT-0001736,TKT-00175,2026-03-04T08:38:40,specialist_response_sent,it_team,IT-002,post_reopen
EVT-0001737,TKT-00175,2026-03-05T12:28:13,customer_resolution_accepted,customer,CUST-004,post_reopen
EVT-0001738,TKT-00175,2026-03-05T13:52:23,ticket_closed,it_team,IT-002,accepted_after_reopen
EVT-0001739,TKT-00176,2026-03-26T00:13:00,ticket_submitted,customer,CUST-015,channel=portal
EVT-0001740,TKT-00176,2026-03-26T02:06:27,ticket_triaged,it_team,IT-002,category=other; priority=medium
EVT-0001741,TKT-00176,2026-03-26T03:48:06,faq_checked,it_team,IT-002,match=False; confidence=0.15
EVT-0001742,TKT-00176,2026-03-26T04:22:26,ticket_escalated,it_team,IT-002,to specialist SP-008; missing_info=False
EVT-0001743,TKT-00176,2026-03-26T09:15:14,specialist_investigation_started,it_specialist,SP-008,""
EVT-0001744,TKT-00176,2026-03-30T06:36:40,specialist_solution_created,it_specialist,SP-008,root_cause=Cross-team request requiring case-by-case handling
EVT-0001745,TKT-00176,2026-03-30T07:24:49,specialist_response_drafted,it_team,IT-002,""
EVT-0001746,TKT-00176,2026-03-30T07:36:50,specialist_response_sent,it_team,IT-002,""
EVT-0001747,TKT-00176,2026-04-01T12:46:00,customer_resolution_accepted,customer,CUST-015,""
EVT-0001748,TKT-00176,2026-04-01T13:09:45,ticket_closed,it_team,IT-002,accepted_first_attempt
EVT-0001749,TKT-00177,2026-01-19T10:07:00,ticket_submitted,customer,CUST-012,channel=portal
EVT-0001750,TKT-00177,2026-01-19T11:41:28,ticket_triaged,it_team,IT-006,category=software_bug; priority=low
EVT-0001751,TKT-00177,2026-01-19T13:09:49,faq_checked,it_team,IT-006,match=True; confidence=0.89
EVT-0001752,TKT-00177,2026-01-19T13:19:03,faq_response_drafted,it_team,IT-006,""
EVT-0001753,TKT-00177,2026-01-19T13:46:02,faq_response_sent,it_team,IT-006,""
EVT-0001754,TKT-00177,2026-01-21T14:46:38,customer_resolution_accepted,customer,CUST-012,""
EVT-0001755,TKT-00177,2026-01-21T16:06:32,ticket_closed,it_team,IT-006,accepted_first_attempt
EVT-0001756,TKT-00178,2026-02-04T04:26:00,ticket_submitted,customer,CUST-004,channel=portal
EVT-0001757,TKT-00178,2026-02-04T06:51:28,ticket_triaged,it_team,IT-008,category=hardware_issue; priority=high
EVT-0001758,TKT-00178,2026-02-04T07:55:48,faq_checked,it_team,IT-008,match=False; confidence=0.34
EVT-0001759,TKT-00178,2026-02-04T09:02:24,ticket_escalated,it_team,IT-008,to specialist SP-001; missing_info=True
EVT-0001760,TKT-00178,2026-02-04T12:27:59,specialist_investigation_started,it_specialist,SP-001,""
EVT-0001761,TKT-00178,2026-02-05T12:39:05,specialist_solution_created,it_specialist,SP-001,root_cause=Driver mismatch with current OS image
EVT-0001762,TKT-00178,2026-02-05T13:40:05,specialist_response_drafted,it_team,IT-008,""
EVT-0001763,TKT-00178,2026-02-05T14:04:58,specialist_response_sent,it_team,IT-008,""
EVT-0001764,TKT-00178,2026-02-07T23:30:06,customer_resolution_rejected,customer,CUST-004,Issue recurred after a few hours
EVT-0001765,TKT-00178,2026-02-08T01:29:35,rejection_verified,it_team,IT-008,""
EVT-0001766,TKT-00178,2026-02-08T02:51:36,ticket_closed,it_team,IT-008,closed_unresolved_no_reopen
EVT-0001767,TKT-00179,2026-01-19T01:24:00,ticket_submitted,customer,CUST-017,channel=portal
EVT-0001768,TKT-00179,2026-01-19T04:18:02,ticket_triaged,it_team,IT-004,category=software_bug; priority=high
EVT-0001769,TKT-00179,2026-01-19T06:08:09,faq_checked,it_team,IT-004,match=False; confidence=0.22
EVT-0001770,TKT-00179,2026-01-19T06:32:21,ticket_escalated,it_team,IT-004,to specialist SP-008; missing_info=False
EVT-0001771,TKT-00179,2026-01-19T10:12:32,specialist_investigation_started,it_specialist,SP-008,""
EVT-0001772,TKT-00179,2026-01-21T08:40:52,specialist_solution_created,it_specialist,SP-008,root_cause=Race condition in background sync job
EVT-0001773,TKT-00179,2026-01-21T09:25:32,specialist_response_drafted,it_team,IT-004,""
EVT-0001774,TKT-00179,2026-01-21T09:57:10,specialist_response_sent,it_team,IT-004,""
EVT-0001775,TKT-00179,2026-01-22T09:15:01,customer_resolution_accepted,customer,CUST-017,""
EVT-0001776,TKT-00179,2026-01-22T09:39:00,ticket_closed,it_team,IT-004,accepted_first_attempt
EVT-0001777,TKT-00180,2026-03-28T10:32:00,ticket_submitted,customer,CUST-012,channel=email
EVT-0001778,TKT-00180,2026-03-28T14:59:05,ticket_triaged,it_team,IT-007,category=password_reset; priority=low
EVT-0001779,TKT-00180,2026-03-28T16:22:29,faq_checked,it_team,IT-007,match=True; confidence=0.91
EVT-0001780,TKT-00180,2026-03-28T17:01:25,faq_response_drafted,it_team,IT-007,""
EVT-0001781,TKT-00180,2026-03-28T17:35:27,faq_response_sent,it_team,IT-007,""
EVT-0001782,TKT-00180,2026-03-29T23:49:05,customer_resolution_accepted,customer,CUST-012,""
EVT-0001783,TKT-00180,2026-03-30T00:55:04,ticket_closed,it_team,IT-007,accepted_first_attempt
EVT-0001784,TKT-00181,2026-03-24T22:09:00,ticket_submitted,customer,CUST-013,channel=portal
EVT-0001785,TKT-00181,2026-03-25T03:59:37,ticket_triaged,it_team,IT-002,category=email_calendar; priority=medium
EVT-0001786,TKT-00181,2026-03-25T04:43:11,faq_checked,it_team,IT-002,match=False; confidence=0.37
EVT-0001787,TKT-00181,2026-03-25T05:15:30,ticket_escalated,it_team,IT-002,to specialist SP-006; missing_info=False
EVT-0001788,TKT-00181,2026-03-25T09:59:13,specialist_investigation_started,it_specialist,SP-006,""
EVT-0001789,TKT-00181,2026-03-25T16:57:10,specialist_solution_created,it_specialist,SP-006,root_cause=Stale OAuth token in calendar provider
EVT-0001790,TKT-00181,2026-03-25T17:30:58,specialist_response_drafted,it_team,IT-002,""
EVT-0001791,TKT-00181,2026-03-25T17:55:34,specialist_response_sent,it_team,IT-002,""
EVT-0001792,TKT-00181,2026-03-26T15:29:26,customer_resolution_accepted,customer,CUST-013,""
EVT-0001793,TKT-00181,2026-03-26T16:15:37,ticket_closed,it_team,IT-002,accepted_first_attempt
EVT-0001794,TKT-00182,2026-02-08T09:16:00,ticket_submitted,customer,CUST-018,channel=portal
EVT-0001795,TKT-00182,2026-02-08T11:46:47,ticket_triaged,it_team,IT-008,category=billing_account; priority=medium
EVT-0001796,TKT-00182,2026-02-08T12:49:29,faq_checked,it_team,IT-008,match=False; confidence=0.4
EVT-0001797,TKT-00182,2026-02-08T13:10:04,ticket_escalated,it_team,IT-008,to specialist SP-010; missing_info=True
EVT-0001798,TKT-00182,2026-02-08T18:17:07,specialist_investigation_started,it_specialist,SP-010,""
EVT-0001799,TKT-00182,2026-02-09T04:37:40,specialist_solution_created,it_specialist,SP-010,root_cause=Tax engine using stale region cache
EVT-0001800,TKT-00182,2026-02-09T05:40:49,specialist_response_drafted,it_team,IT-008,""
EVT-0001801,TKT-00182,2026-02-09T06:16:30,specialist_response_sent,it_team,IT-008,""
EVT-0001802,TKT-00182,2026-02-11T04:19:07,customer_resolution_accepted,customer,CUST-018,""
EVT-0001803,TKT-00182,2026-02-11T04:27:21,ticket_closed,it_team,IT-008,accepted_first_attempt
EVT-0001804,TKT-00183,2026-02-16T10:47:00,ticket_submitted,customer,CUST-007,channel=portal
EVT-0001805,TKT-00183,2026-02-16T14:16:41,ticket_triaged,it_team,IT-007,category=login_access; priority=medium
EVT-0001806,TKT-00183,2026-02-16T14:49:06,faq_checked,it_team,IT-007,match=True; confidence=0.91
EVT-0001807,TKT-00183,2026-02-16T15:58:06,faq_response_drafted,it_team,IT-007,""
EVT-0001808,TKT-00183,2026-02-16T16:42:12,faq_response_sent,it_team,IT-007,""
EVT-0001809,TKT-00183,2026-02-17T05:28:47,customer_resolution_accepted,customer,CUST-007,""
EVT-0001810,TKT-00183,2026-02-17T06:32:14,ticket_closed,it_team,IT-007,accepted_first_attempt
EVT-0001811,TKT-00184,2026-02-13T10:08:00,ticket_submitted,customer,CUST-005,channel=email
EVT-0001812,TKT-00184,2026-02-13T12:13:06,ticket_triaged,it_team,IT-005,category=billing_account; priority=medium
EVT-0001813,TKT-00184,2026-02-13T13:24:13,faq_checked,it_team,IT-005,match=False; confidence=0.09
EVT-0001814,TKT-00184,2026-02-13T13:39:27,ticket_escalated,it_team,IT-005,to specialist SP-010; missing_info=False
EVT-0001815,TKT-00184,2026-02-13T18:19:30,specialist_investigation_started,it_specialist,SP-010,""
EVT-0001816,TKT-00184,2026-02-13T23:04:45,specialist_solution_created,it_specialist,SP-010,root_cause=Tax engine using stale region cache
EVT-0001817,TKT-00184,2026-02-14T00:14:29,specialist_response_drafted,it_team,IT-005,""
EVT-0001818,TKT-00184,2026-02-14T00:34:40,specialist_response_sent,it_team,IT-005,""
EVT-0001819,TKT-00184,2026-02-14T07:42:47,customer_resolution_accepted,customer,CUST-005,""
EVT-0001820,TKT-00184,2026-02-14T09:25:57,ticket_closed,it_team,IT-005,accepted_first_attempt
EVT-0001821,TKT-00185,2026-02-04T22:39:00,ticket_submitted,customer,CUST-013,channel=portal
EVT-0001822,TKT-00185,2026-02-05T02:40:52,ticket_triaged,it_team,IT-002,category=email_calendar; priority=medium
EVT-0001823,TKT-00185,2026-02-05T03:16:23,faq_checked,it_team,IT-002,match=False; confidence=0.3
EVT-0001824,TKT-00185,2026-02-05T04:25:08,ticket_escalated,it_team,IT-002,to specialist SP-002; missing_info=False
EVT-0001825,TKT-00185,2026-02-05T07:24:26,specialist_investigation_started,it_specialist,SP-002,""
EVT-0001826,TKT-00185,2026-02-05T13:36:36,specialist_solution_created,it_specialist,SP-002,root_cause=Stale OAuth token in calendar provider
EVT-0001827,TKT-00185,2026-02-05T13:54:53,specialist_response_drafted,it_team,IT-002,""
EVT-0001828,TKT-00185,2026-02-05T14:12:28,specialist_response_sent,it_team,IT-002,""
EVT-0001829,TKT-00185,2026-02-06T18:44:31,customer_resolution_accepted,customer,CUST-013,""
EVT-0001830,TKT-00185,2026-02-06T19:17:48,ticket_closed,it_team,IT-002,accepted_first_attempt
EVT-0001831,TKT-00186,2026-02-27T22:21:00,ticket_submitted,customer,CUST-003,channel=portal
EVT-0001832,TKT-00186,2026-02-28T03:29:45,ticket_triaged,it_team,IT-007,category=network_connectivity; priority=high
EVT-0001833,TKT-00186,2026-02-28T03:42:58,faq_checked,it_team,IT-007,match=False; confidence=0.1
EVT-0001834,TKT-00186,2026-02-28T03:49:30,ticket_escalated,it_team,IT-007,to specialist SP-009; missing_info=False
EVT-0001835,TKT-00186,2026-02-28T06:20:30,specialist_investigation_started,it_specialist,SP-009,""
EVT-0001836,TKT-00186,2026-02-28T11:01:53,specialist_solution_created,it_specialist,SP-009,root_cause=Misconfigured route on regional gateway
EVT-0001837,TKT-00186,2026-02-28T11:17:31,specialist_response_drafted,it_team,IT-007,""
EVT-0001838,TKT-00186,2026-02-28T11:44:46,specialist_response_sent,it_team,IT-007,""
EVT-0001839,TKT-00186,2026-03-02T00:14:15,customer_resolution_accepted,customer,CUST-003,""
EVT-0001840,TKT-00186,2026-03-02T01:35:32,ticket_closed,it_team,IT-007,accepted_first_attempt
EVT-0001841,TKT-00187,2026-02-15T05:13:00,ticket_submitted,customer,CUST-018,channel=email
EVT-0001842,TKT-00187,2026-02-15T06:07:18,ticket_triaged,it_team,IT-006,category=network_connectivity; priority=medium
EVT-0001843,TKT-00187,2026-02-15T07:47:23,faq_checked,it_team,IT-006,match=False; confidence=0.1
EVT-0001844,TKT-00187,2026-02-15T07:53:27,ticket_escalated,it_team,IT-006,to specialist SP-004; missing_info=False
EVT-0001845,TKT-00187,2026-02-15T09:11:15,specialist_investigation_started,it_specialist,SP-004,""
EVT-0001846,TKT-00187,2026-02-15T14:21:14,specialist_solution_created,it_specialist,SP-004,root_cause=Misconfigured route on regional gateway
EVT-0001847,TKT-00187,2026-02-15T15:45:22,specialist_response_drafted,it_team,IT-006,""
EVT-0001848,TKT-00187,2026-02-15T16:15:53,specialist_response_sent,it_team,IT-006,""
EVT-0001849,TKT-00187,2026-02-17T11:13:45,customer_resolution_rejected,customer,CUST-018,Need different approach
EVT-0001850,TKT-00187,2026-02-17T13:56:13,rejection_verified,it_team,IT-006,""
EVT-0001851,TKT-00187,2026-02-17T15:30:39,ticket_closed,it_team,IT-006,closed_unresolved_no_reopen
EVT-0001852,TKT-00188,2026-02-08T08:31:00,ticket_submitted,customer,CUST-018,channel=portal
EVT-0001853,TKT-00188,2026-02-08T11:38:09,ticket_triaged,it_team,IT-007,category=login_access; priority=medium
EVT-0001854,TKT-00188,2026-02-08T12:44:22,faq_checked,it_team,IT-007,match=True; confidence=0.85
EVT-0001855,TKT-00188,2026-02-08T12:58:41,faq_response_drafted,it_team,IT-007,""
EVT-0001856,TKT-00188,2026-02-08T13:38:05,faq_response_sent,it_team,IT-007,""
EVT-0001857,TKT-00188,2026-02-10T17:09:25,customer_resolution_rejected,customer,CUST-018,Issue recurred after a few hours
EVT-0001858,TKT-00188,2026-02-10T20:46:28,rejection_verified,it_team,IT-007,""
EVT-0001859,TKT-00188,2026-02-10T22:29:57,ticket_closed,it_team,IT-007,closed_unresolved_no_reopen
EVT-0001860,TKT-00189,2026-01-17T22:46:00,ticket_submitted,customer,CUST-018,channel=portal
EVT-0001861,TKT-00189,2026-01-18T00:30:08,ticket_triaged,it_team,IT-006,category=network_connectivity; priority=medium
EVT-0001862,TKT-00189,2026-01-18T00:42:44,faq_checked,it_team,IT-006,match=True; confidence=0.91
EVT-0001863,TKT-00189,2026-01-18T01:41:27,faq_response_drafted,it_team,IT-006,""
EVT-0001864,TKT-00189,2026-01-18T01:55:21,faq_response_sent,it_team,IT-006,""
EVT-0001865,TKT-00189,2026-01-20T07:12:12,customer_resolution_accepted,customer,CUST-018,""
EVT-0001866,TKT-00189,2026-01-20T08:53:19,ticket_closed,it_team,IT-006,accepted_first_attempt
EVT-0001867,TKT-00190,2026-02-17T20:48:00,ticket_submitted,customer,CUST-001,channel=phone
EVT-0001868,TKT-00190,2026-02-18T01:31:52,ticket_triaged,it_team,IT-006,category=data_reporting; priority=medium
EVT-0001869,TKT-00190,2026-02-18T02:52:50,faq_checked,it_team,IT-006,match=False; confidence=0.25
EVT-0001870,TKT-00190,2026-02-18T03:27:23,ticket_escalated,it_team,IT-006,to specialist SP-007; missing_info=True
EVT-0001871,TKT-00190,2026-02-18T06:22:40,specialist_investigation_started,it_specialist,SP-007,""
EVT-0001872,TKT-00190,2026-02-18T19:35:51,specialist_solution_created,it_specialist,SP-007,root_cause=Warehouse job missed scheduled run
EVT-0001873,TKT-00190,2026-02-18T20:48:25,specialist_response_drafted,it_team,IT-006,""
EVT-0001874,TKT-00190,2026-02-18T20:55:57,specialist_response_sent,it_team,IT-006,""
EVT-0001875,TKT-00190,2026-02-19T02:25:12,customer_resolution_rejected,customer,CUST-001,Steps did not resolve the issue
EVT-0001876,TKT-00190,2026-02-19T04:19:11,rejection_verified,it_team,IT-006,""
EVT-0001877,TKT-00190,2026-02-19T05:19:45,ticket_reopened,it_team,IT-006,""
EVT-0001878,TKT-00190,2026-02-19T06:14:40,ticket_escalated,it_team,IT-006,to specialist SP-007; reopen=True
EVT-0001879,TKT-00190,2026-02-19T07:25:49,specialist_investigation_started,it_specialist,SP-007,post_reopen
EVT-0001880,TKT-00190,2026-02-20T05:16:47,specialist_solution_created,it_specialist,SP-007,post_reopen
EVT-0001881,TKT-00190,2026-02-20T06:44:00,specialist_response_drafted,it_team,IT-006,post_reopen
EVT-0001882,TKT-00190,2026-02-20T07:07:57,specialist_response_sent,it_team,IT-006,post_reopen
EVT-0001883,TKT-00190,2026-02-22T14:16:50,customer_resolution_rejected,customer,CUST-001,post_reopen
EVT-0001884,TKT-00190,2026-02-22T19:48:26,ticket_closed,it_team,IT-006,closed_unresolved_after_reopen
EVT-0001885,TKT-00191,2026-03-25T17:29:00,ticket_submitted,customer,CUST-005,channel=portal
EVT-0001886,TKT-00191,2026-03-25T20:07:10,ticket_triaged,it_team,IT-001,category=password_reset; priority=medium
EVT-0001887,TKT-00191,2026-03-25T22:03:38,faq_checked,it_team,IT-001,match=False; confidence=0.28
EVT-0001888,TKT-00191,2026-03-25T23:05:32,ticket_escalated,it_team,IT-001,to specialist SP-002; missing_info=True
EVT-0001889,TKT-00191,2026-03-26T04:47:20,specialist_investigation_started,it_specialist,SP-002,""
EVT-0001890,TKT-00191,2026-03-26T05:17:20,specialist_solution_created,it_specialist,SP-002,root_cause=Edge-case in privileged-account reset workflow
EVT-0001891,TKT-00191,2026-03-26T06:17:16,specialist_response_drafted,it_team,IT-001,""
EVT-0001892,TKT-00191,2026-03-26T06:28:09,specialist_response_sent,it_team,IT-001,""
EVT-0001893,TKT-00191,2026-03-26T20:24:32,customer_resolution_rejected,customer,CUST-005,Need different approach
EVT-0001894,TKT-00191,2026-03-26T23:26:07,rejection_verified,it_team,IT-001,""
EVT-0001895,TKT-00191,2026-03-27T01:11:32,ticket_reopened,it_team,IT-001,""
EVT-0001896,TKT-00191,2026-03-27T01:31:12,ticket_escalated,it_team,IT-001,to specialist SP-006; reopen=True
EVT-0001897,TKT-00191,2026-03-27T03:33:31,specialist_investigation_started,it_specialist,SP-006,post_reopen
EVT-0001898,TKT-00191,2026-03-27T05:24:41,specialist_solution_created,it_specialist,SP-006,post_reopen
EVT-0001899,TKT-00191,2026-03-27T06:05:17,specialist_response_drafted,it_team,IT-001,post_reopen
EVT-0001900,TKT-00191,2026-03-27T06:36:34,specialist_response_sent,it_team,IT-001,post_reopen
EVT-0001901,TKT-00191,2026-03-29T09:31:34,customer_resolution_accepted,customer,CUST-005,post_reopen
EVT-0001902,TKT-00191,2026-03-29T09:56:56,ticket_closed,it_team,IT-001,accepted_after_reopen
EVT-0001903,TKT-00192,2026-03-31T03:51:00,ticket_submitted,customer,CUST-015,channel=portal
EVT-0001904,TKT-00192,2026-03-31T04:19:04,ticket_triaged,it_team,IT-006,category=email_calendar; priority=medium
EVT-0001905,TKT-00192,2026-03-31T05:35:43,faq_checked,it_team,IT-006,match=False; confidence=0.3
EVT-0001906,TKT-00192,2026-03-31T05:52:02,ticket_escalated,it_team,IT-006,to specialist SP-006; missing_info=False
EVT-0001907,TKT-00192,2026-03-31T10:12:03,specialist_investigation_started,it_specialist,SP-006,""
EVT-0001908,TKT-00192,2026-03-31T17:35:14,specialist_solution_created,it_specialist,SP-006,root_cause=Stale OAuth token in calendar provider
EVT-0001909,TKT-00192,2026-03-31T18:54:48,specialist_response_drafted,it_team,IT-006,""
EVT-0001910,TKT-00192,2026-03-31T19:20:10,specialist_response_sent,it_team,IT-006,""
EVT-0001911,TKT-00192,2026-04-01T09:15:02,customer_resolution_accepted,customer,CUST-015,""
EVT-0001912,TKT-00192,2026-04-01T10:32:22,ticket_closed,it_team,IT-006,accepted_first_attempt
EVT-0001913,TKT-00193,2026-03-03T16:43:00,ticket_submitted,customer,CUST-008,channel=email
EVT-0001914,TKT-00193,2026-03-03T19:44:38,ticket_triaged,it_team,IT-001,category=login_access; priority=high
EVT-0001915,TKT-00193,2026-03-03T21:37:30,faq_checked,it_team,IT-001,match=True; confidence=0.96
EVT-0001916,TKT-00193,2026-03-03T22:20:14,faq_response_drafted,it_team,IT-001,""
EVT-0001917,TKT-00193,2026-03-03T22:23:39,faq_response_sent,it_team,IT-001,""
EVT-0001918,TKT-00193,2026-03-05T14:31:22,customer_resolution_accepted,customer,CUST-008,""
EVT-0001919,TKT-00193,2026-03-05T14:55:38,ticket_closed,it_team,IT-001,accepted_first_attempt
EVT-0001920,TKT-00194,2026-03-27T14:51:00,ticket_submitted,customer,CUST-005,channel=portal
EVT-0001921,TKT-00194,2026-03-27T18:03:16,ticket_triaged,it_team,IT-007,category=login_access; priority=medium
EVT-0001922,TKT-00194,2026-03-27T19:58:51,faq_checked,it_team,IT-007,match=False; confidence=0.05
EVT-0001923,TKT-00194,2026-03-27T21:03:19,ticket_escalated,it_team,IT-007,to specialist SP-002; missing_info=True
EVT-0001924,TKT-00194,2026-03-28T01:57:51,specialist_investigation_started,it_specialist,SP-002,""
EVT-0001925,TKT-00194,2026-03-28T10:44:26,specialist_solution_created,it_specialist,SP-002,root_cause=Permission cache out of sync between SSO and target system
EVT-0001926,TKT-00194,2026-03-28T11:53:32,specialist_response_drafted,it_team,IT-007,""
EVT-0001927,TKT-00194,2026-03-28T12:24:28,specialist_response_sent,it_team,IT-007,""
EVT-0001928,TKT-00194,2026-03-30T10:46:14,customer_resolution_accepted,customer,CUST-005,""
EVT-0001929,TKT-00194,2026-03-30T11:55:19,ticket_closed,it_team,IT-007,accepted_first_attempt
EVT-0001930,TKT-00195,2026-03-15T13:39:00,ticket_submitted,customer,CUST-008,channel=email
EVT-0001931,TKT-00195,2026-03-15T16:48:42,ticket_triaged,it_team,IT-001,category=data_reporting; priority=high
EVT-0001932,TKT-00195,2026-03-15T17:17:03,faq_checked,it_team,IT-001,match=False; confidence=0.39
EVT-0001933,TKT-00195,2026-03-15T18:05:48,ticket_escalated,it_team,IT-001,to specialist SP-007; missing_info=False
EVT-0001934,TKT-00195,2026-03-15T20:45:56,specialist_investigation_started,it_specialist,SP-007,""
EVT-0001935,TKT-00195,2026-03-16T23:11:07,specialist_solution_created,it_specialist,SP-007,root_cause=Warehouse job missed scheduled run
EVT-0001936,TKT-00195,2026-03-17T00:31:28,specialist_response_drafted,it_team,IT-001,""
EVT-0001937,TKT-00195,2026-03-17T01:07:53,specialist_response_sent,it_team,IT-001,""
EVT-0001938,TKT-00195,2026-03-17T16:44:35,customer_resolution_accepted,customer,CUST-008,""
EVT-0001939,TKT-00195,2026-03-17T17:24:16,ticket_closed,it_team,IT-001,accepted_first_attempt
EVT-0001940,TKT-00196,2026-02-22T17:15:00,ticket_submitted,customer,CUST-001,channel=portal
EVT-0001941,TKT-00196,2026-02-22T23:06:09,ticket_triaged,it_team,IT-008,category=login_access; priority=medium
EVT-0001942,TKT-00196,2026-02-23T01:00:44,faq_checked,it_team,IT-008,match=False; confidence=0.17
EVT-0001943,TKT-00196,2026-02-23T01:39:51,ticket_escalated,it_team,IT-008,to specialist SP-002; missing_info=False
EVT-0001944,TKT-00196,2026-02-23T02:55:31,specialist_investigation_started,it_specialist,SP-002,""
EVT-0001945,TKT-00196,2026-02-23T04:16:25,specialist_solution_created,it_specialist,SP-002,root_cause=Permission cache out of sync between SSO and target system
EVT-0001946,TKT-00196,2026-02-23T05:28:43,specialist_response_drafted,it_team,IT-008,""
EVT-0001947,TKT-00196,2026-02-23T05:55:09,specialist_response_sent,it_team,IT-008,""
EVT-0001948,TKT-00196,2026-02-25T02:55:37,customer_resolution_accepted,customer,CUST-001,""
EVT-0001949,TKT-00196,2026-02-25T04:51:12,ticket_closed,it_team,IT-008,accepted_first_attempt
EVT-0001950,TKT-00197,2026-03-11T11:29:00,ticket_submitted,customer,CUST-004,channel=portal
EVT-0001951,TKT-00197,2026-03-11T13:39:25,ticket_triaged,it_team,IT-001,category=password_reset; priority=low
EVT-0001952,TKT-00197,2026-03-11T15:29:12,faq_checked,it_team,IT-001,match=False; confidence=0.35
EVT-0001953,TKT-00197,2026-03-11T16:33:25,ticket_escalated,it_team,IT-001,to specialist SP-002; missing_info=False
EVT-0001954,TKT-00197,2026-03-11T20:25:31,specialist_investigation_started,it_specialist,SP-002,""
EVT-0001955,TKT-00197,2026-03-12T00:38:27,specialist_solution_created,it_specialist,SP-002,root_cause=Edge-case in privileged-account reset workflow
EVT-0001956,TKT-00197,2026-03-12T01:00:39,specialist_response_drafted,it_team,IT-001,""
EVT-0001957,TKT-00197,2026-03-12T01:15:07,specialist_response_sent,it_team,IT-001,""
EVT-0001958,TKT-00197,2026-03-14T08:11:07,customer_resolution_accepted,customer,CUST-004,""
EVT-0001959,TKT-00197,2026-03-14T08:18:07,ticket_closed,it_team,IT-001,accepted_first_attempt
EVT-0001960,TKT-00198,2026-03-23T01:11:00,ticket_submitted,customer,CUST-007,channel=email
EVT-0001961,TKT-00198,2026-03-23T02:55:00,ticket_triaged,it_team,IT-007,category=password_reset; priority=low
EVT-0001962,TKT-00198,2026-03-23T04:03:43,faq_checked,it_team,IT-007,match=True; confidence=0.92
EVT-0001963,TKT-00198,2026-03-23T05:08:01,ticket_escalated,it_team,IT-007,to specialist SP-002; missing_info=False
EVT-0001964,TKT-00198,2026-03-23T10:19:02,specialist_investigation_started,it_specialist,SP-002,""
EVT-0001965,TKT-00198,2026-03-23T12:18:59,specialist_solution_created,it_specialist,SP-002,root_cause=Edge-case in privileged-account reset workflow
EVT-0001966,TKT-00198,2026-03-23T13:44:51,specialist_response_drafted,it_team,IT-007,""
EVT-0001967,TKT-00198,2026-03-23T13:57:47,specialist_response_sent,it_team,IT-007,""
EVT-0001968,TKT-00198,2026-03-25T21:02:36,customer_resolution_accepted,customer,CUST-007,""
EVT-0001969,TKT-00198,2026-03-25T21:49:50,ticket_closed,it_team,IT-007,accepted_first_attempt
EVT-0001970,TKT-00199,2026-03-02T12:36:00,ticket_submitted,customer,CUST-001,channel=portal
EVT-0001971,TKT-00199,2026-03-02T14:42:52,ticket_triaged,it_team,IT-002,category=other; priority=medium
EVT-0001972,TKT-00199,2026-03-02T16:25:41,faq_checked,it_team,IT-002,match=False; confidence=0.25
EVT-0001973,TKT-00199,2026-03-02T17:35:18,ticket_escalated,it_team,IT-002,to specialist SP-008; missing_info=False
EVT-0001974,TKT-00199,2026-03-02T18:38:46,specialist_investigation_started,it_specialist,SP-008,""
EVT-0001975,TKT-00199,2026-03-04T20:16:50,specialist_solution_created,it_specialist,SP-008,root_cause=Cross-team request requiring case-by-case handling
EVT-0001976,TKT-00199,2026-03-04T21:05:10,specialist_response_drafted,it_team,IT-002,""
EVT-0001977,TKT-00199,2026-03-04T21:17:45,specialist_response_sent,it_team,IT-002,""
EVT-0001978,TKT-00199,2026-03-05T16:48:51,customer_resolution_accepted,customer,CUST-001,""
EVT-0001979,TKT-00199,2026-03-05T18:39:28,ticket_closed,it_team,IT-002,accepted_first_attempt
EVT-0001980,TKT-00200,2026-02-18T01:00:00,ticket_submitted,customer,CUST-014,channel=email
EVT-0001981,TKT-00200,2026-02-18T01:18:00,ticket_triaged,it_team,IT-007,category=email_calendar; priority=high
EVT-0001982,TKT-00200,2026-02-18T01:42:30,faq_checked,it_team,IT-007,match=True; confidence=0.96
EVT-0001983,TKT-00200,2026-02-18T02:16:55,faq_response_drafted,it_team,IT-007,""
EVT-0001984,TKT-00200,2026-02-18T02:41:42,faq_response_sent,it_team,IT-007,""
EVT-0001985,TKT-00200,2026-02-20T14:23:27,customer_resolution_accepted,customer,CUST-014,""
EVT-0001986,TKT-00200,2026-02-20T15:09:26,ticket_closed,it_team,IT-007,accepted_first_attempt
EVT-0001987,TKT-00201,2026-03-07T14:14:00,ticket_submitted,customer,CUST-006,channel=portal
EVT-0001988,TKT-00201,2026-03-07T18:08:09,ticket_triaged,it_team,IT-007,category=password_reset; priority=medium
EVT-0001989,TKT-00201,2026-03-07T18:20:29,faq_checked,it_team,IT-007,match=True; confidence=0.94
EVT-0001990,TKT-00201,2026-03-07T19:23:32,faq_response_drafted,it_team,IT-007,""
EVT-0001991,TKT-00201,2026-03-07T20:05:43,faq_response_sent,it_team,IT-007,""
EVT-0001992,TKT-00201,2026-03-09T18:52:07,customer_resolution_accepted,customer,CUST-006,""
EVT-0001993,TKT-00201,2026-03-09T20:14:02,ticket_closed,it_team,IT-007,accepted_first_attempt
EVT-0001994,TKT-00202,2026-03-22T04:26:00,ticket_submitted,customer,CUST-018,channel=email
EVT-0001995,TKT-00202,2026-03-22T05:57:26,ticket_triaged,it_team,IT-004,category=billing_account; priority=medium
EVT-0001996,TKT-00202,2026-03-22T06:47:40,faq_checked,it_team,IT-004,match=False; confidence=0.26
EVT-0001997,TKT-00202,2026-03-22T06:59:31,ticket_escalated,it_team,IT-004,to specialist SP-010; missing_info=False
EVT-0001998,TKT-00202,2026-03-22T11:09:14,specialist_investigation_started,it_specialist,SP-010,""
EVT-0001999,TKT-00202,2026-03-22T20:28:12,specialist_solution_created,it_specialist,SP-010,root_cause=Tax engine using stale region cache
EVT-0002000,TKT-00202,2026-03-22T20:41:06,specialist_response_drafted,it_team,IT-004,""
EVT-0002001,TKT-00202,2026-03-22T20:51:41,specialist_response_sent,it_team,IT-004,""
EVT-0002002,TKT-00202,2026-03-23T09:37:24,customer_resolution_accepted,customer,CUST-018,""
EVT-0002003,TKT-00202,2026-03-23T10:09:27,ticket_closed,it_team,IT-004,accepted_first_attempt
EVT-0002004,TKT-00203,2026-03-26T21:14:00,ticket_submitted,customer,CUST-009,channel=email
EVT-0002005,TKT-00203,2026-03-27T02:18:46,ticket_triaged,it_team,IT-007,category=network_connectivity; priority=medium
EVT-0002006,TKT-00203,2026-03-27T03:25:44,faq_checked,it_team,IT-007,match=True; confidence=0.84
EVT-0002007,TKT-00203,2026-03-27T04:43:47,ticket_escalated,it_team,IT-007,to specialist SP-004; missing_info=False
EVT-0002008,TKT-00203,2026-03-27T05:30:31,specialist_investigation_started,it_specialist,SP-004,""
EVT-0002009,TKT-00203,2026-03-27T14:19:50,specialist_solution_created,it_specialist,SP-004,root_cause=Misconfigured route on regional gateway
EVT-0002010,TKT-00203,2026-03-27T15:47:00,specialist_response_drafted,it_team,IT-007,""
EVT-0002011,TKT-00203,2026-03-27T16:15:44,specialist_response_sent,it_team,IT-007,""
EVT-0002012,TKT-00203,2026-03-28T23:35:17,customer_resolution_accepted,customer,CUST-009,""
EVT-0002013,TKT-00203,2026-03-29T01:22:31,ticket_closed,it_team,IT-007,accepted_first_attempt
EVT-0002014,TKT-00204,2026-02-28T21:01:00,ticket_submitted,customer,CUST-006,channel=portal
EVT-0002015,TKT-00204,2026-03-01T00:38:08,ticket_triaged,it_team,IT-004,category=network_connectivity; priority=urgent
EVT-0002016,TKT-00204,2026-03-01T01:36:36,faq_checked,it_team,IT-004,match=True; confidence=0.66
EVT-0002017,TKT-00204,2026-03-01T02:19:22,ticket_escalated,it_team,IT-004,to specialist SP-004; missing_info=False
EVT-0002018,TKT-00204,2026-03-01T04:27:53,specialist_investigation_started,it_specialist,SP-004,""
EVT-0002019,TKT-00204,2026-03-01T08:31:11,specialist_solution_created,it_specialist,SP-004,root_cause=Misconfigured route on regional gateway
EVT-0002020,TKT-00204,2026-03-01T08:43:29,specialist_response_drafted,it_team,IT-004,""
EVT-0002021,TKT-00204,2026-03-01T09:11:07,specialist_response_sent,it_team,IT-004,""
EVT-0002022,TKT-00204,2026-03-02T04:44:08,customer_resolution_accepted,customer,CUST-006,""
EVT-0002023,TKT-00204,2026-03-02T05:40:35,ticket_closed,it_team,IT-004,accepted_first_attempt
EVT-0002024,TKT-00205,2026-01-27T20:24:00,ticket_submitted,customer,CUST-006,channel=portal
EVT-0002025,TKT-00205,2026-01-28T01:37:55,ticket_triaged,it_team,IT-005,category=billing_account; priority=high
EVT-0002026,TKT-00205,2026-01-28T03:17:09,faq_checked,it_team,IT-005,match=False; confidence=0.1
EVT-0002027,TKT-00205,2026-01-28T04:00:43,ticket_escalated,it_team,IT-005,to specialist SP-010; missing_info=False
EVT-0002028,TKT-00205,2026-01-28T04:42:32,specialist_investigation_started,it_specialist,SP-010,""
EVT-0002029,TKT-00205,2026-01-28T10:01:21,specialist_solution_created,it_specialist,SP-010,root_cause=Tax engine using stale region cache
EVT-0002030,TKT-00205,2026-01-28T10:53:47,specialist_response_drafted,it_team,IT-005,""
EVT-0002031,TKT-00205,2026-01-28T11:20:48,specialist_response_sent,it_team,IT-005,""
EVT-0002032,TKT-00205,2026-01-29T23:53:33,customer_resolution_accepted,customer,CUST-006,""
EVT-0002033,TKT-00205,2026-01-30T00:17:34,ticket_closed,it_team,IT-005,accepted_first_attempt
EVT-0002034,TKT-00206,2026-02-01T22:46:00,ticket_submitted,customer,CUST-005,channel=email
EVT-0002035,TKT-00206,2026-02-02T03:03:24,ticket_triaged,it_team,IT-001,category=login_access; priority=high
EVT-0002036,TKT-00206,2026-02-02T03:36:07,faq_checked,it_team,IT-001,match=True; confidence=0.83
EVT-0002037,TKT-00206,2026-02-02T04:40:25,faq_response_drafted,it_team,IT-001,""
EVT-0002038,TKT-00206,2026-02-02T05:21:22,faq_response_sent,it_team,IT-001,""
EVT-0002039,TKT-00206,2026-02-03T03:22:09,customer_resolution_accepted,customer,CUST-005,""
EVT-0002040,TKT-00206,2026-02-03T04:37:36,ticket_closed,it_team,IT-001,accepted_first_attempt
EVT-0002041,TKT-00207,2026-02-10T08:55:00,ticket_submitted,customer,CUST-006,channel=portal
EVT-0002042,TKT-00207,2026-02-10T12:50:25,ticket_triaged,it_team,IT-006,category=network_connectivity; priority=high
EVT-0002043,TKT-00207,2026-02-10T13:25:55,faq_checked,it_team,IT-006,match=False; confidence=0.18
EVT-0002044,TKT-00207,2026-02-10T14:32:47,ticket_escalated,it_team,IT-006,to specialist SP-004; missing_info=False
EVT-0002045,TKT-00207,2026-02-10T16:15:46,specialist_investigation_started,it_specialist,SP-004,""
EVT-0002046,TKT-00207,2026-02-10T23:08:27,specialist_solution_created,it_specialist,SP-004,root_cause=Misconfigured route on regional gateway
EVT-0002047,TKT-00207,2026-02-10T23:39:51,specialist_response_drafted,it_team,IT-006,""
EVT-0002048,TKT-00207,2026-02-11T00:18:22,specialist_response_sent,it_team,IT-006,""
EVT-0002049,TKT-00207,2026-02-11T13:33:46,customer_resolution_rejected,customer,CUST-006,Solution applied but symptom persists
EVT-0002050,TKT-00207,2026-02-11T15:18:50,rejection_verified,it_team,IT-006,""
EVT-0002051,TKT-00207,2026-02-11T15:41:03,ticket_reopened,it_team,IT-006,""
EVT-0002052,TKT-00207,2026-02-11T16:05:20,ticket_escalated,it_team,IT-006,to specialist SP-009; reopen=True
EVT-0002053,TKT-00207,2026-02-11T17:43:20,specialist_investigation_started,it_specialist,SP-009,post_reopen
EVT-0002054,TKT-00207,2026-02-11T19:11:24,specialist_solution_created,it_specialist,SP-009,post_reopen
EVT-0002055,TKT-00207,2026-02-11T19:36:09,specialist_response_drafted,it_team,IT-006,post_reopen
EVT-0002056,TKT-00207,2026-02-11T20:15:22,specialist_response_sent,it_team,IT-006,post_reopen
EVT-0002057,TKT-00207,2026-02-13T15:33:02,customer_resolution_accepted,customer,CUST-006,post_reopen
EVT-0002058,TKT-00207,2026-02-13T16:42:55,ticket_closed,it_team,IT-006,accepted_after_reopen
EVT-0002059,TKT-00208,2026-01-22T08:17:00,ticket_submitted,customer,CUST-004,channel=portal
EVT-0002060,TKT-00208,2026-01-22T10:13:33,ticket_triaged,it_team,IT-001,category=network_connectivity; priority=urgent
EVT-0002061,TKT-00208,2026-01-22T12:07:36,faq_checked,it_team,IT-001,match=False; confidence=0.41
EVT-0002062,TKT-00208,2026-01-22T12:57:38,ticket_escalated,it_team,IT-001,to specialist SP-009; missing_info=False
EVT-0002063,TKT-00208,2026-01-22T16:04:40,specialist_investigation_started,it_specialist,SP-009,""
EVT-0002064,TKT-00208,2026-01-22T22:53:19,specialist_solution_created,it_specialist,SP-009,root_cause=Misconfigured route on regional gateway
EVT-0002065,TKT-00208,2026-01-22T23:10:40,specialist_response_drafted,it_team,IT-001,""
EVT-0002066,TKT-00208,2026-01-22T23:43:45,specialist_response_sent,it_team,IT-001,""
EVT-0002067,TKT-00208,2026-01-25T05:45:31,customer_resolution_accepted,customer,CUST-004,""
EVT-0002068,TKT-00208,2026-01-25T07:23:17,ticket_closed,it_team,IT-001,accepted_first_attempt
EVT-0002069,TKT-00209,2026-03-29T06:11:00,ticket_submitted,customer,CUST-010,channel=email
EVT-0002070,TKT-00209,2026-03-29T09:12:42,ticket_triaged,it_team,IT-002,category=hardware_issue; priority=medium
EVT-0002071,TKT-00209,2026-03-29T09:24:51,faq_checked,it_team,IT-002,match=True; confidence=0.96
EVT-0002072,TKT-00209,2026-03-29T10:40:27,ticket_escalated,it_team,IT-002,to specialist SP-003; missing_info=True
EVT-0002073,TKT-00209,2026-03-29T12:39:54,specialist_investigation_started,it_specialist,SP-003,""
EVT-0002074,TKT-00209,2026-03-31T18:52:37,specialist_solution_created,it_specialist,SP-003,root_cause=Driver mismatch with current OS image
EVT-0002075,TKT-00209,2026-03-31T19:35:17,specialist_response_drafted,it_team,IT-002,""
EVT-0002076,TKT-00209,2026-03-31T19:38:34,specialist_response_sent,it_team,IT-002,""
EVT-0002077,TKT-00209,2026-04-02T21:41:46,customer_resolution_accepted,customer,CUST-010,""
EVT-0002078,TKT-00209,2026-04-02T23:38:27,ticket_closed,it_team,IT-002,accepted_first_attempt
EVT-0002079,TKT-00210,2026-02-28T22:15:00,ticket_submitted,customer,CUST-014,channel=portal
EVT-0002080,TKT-00210,2026-03-01T02:00:57,ticket_triaged,it_team,IT-008,category=other; priority=high
EVT-0002081,TKT-00210,2026-03-01T02:19:35,faq_checked,it_team,IT-008,match=False; confidence=0.28
EVT-0002082,TKT-00210,2026-03-01T03:10:54,ticket_escalated,it_team,IT-008,to specialist SP-008; missing_info=True
EVT-0002083,TKT-00210,2026-03-01T05:41:26,specialist_investigation_started,it_specialist,SP-008,""
EVT-0002084,TKT-00210,2026-03-04T02:32:59,specialist_solution_created,it_specialist,SP-008,root_cause=Cross-team request requiring case-by-case handling
EVT-0002085,TKT-00210,2026-03-04T03:13:39,specialist_response_drafted,it_team,IT-008,""
EVT-0002086,TKT-00210,2026-03-04T03:53:46,specialist_response_sent,it_team,IT-008,""
EVT-0002087,TKT-00210,2026-03-04T13:10:38,customer_resolution_rejected,customer,CUST-014,Issue recurred after a few hours
EVT-0002088,TKT-00210,2026-03-04T14:50:28,rejection_verified,it_team,IT-008,""
EVT-0002089,TKT-00210,2026-03-04T15:46:14,ticket_reopened,it_team,IT-008,""
EVT-0002090,TKT-00210,2026-03-04T16:11:59,ticket_escalated,it_team,IT-008,to specialist SP-008; reopen=True
EVT-0002091,TKT-00210,2026-03-04T19:14:21,specialist_investigation_started,it_specialist,SP-008,post_reopen
EVT-0002092,TKT-00210,2026-03-06T09:07:16,specialist_solution_created,it_specialist,SP-008,post_reopen
EVT-0002093,TKT-00210,2026-03-06T10:14:10,specialist_response_drafted,it_team,IT-008,post_reopen
EVT-0002094,TKT-00210,2026-03-06T10:34:35,specialist_response_sent,it_team,IT-008,post_reopen
EVT-0002095,TKT-00210,2026-03-06T20:48:33,customer_resolution_accepted,customer,CUST-014,post_reopen
EVT-0002096,TKT-00210,2026-03-06T21:47:45,ticket_closed,it_team,IT-008,accepted_after_reopen
EVT-0002097,TKT-00211,2026-03-04T21:16:00,ticket_submitted,customer,CUST-007,channel=portal
EVT-0002098,TKT-00211,2026-03-04T23:09:50,ticket_triaged,it_team,IT-001,category=password_reset; priority=medium
EVT-0002099,TKT-00211,2026-03-04T23:45:13,faq_checked,it_team,IT-001,match=True; confidence=0.7
EVT-0002100,TKT-00211,2026-03-05T00:43:07,faq_response_drafted,it_team,IT-001,""
EVT-0002101,TKT-00211,2026-03-05T01:15:43,faq_response_sent,it_team,IT-001,""
EVT-0002102,TKT-00211,2026-03-06T00:33:31,customer_resolution_accepted,customer,CUST-007,""
EVT-0002103,TKT-00211,2026-03-06T02:07:58,ticket_closed,it_team,IT-001,accepted_first_attempt
EVT-0002104,TKT-00212,2026-01-31T19:06:00,ticket_submitted,customer,CUST-017,channel=email
EVT-0002105,TKT-00212,2026-02-01T01:04:30,ticket_triaged,it_team,IT-001,category=security_request; priority=high
EVT-0002106,TKT-00212,2026-02-01T03:00:02,faq_checked,it_team,IT-001,match=False; confidence=0.21
EVT-0002107,TKT-00212,2026-02-01T03:46:03,ticket_escalated,it_team,IT-001,to specialist SP-006; missing_info=False
EVT-0002108,TKT-00212,2026-02-01T06:57:44,specialist_investigation_started,it_specialist,SP-006,""
EVT-0002109,TKT-00212,2026-02-02T09:03:02,specialist_solution_created,it_specialist,SP-006,root_cause=Manual access review required for sensitive role
EVT-0002110,TKT-00212,2026-02-02T09:30:44,specialist_response_drafted,it_team,IT-001,""
EVT-0002111,TKT-00212,2026-02-02T10:06:23,specialist_response_sent,it_team,IT-001,""
EVT-0002112,TKT-00212,2026-02-04T18:46:01,customer_resolution_accepted,customer,CUST-017,""
EVT-0002113,TKT-00212,2026-02-04T19:40:39,ticket_closed,it_team,IT-001,accepted_first_attempt
EVT-0002114,TKT-00213,2026-02-19T07:57:00,ticket_submitted,customer,CUST-003,channel=phone
EVT-0002115,TKT-00213,2026-02-19T10:25:47,ticket_triaged,it_team,IT-006,category=password_reset; priority=low
EVT-0002116,TKT-00213,2026-02-19T10:36:34,faq_checked,it_team,IT-006,match=True; confidence=0.86
EVT-0002117,TKT-00213,2026-02-19T11:39:45,faq_response_drafted,it_team,IT-006,""
EVT-0002118,TKT-00213,2026-02-19T11:48:42,faq_response_sent,it_team,IT-006,""
EVT-0002119,TKT-00213,2026-02-21T12:26:40,customer_resolution_accepted,customer,CUST-003,""
EVT-0002120,TKT-00213,2026-02-21T13:43:35,ticket_closed,it_team,IT-006,accepted_first_attempt
EVT-0002121,TKT-00214,2026-02-04T02:24:00,ticket_submitted,customer,CUST-007,channel=portal
EVT-0002122,TKT-00214,2026-02-04T04:56:45,ticket_triaged,it_team,IT-006,category=network_connectivity; priority=medium
EVT-0002123,TKT-00214,2026-02-04T05:13:55,faq_checked,it_team,IT-006,match=True; confidence=0.74
EVT-0002124,TKT-00214,2026-02-04T05:32:54,faq_response_drafted,it_team,IT-006,""
EVT-0002125,TKT-00214,2026-02-04T05:56:19,faq_response_sent,it_team,IT-006,""
EVT-0002126,TKT-00214,2026-02-04T20:07:28,customer_resolution_accepted,customer,CUST-007,""
EVT-0002127,TKT-00214,2026-02-04T21:30:19,ticket_closed,it_team,IT-006,accepted_first_attempt
EVT-0002128,TKT-00215,2026-03-10T19:53:00,ticket_submitted,customer,CUST-016,channel=email
EVT-0002129,TKT-00215,2026-03-11T00:09:59,ticket_triaged,it_team,IT-004,category=software_bug; priority=medium
EVT-0002130,TKT-00215,2026-03-11T01:22:03,faq_checked,it_team,IT-004,match=False; confidence=0.06
EVT-0002131,TKT-00215,2026-03-11T02:23:47,ticket_escalated,it_team,IT-004,to specialist SP-008; missing_info=False
EVT-0002132,TKT-00215,2026-03-11T05:03:14,specialist_investigation_started,it_specialist,SP-008,""
EVT-0002133,TKT-00215,2026-03-14T22:22:14,specialist_solution_created,it_specialist,SP-008,root_cause=Race condition in background sync job
EVT-0002134,TKT-00215,2026-03-14T23:15:08,specialist_response_drafted,it_team,IT-004,""
EVT-0002135,TKT-00215,2026-03-14T23:42:53,specialist_response_sent,it_team,IT-004,""
EVT-0002136,TKT-00215,2026-03-16T06:43:22,customer_resolution_rejected,customer,CUST-016,Need different approach
EVT-0002137,TKT-00215,2026-03-16T09:06:38,rejection_verified,it_team,IT-004,""
EVT-0002138,TKT-00215,2026-03-16T09:49:16,ticket_reopened,it_team,IT-004,""
EVT-0002139,TKT-00215,2026-03-16T11:13:48,ticket_escalated,it_team,IT-004,to specialist SP-008; reopen=True
EVT-0002140,TKT-00215,2026-03-16T12:15:31,specialist_investigation_started,it_specialist,SP-008,post_reopen
EVT-0002141,TKT-00215,2026-03-17T12:27:27,specialist_solution_created,it_specialist,SP-008,post_reopen
EVT-0002142,TKT-00215,2026-03-17T13:20:10,specialist_response_drafted,it_team,IT-004,post_reopen
EVT-0002143,TKT-00215,2026-03-17T13:38:49,specialist_response_sent,it_team,IT-004,post_reopen
EVT-0002144,TKT-00215,2026-03-19T14:05:12,customer_resolution_rejected,customer,CUST-016,post_reopen
EVT-0002145,TKT-00215,2026-03-19T15:46:31,ticket_closed,it_team,IT-004,closed_unresolved_after_reopen
EVT-0002146,TKT-00216,2026-02-16T12:58:00,ticket_submitted,customer,CUST-002,channel=portal
EVT-0002147,TKT-00216,2026-02-16T17:34:11,ticket_triaged,it_team,IT-005,category=email_calendar; priority=medium
EVT-0002148,TKT-00216,2026-02-16T19:19:46,faq_checked,it_team,IT-005,match=True; confidence=0.72
EVT-0002149,TKT-00216,2026-02-16T20:23:53,faq_response_drafted,it_team,IT-005,""
EVT-0002150,TKT-00216,2026-02-16T20:44:26,faq_response_sent,it_team,IT-005,""
EVT-0002151,TKT-00216,2026-02-17T01:44:03,customer_resolution_accepted,customer,CUST-002,""
EVT-0002152,TKT-00216,2026-02-17T03:26:01,ticket_closed,it_team,IT-005,accepted_first_attempt
EVT-0002153,TKT-00217,2026-03-28T08:47:00,ticket_submitted,customer,CUST-008,channel=email
EVT-0002154,TKT-00217,2026-03-28T10:06:31,ticket_triaged,it_team,IT-004,category=password_reset; priority=medium
EVT-0002155,TKT-00217,2026-03-28T10:36:28,faq_checked,it_team,IT-004,match=True; confidence=0.78
EVT-0002156,TKT-00217,2026-03-28T11:49:53,faq_response_drafted,it_team,IT-004,""
EVT-0002157,TKT-00217,2026-03-28T12:26:09,faq_response_sent,it_team,IT-004,""
EVT-0002158,TKT-00217,2026-03-29T00:29:13,customer_resolution_accepted,customer,CUST-008,""
EVT-0002159,TKT-00217,2026-03-29T01:36:20,ticket_closed,it_team,IT-004,accepted_first_attempt
EVT-0002160,TKT-00218,2026-03-12T23:54:00,ticket_submitted,customer,CUST-005,channel=portal
EVT-0002161,TKT-00218,2026-03-13T02:03:21,ticket_triaged,it_team,IT-007,category=login_access; priority=medium
EVT-0002162,TKT-00218,2026-03-13T03:00:38,faq_checked,it_team,IT-007,match=False; confidence=0.32
EVT-0002163,TKT-00218,2026-03-13T03:57:44,ticket_escalated,it_team,IT-007,to specialist SP-006; missing_info=False
EVT-0002164,TKT-00218,2026-03-13T06:31:49,specialist_investigation_started,it_specialist,SP-006,""
EVT-0002165,TKT-00218,2026-03-13T10:25:16,specialist_solution_created,it_specialist,SP-006,root_cause=Permission cache out of sync between SSO and target system
EVT-0002166,TKT-00218,2026-03-13T11:00:39,specialist_response_drafted,it_team,IT-007,""
EVT-0002167,TKT-00218,2026-03-13T11:19:10,specialist_response_sent,it_team,IT-007,""
EVT-0002168,TKT-00218,2026-03-14T13:46:03,customer_resolution_rejected,customer,CUST-005,Solution applied but symptom persists
EVT-0002169,TKT-00218,2026-03-14T15:08:10,rejection_verified,it_team,IT-007,""
EVT-0002170,TKT-00218,2026-03-14T16:40:19,ticket_reopened,it_team,IT-007,""
EVT-0002171,TKT-00218,2026-03-14T18:23:36,ticket_escalated,it_team,IT-007,to specialist SP-002; reopen=True
EVT-0002172,TKT-00218,2026-03-14T21:18:37,specialist_investigation_started,it_specialist,SP-002,post_reopen
EVT-0002173,TKT-00218,2026-03-15T01:29:43,specialist_solution_created,it_specialist,SP-002,post_reopen
EVT-0002174,TKT-00218,2026-03-15T02:54:07,specialist_response_drafted,it_team,IT-007,post_reopen
EVT-0002175,TKT-00218,2026-03-15T03:33:06,specialist_response_sent,it_team,IT-007,post_reopen
EVT-0002176,TKT-00218,2026-03-17T12:20:27,customer_resolution_accepted,customer,CUST-005,post_reopen
EVT-0002177,TKT-00218,2026-03-17T12:52:24,ticket_closed,it_team,IT-007,accepted_after_reopen
EVT-0002178,TKT-00219,2026-03-26T22:47:00,ticket_submitted,customer,CUST-009,channel=portal
EVT-0002179,TKT-00219,2026-03-27T03:32:27,ticket_triaged,it_team,IT-005,category=security_request; priority=medium
EVT-0002180,TKT-00219,2026-03-27T04:13:35,faq_checked,it_team,IT-005,match=True; confidence=0.89
EVT-0002181,TKT-00219,2026-03-27T04:48:10,faq_response_drafted,it_team,IT-005,""
EVT-0002182,TKT-00219,2026-03-27T05:20:46,faq_response_sent,it_team,IT-005,""
EVT-0002183,TKT-00219,2026-03-28T16:50:31,customer_resolution_accepted,customer,CUST-009,""
EVT-0002184,TKT-00219,2026-03-28T17:43:05,ticket_closed,it_team,IT-005,accepted_first_attempt
EVT-0002185,TKT-00220,2026-02-22T14:20:00,ticket_submitted,customer,CUST-004,channel=phone
EVT-0002186,TKT-00220,2026-02-22T18:33:10,ticket_triaged,it_team,IT-001,category=network_connectivity; priority=high
EVT-0002187,TKT-00220,2026-02-22T19:03:33,faq_checked,it_team,IT-001,match=False; confidence=0.08
EVT-0002188,TKT-00220,2026-02-22T20:28:46,ticket_escalated,it_team,IT-001,to specialist SP-009; missing_info=False
EVT-0002189,TKT-00220,2026-02-22T23:18:56,specialist_investigation_started,it_specialist,SP-009,""
EVT-0002190,TKT-00220,2026-02-23T11:28:27,specialist_solution_created,it_specialist,SP-009,root_cause=Misconfigured route on regional gateway
EVT-0002191,TKT-00220,2026-02-23T12:19:10,specialist_response_drafted,it_team,IT-001,""
EVT-0002192,TKT-00220,2026-02-23T12:47:55,specialist_response_sent,it_team,IT-001,""
EVT-0002193,TKT-00220,2026-02-25T10:56:03,customer_resolution_accepted,customer,CUST-004,""
EVT-0002194,TKT-00220,2026-02-25T12:07:02,ticket_closed,it_team,IT-001,accepted_first_attempt
EVT-0002195,TKT-00221,2026-03-04T12:36:00,ticket_submitted,customer,CUST-004,channel=portal
EVT-0002196,TKT-00221,2026-03-04T17:52:53,ticket_triaged,it_team,IT-003,category=hardware_issue; priority=high
EVT-0002197,TKT-00221,2026-03-04T18:06:47,faq_checked,it_team,IT-003,match=False; confidence=0.45
EVT-0002198,TKT-00221,2026-03-04T18:41:28,ticket_escalated,it_team,IT-003,to specialist SP-001; missing_info=False
EVT-0002199,TKT-00221,2026-03-04T20:32:25,specialist_investigation_started,it_specialist,SP-001,""
EVT-0002200,TKT-00221,2026-03-05T17:05:44,specialist_solution_created,it_specialist,SP-001,root_cause=Driver mismatch with current OS image
EVT-0002201,TKT-00221,2026-03-05T18:11:49,specialist_response_drafted,it_team,IT-003,""
EVT-0002202,TKT-00221,2026-03-05T18:29:31,specialist_response_sent,it_team,IT-003,""
EVT-0002203,TKT-00221,2026-03-05T23:13:32,customer_resolution_accepted,customer,CUST-004,""
EVT-0002204,TKT-00221,2026-03-06T00:17:50,ticket_closed,it_team,IT-003,accepted_first_attempt
EVT-0002205,TKT-00222,2026-01-21T09:49:00,ticket_submitted,customer,CUST-010,channel=portal
EVT-0002206,TKT-00222,2026-01-21T10:06:47,ticket_triaged,it_team,IT-007,category=login_access; priority=medium
EVT-0002207,TKT-00222,2026-01-21T10:16:32,faq_checked,it_team,IT-007,match=True; confidence=0.81
EVT-0002208,TKT-00222,2026-01-21T10:26:59,faq_response_drafted,it_team,IT-007,""
EVT-0002209,TKT-00222,2026-01-21T11:00:07,faq_response_sent,it_team,IT-007,""
EVT-0002210,TKT-00222,2026-01-22T01:09:41,customer_resolution_accepted,customer,CUST-010,""
EVT-0002211,TKT-00222,2026-01-22T01:20:27,ticket_closed,it_team,IT-007,accepted_first_attempt
EVT-0002212,TKT-00223,2026-02-15T23:03:00,ticket_submitted,customer,CUST-013,channel=portal
EVT-0002213,TKT-00223,2026-02-16T01:00:38,ticket_triaged,it_team,IT-002,category=software_bug; priority=medium
EVT-0002214,TKT-00223,2026-02-16T02:15:31,faq_checked,it_team,IT-002,match=False; confidence=0.21
EVT-0002215,TKT-00223,2026-02-16T02:35:55,ticket_escalated,it_team,IT-002,to specialist SP-008; missing_info=False
EVT-0002216,TKT-00223,2026-02-16T05:28:48,specialist_investigation_started,it_specialist,SP-008,""
EVT-0002217,TKT-00223,2026-02-18T01:16:53,specialist_solution_created,it_specialist,SP-008,root_cause=Race condition in background sync job
EVT-0002218,TKT-00223,2026-02-18T01:50:59,specialist_response_drafted,it_team,IT-002,""
EVT-0002219,TKT-00223,2026-02-18T02:07:56,specialist_response_sent,it_team,IT-002,""
EVT-0002220,TKT-00223,2026-02-20T10:30:31,customer_resolution_accepted,customer,CUST-013,""
EVT-0002221,TKT-00223,2026-02-20T12:21:56,ticket_closed,it_team,IT-002,accepted_first_attempt
EVT-0002222,TKT-00224,2026-01-27T04:12:00,ticket_submitted,customer,CUST-018,channel=portal
EVT-0002223,TKT-00224,2026-01-27T08:20:53,ticket_triaged,it_team,IT-003,category=password_reset; priority=medium
EVT-0002224,TKT-00224,2026-01-27T10:02:14,faq_checked,it_team,IT-003,match=True; confidence=0.89
EVT-0002225,TKT-00224,2026-01-27T11:09:12,faq_response_drafted,it_team,IT-003,""
EVT-0002226,TKT-00224,2026-01-27T11:40:41,faq_response_sent,it_team,IT-003,""
EVT-0002227,TKT-00224,2026-01-29T13:26:30,customer_resolution_accepted,customer,CUST-018,""
EVT-0002228,TKT-00224,2026-01-29T15:17:23,ticket_closed,it_team,IT-003,accepted_first_attempt
EVT-0002229,TKT-00225,2026-02-04T16:10:00,ticket_submitted,customer,CUST-003,channel=email
EVT-0002230,TKT-00225,2026-02-04T19:31:13,ticket_triaged,it_team,IT-003,category=password_reset; priority=medium
EVT-0002231,TKT-00225,2026-02-04T21:19:54,faq_checked,it_team,IT-003,match=True; confidence=0.89
EVT-0002232,TKT-00225,2026-02-04T21:32:45,faq_response_drafted,it_team,IT-003,""
EVT-0002233,TKT-00225,2026-02-04T21:43:31,faq_response_sent,it_team,IT-003,""
EVT-0002234,TKT-00225,2026-02-05T03:20:50,customer_resolution_accepted,customer,CUST-003,""
EVT-0002235,TKT-00225,2026-02-05T05:06:05,ticket_closed,it_team,IT-003,accepted_first_attempt
EVT-0002236,TKT-00226,2026-03-21T21:39:00,ticket_submitted,customer,CUST-016,channel=portal
EVT-0002237,TKT-00226,2026-03-22T03:23:58,ticket_triaged,it_team,IT-006,category=hardware_issue; priority=low
EVT-0002238,TKT-00226,2026-03-22T04:42:25,faq_checked,it_team,IT-006,match=True; confidence=0.93
EVT-0002239,TKT-00226,2026-03-22T05:46:17,faq_response_drafted,it_team,IT-006,""
EVT-0002240,TKT-00226,2026-03-22T06:03:58,faq_response_sent,it_team,IT-006,""
EVT-0002241,TKT-00226,2026-03-23T05:47:27,customer_resolution_accepted,customer,CUST-016,""
EVT-0002242,TKT-00226,2026-03-23T06:56:49,ticket_closed,it_team,IT-006,accepted_first_attempt
EVT-0002243,TKT-00227,2026-01-29T06:55:00,ticket_submitted,customer,CUST-002,channel=portal
EVT-0002244,TKT-00227,2026-01-29T09:19:34,ticket_triaged,it_team,IT-004,category=email_calendar; priority=high
EVT-0002245,TKT-00227,2026-01-29T09:57:31,faq_checked,it_team,IT-004,match=True; confidence=0.68
EVT-0002246,TKT-00227,2026-01-29T10:22:17,faq_response_drafted,it_team,IT-004,""
EVT-0002247,TKT-00227,2026-01-29T10:35:01,faq_response_sent,it_team,IT-004,""
EVT-0002248,TKT-00227,2026-01-31T22:20:34,customer_resolution_accepted,customer,CUST-002,""
EVT-0002249,TKT-00227,2026-01-31T23:50:57,ticket_closed,it_team,IT-004,accepted_first_attempt
EVT-0002250,TKT-00228,2026-03-18T07:37:00,ticket_submitted,customer,CUST-012,channel=portal
EVT-0002251,TKT-00228,2026-03-18T08:28:48,ticket_triaged,it_team,IT-003,category=login_access; priority=medium
EVT-0002252,TKT-00228,2026-03-18T09:25:06,faq_checked,it_team,IT-003,match=False; confidence=0.33
EVT-0002253,TKT-00228,2026-03-18T10:21:16,ticket_escalated,it_team,IT-003,to specialist SP-002; missing_info=True
EVT-0002254,TKT-00228,2026-03-18T14:57:04,specialist_investigation_started,it_specialist,SP-002,""
EVT-0002255,TKT-00228,2026-03-19T02:23:56,specialist_solution_created,it_specialist,SP-002,root_cause=Permission cache out of sync between SSO and target system
EVT-0002256,TKT-00228,2026-03-19T03:17:43,specialist_response_drafted,it_team,IT-003,""
EVT-0002257,TKT-00228,2026-03-19T03:45:04,specialist_response_sent,it_team,IT-003,""
EVT-0002258,TKT-00228,2026-03-20T15:35:05,customer_resolution_accepted,customer,CUST-012,""
EVT-0002259,TKT-00228,2026-03-20T15:42:19,ticket_closed,it_team,IT-003,accepted_first_attempt
EVT-0002260,TKT-00229,2026-02-13T18:05:00,ticket_submitted,customer,CUST-012,channel=portal
EVT-0002261,TKT-00229,2026-02-13T18:28:46,ticket_triaged,it_team,IT-001,category=network_connectivity; priority=medium
EVT-0002262,TKT-00229,2026-02-13T19:40:55,faq_checked,it_team,IT-001,match=True; confidence=0.97
EVT-0002263,TKT-00229,2026-02-13T20:16:47,ticket_escalated,it_team,IT-001,to specialist SP-004; missing_info=False
EVT-0002264,TKT-00229,2026-02-14T00:39:55,specialist_investigation_started,it_specialist,SP-004,""
EVT-0002265,TKT-00229,2026-02-14T21:02:52,specialist_solution_created,it_specialist,SP-004,root_cause=Misconfigured route on regional gateway
EVT-0002266,TKT-00229,2026-02-14T21:40:18,specialist_response_drafted,it_team,IT-001,""
EVT-0002267,TKT-00229,2026-02-14T22:20:19,specialist_response_sent,it_team,IT-001,""
EVT-0002268,TKT-00229,2026-02-16T19:33:02,customer_resolution_accepted,customer,CUST-012,""
EVT-0002269,TKT-00229,2026-02-16T20:22:48,ticket_closed,it_team,IT-001,accepted_first_attempt
EVT-0002270,TKT-00230,2026-02-08T08:38:00,ticket_submitted,customer,CUST-001,channel=email
EVT-0002271,TKT-00230,2026-02-08T11:02:24,ticket_triaged,it_team,IT-003,category=billing_account; priority=medium
EVT-0002272,TKT-00230,2026-02-08T11:48:20,faq_checked,it_team,IT-003,match=False; confidence=0.4
EVT-0002273,TKT-00230,2026-02-08T12:18:33,ticket_escalated,it_team,IT-003,to specialist SP-010; missing_info=False
EVT-0002274,TKT-00230,2026-02-08T17:37:24,specialist_investigation_started,it_specialist,SP-010,""
EVT-0002275,TKT-00230,2026-02-09T02:49:06,specialist_solution_created,it_specialist,SP-010,root_cause=Tax engine using stale region cache
EVT-0002276,TKT-00230,2026-02-09T03:29:28,specialist_response_drafted,it_team,IT-003,""
EVT-0002277,TKT-00230,2026-02-09T04:10:04,specialist_response_sent,it_team,IT-003,""
EVT-0002278,TKT-00230,2026-02-11T06:28:41,customer_resolution_rejected,customer,CUST-001,Issue recurred after a few hours
EVT-0002279,TKT-00230,2026-02-11T09:04:16,rejection_verified,it_team,IT-003,""
EVT-0002280,TKT-00230,2026-02-11T09:59:15,ticket_reopened,it_team,IT-003,""
EVT-0002281,TKT-00230,2026-02-11T11:32:20,ticket_escalated,it_team,IT-003,to specialist SP-010; reopen=True
EVT-0002282,TKT-00230,2026-02-11T13:17:45,specialist_investigation_started,it_specialist,SP-010,post_reopen
EVT-0002283,TKT-00230,2026-02-11T14:53:11,specialist_solution_created,it_specialist,SP-010,post_reopen
EVT-0002284,TKT-00230,2026-02-11T15:20:31,specialist_response_drafted,it_team,IT-003,post_reopen
EVT-0002285,TKT-00230,2026-02-11T15:34:17,specialist_response_sent,it_team,IT-003,post_reopen
EVT-0002286,TKT-00230,2026-02-14T00:22:42,customer_resolution_accepted,customer,CUST-001,post_reopen
EVT-0002287,TKT-00230,2026-02-14T02:16:22,ticket_closed,it_team,IT-003,accepted_after_reopen
EVT-0002288,TKT-00231,2026-03-05T01:51:00,ticket_submitted,customer,CUST-005,channel=portal
EVT-0002289,TKT-00231,2026-03-05T06:58:56,ticket_triaged,it_team,IT-008,category=billing_account; priority=medium
EVT-0002290,TKT-00231,2026-03-05T07:48:44,faq_checked,it_team,IT-008,match=False; confidence=0.29
EVT-0002291,TKT-00231,2026-03-05T08:36:05,ticket_escalated,it_team,IT-008,to specialist SP-010; missing_info=False
EVT-0002292,TKT-00231,2026-03-05T10:52:52,specialist_investigation_started,it_specialist,SP-010,""
EVT-0002293,TKT-00231,2026-03-05T15:37:40,specialist_solution_created,it_specialist,SP-010,root_cause=Tax engine using stale region cache
EVT-0002294,TKT-00231,2026-03-05T16:56:00,specialist_response_drafted,it_team,IT-008,""
EVT-0002295,TKT-00231,2026-03-05T17:04:46,specialist_response_sent,it_team,IT-008,""
EVT-0002296,TKT-00231,2026-03-07T23:23:29,customer_resolution_rejected,customer,CUST-005,Solution applied but symptom persists
EVT-0002297,TKT-00231,2026-03-08T01:33:32,rejection_verified,it_team,IT-008,""
EVT-0002298,TKT-00231,2026-03-08T02:53:59,ticket_reopened,it_team,IT-008,""
EVT-0002299,TKT-00231,2026-03-08T03:13:35,ticket_escalated,it_team,IT-008,to specialist SP-010; reopen=True
EVT-0002300,TKT-00231,2026-03-08T06:02:19,specialist_investigation_started,it_specialist,SP-010,post_reopen
EVT-0002301,TKT-00231,2026-03-08T20:29:50,specialist_solution_created,it_specialist,SP-010,post_reopen
EVT-0002302,TKT-00231,2026-03-08T21:56:45,specialist_response_drafted,it_team,IT-008,post_reopen
EVT-0002303,TKT-00231,2026-03-08T22:31:37,specialist_response_sent,it_team,IT-008,post_reopen
EVT-0002304,TKT-00231,2026-03-10T08:56:22,customer_resolution_rejected,customer,CUST-005,post_reopen
EVT-0002305,TKT-00231,2026-03-10T14:04:14,ticket_closed,it_team,IT-008,closed_unresolved_after_reopen
EVT-0002306,TKT-00232,2026-03-02T16:21:00,ticket_submitted,customer,CUST-014,channel=phone
EVT-0002307,TKT-00232,2026-03-02T18:52:14,ticket_triaged,it_team,IT-005,category=other; priority=medium
EVT-0002308,TKT-00232,2026-03-02T20:36:39,faq_checked,it_team,IT-005,match=False; confidence=0.25
EVT-0002309,TKT-00232,2026-03-02T20:53:41,ticket_escalated,it_team,IT-005,to specialist SP-008; missing_info=False
EVT-0002310,TKT-00232,2026-03-02T23:20:54,specialist_investigation_started,it_specialist,SP-008,""
EVT-0002311,TKT-00232,2026-03-06T02:59:52,specialist_solution_created,it_specialist,SP-008,root_cause=Cross-team request requiring case-by-case handling
EVT-0002312,TKT-00232,2026-03-06T04:10:50,specialist_response_drafted,it_team,IT-005,""
EVT-0002313,TKT-00232,2026-03-06T04:38:01,specialist_response_sent,it_team,IT-005,""
EVT-0002314,TKT-00232,2026-03-06T17:52:44,customer_resolution_accepted,customer,CUST-014,""
EVT-0002315,TKT-00232,2026-03-06T18:31:03,ticket_closed,it_team,IT-005,accepted_first_attempt
EVT-0002316,TKT-00233,2026-01-27T07:23:00,ticket_submitted,customer,CUST-016,channel=portal
EVT-0002317,TKT-00233,2026-01-27T08:25:25,ticket_triaged,it_team,IT-001,category=password_reset; priority=low
EVT-0002318,TKT-00233,2026-01-27T09:24:18,faq_checked,it_team,IT-001,match=True; confidence=0.72
EVT-0002319,TKT-00233,2026-01-27T09:50:02,faq_response_drafted,it_team,IT-001,""
EVT-0002320,TKT-00233,2026-01-27T10:21:18,faq_response_sent,it_team,IT-001,""
EVT-0002321,TKT-00233,2026-01-29T12:42:10,customer_resolution_accepted,customer,CUST-016,""
EVT-0002322,TKT-00233,2026-01-29T13:29:56,ticket_closed,it_team,IT-001,accepted_first_attempt
EVT-0002323,TKT-00234,2026-03-19T09:14:00,ticket_submitted,customer,CUST-003,channel=portal
EVT-0002324,TKT-00234,2026-03-19T11:48:39,ticket_triaged,it_team,IT-001,category=security_request; priority=high
EVT-0002325,TKT-00234,2026-03-19T12:56:36,faq_checked,it_team,IT-001,match=False; confidence=0.1
EVT-0002326,TKT-00234,2026-03-19T13:21:01,ticket_escalated,it_team,IT-001,to specialist SP-006; missing_info=False
EVT-0002327,TKT-00234,2026-03-19T15:07:00,specialist_investigation_started,it_specialist,SP-006,""
EVT-0002328,TKT-00234,2026-03-21T15:30:49,specialist_solution_created,it_specialist,SP-006,root_cause=Manual access review required for sensitive role
EVT-0002329,TKT-00234,2026-03-21T15:51:17,specialist_response_drafted,it_team,IT-001,""
EVT-0002330,TKT-00234,2026-03-21T15:54:50,specialist_response_sent,it_team,IT-001,""
EVT-0002331,TKT-00234,2026-03-23T01:37:24,customer_resolution_accepted,customer,CUST-003,""
EVT-0002332,TKT-00234,2026-03-23T03:20:27,ticket_closed,it_team,IT-001,accepted_first_attempt
EVT-0002333,TKT-00235,2026-02-02T19:38:00,ticket_submitted,customer,CUST-013,channel=portal
EVT-0002334,TKT-00235,2026-02-02T23:53:52,ticket_triaged,it_team,IT-002,category=security_request; priority=high
EVT-0002335,TKT-00235,2026-02-03T00:10:37,faq_checked,it_team,IT-002,match=False; confidence=0.2
EVT-0002336,TKT-00235,2026-02-03T01:13:24,ticket_escalated,it_team,IT-002,to specialist SP-002; missing_info=False
EVT-0002337,TKT-00235,2026-02-03T02:16:03,specialist_investigation_started,it_specialist,SP-002,""
EVT-0002338,TKT-00235,2026-02-04T06:58:55,specialist_solution_created,it_specialist,SP-002,root_cause=Manual access review required for sensitive role
EVT-0002339,TKT-00235,2026-02-04T07:16:10,specialist_response_drafted,it_team,IT-002,""
EVT-0002340,TKT-00235,2026-02-04T08:00:58,specialist_response_sent,it_team,IT-002,""
EVT-0002341,TKT-00235,2026-02-05T20:02:17,customer_resolution_rejected,customer,CUST-013,Steps did not resolve the issue
EVT-0002342,TKT-00235,2026-02-05T21:19:23,rejection_verified,it_team,IT-002,""
EVT-0002343,TKT-00235,2026-02-05T22:02:28,ticket_reopened,it_team,IT-002,""
EVT-0002344,TKT-00235,2026-02-05T23:51:58,ticket_escalated,it_team,IT-002,to specialist SP-006; reopen=True
EVT-0002345,TKT-00235,2026-02-06T02:20:41,specialist_investigation_started,it_specialist,SP-006,post_reopen
EVT-0002346,TKT-00235,2026-02-08T01:24:44,specialist_solution_created,it_specialist,SP-006,post_reopen
EVT-0002347,TKT-00235,2026-02-08T02:16:27,specialist_response_drafted,it_team,IT-002,post_reopen
EVT-0002348,TKT-00235,2026-02-08T02:59:57,specialist_response_sent,it_team,IT-002,post_reopen
EVT-0002349,TKT-00235,2026-02-10T01:50:49,customer_resolution_accepted,customer,CUST-013,post_reopen
EVT-0002350,TKT-00235,2026-02-10T02:09:22,ticket_closed,it_team,IT-002,accepted_after_reopen
EVT-0002351,TKT-00236,2026-03-15T01:43:00,ticket_submitted,customer,CUST-006,channel=phone
EVT-0002352,TKT-00236,2026-03-15T07:27:32,ticket_triaged,it_team,IT-008,category=password_reset; priority=medium
EVT-0002353,TKT-00236,2026-03-15T08:34:49,faq_checked,it_team,IT-008,match=True; confidence=0.86
EVT-0002354,TKT-00236,2026-03-15T09:38:30,faq_response_drafted,it_team,IT-008,""
EVT-0002355,TKT-00236,2026-03-15T09:47:09,faq_response_sent,it_team,IT-008,""
EVT-0002356,TKT-00236,2026-03-16T17:57:10,customer_resolution_accepted,customer,CUST-006,""
EVT-0002357,TKT-00236,2026-03-16T19:31:44,ticket_closed,it_team,IT-008,accepted_first_attempt
EVT-0002358,TKT-00237,2026-02-27T16:42:00,ticket_submitted,customer,CUST-017,channel=portal
EVT-0002359,TKT-00237,2026-02-27T22:05:11,ticket_triaged,it_team,IT-002,category=software_bug; priority=medium
EVT-0002360,TKT-00237,2026-02-27T23:59:32,faq_checked,it_team,IT-002,match=True; confidence=0.75
EVT-0002361,TKT-00237,2026-02-28T00:22:24,faq_response_drafted,it_team,IT-002,""
EVT-0002362,TKT-00237,2026-02-28T00:57:33,faq_response_sent,it_team,IT-002,""
EVT-0002363,TKT-00237,2026-02-28T15:37:15,customer_resolution_rejected,customer,CUST-017,Issue recurred after a few hours
EVT-0002364,TKT-00237,2026-02-28T16:51:28,rejection_verified,it_team,IT-002,""
EVT-0002365,TKT-00237,2026-02-28T18:31:31,ticket_reopened,it_team,IT-002,""
EVT-0002366,TKT-00237,2026-02-28T20:17:27,ticket_escalated,it_team,IT-002,to specialist SP-008; reopen=True
EVT-0002367,TKT-00237,2026-02-28T21:53:15,specialist_investigation_started,it_specialist,SP-008,post_reopen
EVT-0002368,TKT-00237,2026-03-01T11:24:20,specialist_solution_created,it_specialist,SP-008,post_reopen
EVT-0002369,TKT-00237,2026-03-01T12:08:08,specialist_response_drafted,it_team,IT-002,post_reopen
EVT-0002370,TKT-00237,2026-03-01T12:36:58,specialist_response_sent,it_team,IT-002,post_reopen
EVT-0002371,TKT-00237,2026-03-02T08:17:24,customer_resolution_accepted,customer,CUST-017,post_reopen
EVT-0002372,TKT-00237,2026-03-02T08:43:16,ticket_closed,it_team,IT-002,accepted_after_reopen
EVT-0002373,TKT-00238,2026-03-06T00:45:00,ticket_submitted,customer,CUST-011,channel=phone
EVT-0002374,TKT-00238,2026-03-06T04:43:22,ticket_triaged,it_team,IT-008,category=network_connectivity; priority=medium
EVT-0002375,TKT-00238,2026-03-06T05:33:42,faq_checked,it_team,IT-008,match=False; confidence=0.14
EVT-0002376,TKT-00238,2026-03-06T06:34:47,ticket_escalated,it_team,IT-008,to specialist SP-009; missing_info=False
EVT-0002377,TKT-00238,2026-03-06T09:58:32,specialist_investigation_started,it_specialist,SP-009,""
EVT-0002378,TKT-00238,2026-03-06T14:47:13,specialist_solution_created,it_specialist,SP-009,root_cause=Misconfigured route on regional gateway
EVT-0002379,TKT-00238,2026-03-06T15:18:18,specialist_response_drafted,it_team,IT-008,""
EVT-0002380,TKT-00238,2026-03-06T15:53:49,specialist_response_sent,it_team,IT-008,""
EVT-0002381,TKT-00238,2026-03-08T15:25:41,customer_resolution_accepted,customer,CUST-011,""
EVT-0002382,TKT-00238,2026-03-08T16:29:25,ticket_closed,it_team,IT-008,accepted_first_attempt
EVT-0002383,TKT-00239,2026-02-11T19:36:00,ticket_submitted,customer,CUST-013,channel=phone
EVT-0002384,TKT-00239,2026-02-11T22:34:05,ticket_triaged,it_team,IT-004,category=data_reporting; priority=medium
EVT-0002385,TKT-00239,2026-02-11T22:53:38,faq_checked,it_team,IT-004,match=True; confidence=0.75
EVT-0002386,TKT-00239,2026-02-12T00:18:29,faq_response_drafted,it_team,IT-004,""
EVT-0002387,TKT-00239,2026-02-12T00:47:04,faq_response_sent,it_team,IT-004,""
EVT-0002388,TKT-00239,2026-02-13T08:45:48,customer_resolution_accepted,customer,CUST-013,""
EVT-0002389,TKT-00239,2026-02-13T10:13:32,ticket_closed,it_team,IT-004,accepted_first_attempt
EVT-0002390,TKT-00240,2026-02-18T05:55:00,ticket_submitted,customer,CUST-009,channel=email
EVT-0002391,TKT-00240,2026-02-18T08:30:40,ticket_triaged,it_team,IT-005,category=login_access; priority=medium
EVT-0002392,TKT-00240,2026-02-18T10:09:24,faq_checked,it_team,IT-005,match=True; confidence=0.71
EVT-0002393,TKT-00240,2026-02-18T10:26:20,faq_response_drafted,it_team,IT-005,""
EVT-0002394,TKT-00240,2026-02-18T10:53:49,faq_response_sent,it_team,IT-005,""
EVT-0002395,TKT-00240,2026-02-20T16:36:16,customer_resolution_accepted,customer,CUST-009,""
EVT-0002396,TKT-00240,2026-02-20T17:08:44,ticket_closed,it_team,IT-005,accepted_first_attempt
EVT-0002397,TKT-00241,2026-02-17T17:21:00,ticket_submitted,customer,CUST-017,channel=portal
EVT-0002398,TKT-00241,2026-02-17T19:31:34,ticket_triaged,it_team,IT-005,category=login_access; priority=high
EVT-0002399,TKT-00241,2026-02-17T21:25:36,faq_checked,it_team,IT-005,match=False; confidence=0.09
EVT-0002400,TKT-00241,2026-02-17T21:59:58,ticket_escalated,it_team,IT-005,to specialist SP-006; missing_info=False
EVT-0002401,TKT-00241,2026-02-17T23:50:47,specialist_investigation_started,it_specialist,SP-006,""
EVT-0002402,TKT-00241,2026-02-18T05:21:30,specialist_solution_created,it_specialist,SP-006,root_cause=Permission cache out of sync between SSO and target system
EVT-0002403,TKT-00241,2026-02-18T06:20:29,specialist_response_drafted,it_team,IT-005,""
EVT-0002404,TKT-00241,2026-02-18T06:36:33,specialist_response_sent,it_team,IT-005,""
EVT-0002405,TKT-00241,2026-02-19T16:26:59,customer_resolution_accepted,customer,CUST-017,""
EVT-0002406,TKT-00241,2026-02-19T17:27:58,ticket_closed,it_team,IT-005,accepted_first_attempt
EVT-0002407,TKT-00242,2026-02-16T16:02:00,ticket_submitted,customer,CUST-016,channel=portal
EVT-0002408,TKT-00242,2026-02-16T18:06:57,ticket_triaged,it_team,IT-006,category=password_reset; priority=low
EVT-0002409,TKT-00242,2026-02-16T19:55:57,faq_checked,it_team,IT-006,match=True; confidence=0.83
EVT-0002410,TKT-00242,2026-02-16T20:46:17,faq_response_drafted,it_team,IT-006,""
EVT-0002411,TKT-00242,2026-02-16T21:23:52,faq_response_sent,it_team,IT-006,""
EVT-0002412,TKT-00242,2026-02-17T22:21:14,customer_resolution_accepted,customer,CUST-016,""
EVT-0002413,TKT-00242,2026-02-17T22:41:19,ticket_closed,it_team,IT-006,accepted_first_attempt
EVT-0002414,TKT-00243,2026-03-18T16:29:00,ticket_submitted,customer,CUST-003,channel=email
EVT-0002415,TKT-00243,2026-03-18T17:21:28,ticket_triaged,it_team,IT-003,category=password_reset; priority=low
EVT-0002416,TKT-00243,2026-03-18T17:44:13,faq_checked,it_team,IT-003,match=True; confidence=0.76
EVT-0002417,TKT-00243,2026-03-18T19:08:22,faq_response_drafted,it_team,IT-003,""
EVT-0002418,TKT-00243,2026-03-18T19:45:37,faq_response_sent,it_team,IT-003,""
EVT-0002419,TKT-00243,2026-03-21T06:19:49,customer_resolution_accepted,customer,CUST-003,""
EVT-0002420,TKT-00243,2026-03-21T07:44:11,ticket_closed,it_team,IT-003,accepted_first_attempt
EVT-0002421,TKT-00244,2026-01-25T07:21:00,ticket_submitted,customer,CUST-012,channel=email
EVT-0002422,TKT-00244,2026-01-25T07:45:28,ticket_triaged,it_team,IT-003,category=network_connectivity; priority=medium
EVT-0002423,TKT-00244,2026-01-25T08:09:46,faq_checked,it_team,IT-003,match=True; confidence=0.67
EVT-0002424,TKT-00244,2026-01-25T08:48:01,faq_response_drafted,it_team,IT-003,""
EVT-0002425,TKT-00244,2026-01-25T08:53:14,faq_response_sent,it_team,IT-003,""
EVT-0002426,TKT-00244,2026-01-27T05:39:45,customer_resolution_rejected,customer,CUST-012,Steps did not resolve the issue
EVT-0002427,TKT-00244,2026-01-27T09:12:21,rejection_verified,it_team,IT-003,""
EVT-0002428,TKT-00244,2026-01-27T11:02:26,ticket_reopened,it_team,IT-003,""
EVT-0002429,TKT-00244,2026-01-27T12:11:32,ticket_escalated,it_team,IT-003,to specialist SP-009; reopen=True
EVT-0002430,TKT-00244,2026-01-27T15:25:08,specialist_investigation_started,it_specialist,SP-009,post_reopen
EVT-0002431,TKT-00244,2026-01-28T05:34:54,specialist_solution_created,it_specialist,SP-009,post_reopen
EVT-0002432,TKT-00244,2026-01-28T05:57:16,specialist_response_drafted,it_team,IT-003,post_reopen
EVT-0002433,TKT-00244,2026-01-28T06:18:26,specialist_response_sent,it_team,IT-003,post_reopen
EVT-0002434,TKT-00244,2026-01-29T22:12:58,customer_resolution_accepted,customer,CUST-012,post_reopen
EVT-0002435,TKT-00244,2026-01-29T23:35:59,ticket_closed,it_team,IT-003,accepted_after_reopen
EVT-0002436,TKT-00245,2026-03-27T09:52:00,ticket_submitted,customer,CUST-012,channel=email
EVT-0002437,TKT-00245,2026-03-27T12:06:33,ticket_triaged,it_team,IT-007,category=other; priority=low
EVT-0002438,TKT-00245,2026-03-27T12:48:26,faq_checked,it_team,IT-007,match=True; confidence=0.85
EVT-0002439,TKT-00245,2026-03-27T12:57:50,faq_response_drafted,it_team,IT-007,""
EVT-0002440,TKT-00245,2026-03-27T13:42:07,faq_response_sent,it_team,IT-007,""
EVT-0002441,TKT-00245,2026-03-28T06:30:07,customer_resolution_accepted,customer,CUST-012,""
EVT-0002442,TKT-00245,2026-03-28T07:02:09,ticket_closed,it_team,IT-007,accepted_first_attempt
EVT-0002443,TKT-00246,2026-01-15T12:57:00,ticket_submitted,customer,CUST-015,channel=email
EVT-0002444,TKT-00246,2026-01-15T17:05:57,ticket_triaged,it_team,IT-008,category=network_connectivity; priority=medium
EVT-0002445,TKT-00246,2026-01-15T18:51:06,faq_checked,it_team,IT-008,match=True; confidence=0.89
EVT-0002446,TKT-00246,2026-01-15T19:35:44,faq_response_drafted,it_team,IT-008,""
EVT-0002447,TKT-00246,2026-01-15T19:51:17,faq_response_sent,it_team,IT-008,""
EVT-0002448,TKT-00246,2026-01-16T14:49:11,customer_resolution_accepted,customer,CUST-015,""
EVT-0002449,TKT-00246,2026-01-16T16:16:17,ticket_closed,it_team,IT-008,accepted_first_attempt
EVT-0002450,TKT-00247,2026-03-19T21:24:00,ticket_submitted,customer,CUST-014,channel=portal
EVT-0002451,TKT-00247,2026-03-20T00:52:48,ticket_triaged,it_team,IT-001,category=billing_account; priority=high
EVT-0002452,TKT-00247,2026-03-20T01:27:05,faq_checked,it_team,IT-001,match=False; confidence=0.28
EVT-0002453,TKT-00247,2026-03-20T02:07:53,ticket_escalated,it_team,IT-001,to specialist SP-010; missing_info=False
EVT-0002454,TKT-00247,2026-03-20T06:42:14,specialist_investigation_started,it_specialist,SP-010,""
EVT-0002455,TKT-00247,2026-03-20T15:19:41,specialist_solution_created,it_specialist,SP-010,root_cause=Tax engine using stale region cache
EVT-0002456,TKT-00247,2026-03-20T15:51:18,specialist_response_drafted,it_team,IT-001,""
EVT-0002457,TKT-00247,2026-03-20T16:05:00,specialist_response_sent,it_team,IT-001,""
EVT-0002458,TKT-00247,2026-03-21T16:25:06,customer_resolution_accepted,customer,CUST-014,""
EVT-0002459,TKT-00247,2026-03-21T18:06:06,ticket_closed,it_team,IT-001,accepted_first_attempt
EVT-0002460,TKT-00248,2026-01-17T07:14:00,ticket_submitted,customer,CUST-011,channel=email
EVT-0002461,TKT-00248,2026-01-17T10:10:13,ticket_triaged,it_team,IT-007,category=billing_account; priority=high
EVT-0002462,TKT-00248,2026-01-17T10:55:32,faq_checked,it_team,IT-007,match=False; confidence=0.11
EVT-0002463,TKT-00248,2026-01-17T11:22:47,ticket_escalated,it_team,IT-007,to specialist SP-010; missing_info=False
EVT-0002464,TKT-00248,2026-01-17T15:04:29,specialist_investigation_started,it_specialist,SP-010,""
EVT-0002465,TKT-00248,2026-01-17T21:32:36,specialist_solution_created,it_specialist,SP-010,root_cause=Tax engine using stale region cache
EVT-0002466,TKT-00248,2026-01-17T21:50:50,specialist_response_drafted,it_team,IT-007,""
EVT-0002467,TKT-00248,2026-01-17T22:14:37,specialist_response_sent,it_team,IT-007,""
EVT-0002468,TKT-00248,2026-01-20T05:41:07,customer_resolution_accepted,customer,CUST-011,""
EVT-0002469,TKT-00248,2026-01-20T07:24:27,ticket_closed,it_team,IT-007,accepted_first_attempt
EVT-0002470,TKT-00249,2026-03-06T20:16:00,ticket_submitted,customer,CUST-017,channel=portal
EVT-0002471,TKT-00249,2026-03-06T22:57:39,ticket_triaged,it_team,IT-006,category=password_reset; priority=low
EVT-0002472,TKT-00249,2026-03-06T23:43:55,faq_checked,it_team,IT-006,match=True; confidence=0.9
EVT-0002473,TKT-00249,2026-03-07T00:48:16,faq_response_drafted,it_team,IT-006,""
EVT-0002474,TKT-00249,2026-03-07T01:14:54,faq_response_sent,it_team,IT-006,""
EVT-0002475,TKT-00249,2026-03-08T02:00:06,customer_resolution_accepted,customer,CUST-017,""
EVT-0002476,TKT-00249,2026-03-08T02:23:00,ticket_closed,it_team,IT-006,accepted_first_attempt
EVT-0002477,TKT-00250,2026-02-28T20:28:00,ticket_submitted,customer,CUST-016,channel=portal
EVT-0002478,TKT-00250,2026-03-01T01:53:20,ticket_triaged,it_team,IT-008,category=hardware_issue; priority=medium
EVT-0002479,TKT-00250,2026-03-01T02:36:27,faq_checked,it_team,IT-008,match=False; confidence=0.09
EVT-0002480,TKT-00250,2026-03-01T03:12:47,ticket_escalated,it_team,IT-008,to specialist SP-003; missing_info=False
EVT-0002481,TKT-00250,2026-03-01T06:12:10,specialist_investigation_started,it_specialist,SP-003,""
EVT-0002482,TKT-00250,2026-03-03T01:14:39,specialist_solution_created,it_specialist,SP-003,root_cause=Driver mismatch with current OS image
EVT-0002483,TKT-00250,2026-03-03T02:13:43,specialist_response_drafted,it_team,IT-008,""
EVT-0002484,TKT-00250,2026-03-03T02:50:42,specialist_response_sent,it_team,IT-008,""
EVT-0002485,TKT-00250,2026-03-05T08:21:49,customer_resolution_accepted,customer,CUST-016,""
EVT-0002486,TKT-00250,2026-03-05T08:37:26,ticket_closed,it_team,IT-008,accepted_first_attempt
