ticket_id,triaged_at,it_member_id,assigned_category,assigned_priority,priority_reason,classification_confidence,needs_specialist_review_flag,intake_summary,classification_evidence,recommended_specialist_group,target_first_response_at,target_resolution_at
TKT-00001,2026-01-18T07:56:25,IT-008,billing_account,medium,tier=standard; urgency=medium; category=billing_account,0.93,false,Noor Patel at Quartz Logistics reports invoice total looks wrong in Billing System; impact: Finance team holding payment until corrected.,subject='Invoice total looks wrong'; system='Billing System'; symptom='Billing System billing record does not match the customer's expected account state.',billing_finance,2026-01-18T13:46:00,2026-01-20T05:46:00
TKT-00002,2026-03-20T10:24:42,IT-002,email_calendar,medium,tier=standard; urgency=medium; category=email_calendar,0.97,false,Quinn Tanaka at Meridian Studios reports shared mailbox missing in Email; impact: Support intake delayed.,subject='Shared mailbox missing'; system='Email'; symptom='Email calendar or mailbox state is not syncing across devices.',identity_security,2026-03-20T13:45:00,2026-03-22T05:45:00
TKT-00003,2026-03-22T17:05:52,IT-008,email_calendar,low,tier=standard; urgency=low; category=email_calendar,0.83,true,Sana Bose at Aurora Capital reports email calendar sync issue in Email; impact: User missed customer meeting.,subject='Email calendar sync issue'; system='Email'; symptom='Email calendar or mailbox state is not syncing across devices.',identity_security,2026-03-23T16:00:00,2026-03-25T16:00:00
TKT-00004,2026-03-15T09:19:35,IT-003,password_reset,medium,tier=premium; urgency=high; category=password_reset,0.79,false,Wren Ivanov at Summit Health reports password reset link expired in CRM; impact: Customer demo delayed.,subject='Password reset link expired'; system='CRM'; symptom='Reset workflow for CRM does not complete for the affected account.',identity_security,2026-03-15T11:39:00,2026-03-17T03:39:00
TKT-00005,2026-01-26T10:23:25,IT-007,email_calendar,low,tier=standard; urgency=low; category=email_calendar,0.9,true,Xavi Eskola at Helios Health reports out of office not sending in Email; impact: Stakeholders unaware of leave.,subject='Out of office not sending'; system='Email'; symptom='Email calendar or mailbox state is not syncing across devices.',identity_security,2026-01-27T05:45:00,2026-01-29T05:45:00
TKT-00006,2026-01-31T05:48:07,IT-001,network_connectivity,medium,tier=standard; urgency=medium; category=network_connectivity,0.89,false,Theo Zhao at Ironhill Capital reports wi-fi drops in conference room in VPN; impact: Customer demos interrupted.,subject='Wi-Fi drops in conference room'; system='VPN'; symptom='VPN connectivity is intermittent enough to interrupt work.',network_infra,2026-01-31T09:14:00,2026-02-02T01:14:00
TKT-00007,2026-01-17T17:11:15,IT-002,login_access,urgent,tier=enterprise; urgency=critical; category=login_access,0.9,false,Quinn Walsh at Pioneer Foods reports mfa prompt never arrives in CRM; impact: User cannot access required system.,subject='MFA prompt never arrives'; system='CRM'; symptom='CRM sign-in fails before the user reaches the app home page.',identity_security,2026-01-17T17:26:00,2026-01-18T00:26:00
TKT-00008,2026-03-04T20:49:10,IT-002,login_access,high,tier=premium; urgency=high; category=login_access,0.7,false,Iris Patel at Summit Health reports cannot log into customer portal in CRM; impact: One user blocked from logging in.,subject='Cannot log into customer portal'; system='CRM'; symptom='CRM sign-in fails before the user reaches the app home page.',identity_security,2026-03-04T20:54:00,2026-03-05T18:54:00
TKT-00009,2026-02-18T06:51:51,IT-008,software_bug,high,tier=premium; urgency=high; category=software_bug,0.88,true,Iris Eskola at Quartz Bioworks reports inventory app shows stale data in Customer Portal; impact: Warehouse team picking against incorrect data.,subject='Inventory App shows stale data'; system='Customer Portal'; symptom='Customer Portal behavior is repeatable and differs from yesterday's behavior.',application_engineering,2026-02-18T04:44:00,2026-02-19T02:44:00
TKT-00010,2026-02-10T01:38:17,IT-008,other,low,tier=standard; urgency=low; category=other,0.86,false,Noor Holm at Meridian Studios reports need help with a workflow in Customer Portal; impact: User unable to complete task.,subject='Need help with a workflow'; system='Customer Portal'; symptom='The user is unsure which team owns the Customer Portal request.',application_engineering,2026-02-10T21:05:00,2026-02-12T21:05:00
TKT-00011,2026-02-06T11:53:10,IT-008,login_access,high,tier=enterprise; urgency=high; category=login_access,0.93,true,Nikhil Chen at Lumen Systems reports stuck in sso redirect loop in CRM; impact: Two team members cannot start the day's work.,subject='Stuck in SSO redirect loop'; system='CRM'; symptom='CRM sign-in fails before the user reaches the app home page.',identity_security,2026-02-06T11:08:00,2026-02-07T09:08:00
TKT-00012,2026-01-19T09:36:50,IT-006,hardware_issue,high,tier=enterprise; urgency=medium; category=hardware_issue,0.72,true,Vera Holm at Lumen Systems reports wireless mouse not working in Customer Portal; impact: Single user partially blocked.,subject='Wireless mouse not working'; system='Customer Portal'; symptom='Device or peripheral behavior remains faulty after a basic restart.',hardware_field,2026-01-19T10:53:00,2026-01-20T08:53:00
TKT-00013,2026-03-17T10:04:26,IT-001,password_reset,medium,tier=standard; urgency=high; category=password_reset,0.96,false,Theo Kapoor at Pacific Bioworks reports service account password expired in CRM; impact: Nightly export job failing.,subject='Service account password expired'; system='CRM'; symptom='Reset workflow for CRM does not complete for the affected account.',identity_security,2026-03-17T12:45:00,2026-03-19T04:45:00
TKT-00014,2026-02-08T16:03:38,IT-007,network_connectivity,high,tier=enterprise; urgency=medium; category=network_connectivity,0.86,false,Theo Patel at Pioneer Foods reports high latency to internal apps in VPN; impact: Whole regional team affected.,subject='High latency to internal apps'; system='VPN'; symptom='VPN connectivity is intermittent enough to interrupt work.',network_infra,2026-02-08T16:14:00,2026-02-09T14:14:00
TKT-00015,2026-01-17T02:27:40,IT-004,hardware_issue,low,tier=standard; urgency=low; category=hardware_issue,0.8,false,Imani Yamada at Northstar Foods reports printer offline error in Customer Portal; impact: Team cannot print client deliverables.,subject='Printer offline error'; system='Customer Portal'; symptom='Device or peripheral behavior remains faulty after a basic restart.',hardware_field,2026-01-17T22:36:00,2026-01-19T22:36:00
TKT-00016,2026-02-02T09:29:58,IT-005,security_request,urgent,tier=premium; urgency=critical; category=security_request,0.89,true,Noor Jeong at Summit Health reports need access for new employee in Identity Provider; impact: New hire cannot access required systems.,subject='Need access for new employee'; system='Identity Provider'; symptom='Identity Provider access or security state needs human review before action.',identity_security,2026-02-02T09:44:00,2026-02-02T16:44:00
TKT-00017,2026-03-10T07:38:41,IT-005,login_access,medium,tier=standard; urgency=medium; category=login_access,0.93,false,Lin Quintero at Aurora Capital reports stuck in sso redirect loop in Identity Provider; impact: Two team members cannot start the day's work.,subject='Stuck in SSO redirect loop'; system='Identity Provider'; symptom='Identity Provider sign-in fails before the user reaches the app home page.',identity_security,2026-03-10T14:54:00,2026-03-12T06:54:00
TKT-00018,2026-03-12T10:16:11,IT-008,billing_account,low,tier=standard; urgency=low; category=billing_account,0.81,false,Imani Adler at Polaris Logistics reports cannot download invoice pdf in Customer Portal; impact: Customer cannot file expense reports.,subject='Cannot download invoice PDF'; system='Customer Portal'; symptom='Customer Portal billing record does not match the customer's expected account state.',billing_finance,2026-03-13T08:57:00,2026-03-15T08:57:00
TKT-00019,2026-02-09T23:40:45,IT-008,network_connectivity,high,tier=standard; urgency=high; category=network_connectivity,0.8,false,Imani Yamada at Quartz Logistics reports wi-fi drops in conference room in VPN; impact: Customer demos interrupted.,subject='Wi-Fi drops in conference room'; system='VPN'; symptom='VPN connectivity is intermittent enough to interrupt work.',network_infra,2026-02-09T23:47:00,2026-02-10T21:47:00
TKT-00020,2026-03-11T17:47:30,IT-003,network_connectivity,medium,tier=standard; urgency=medium; category=network_connectivity,0.69,false,Imani Holm at Ironhill Capital reports vpn disconnects every few minutes in Identity Provider; impact: Remote engineer cannot stay connected to internal tools.,subject='VPN disconnects every few minutes'; system='Identity Provider'; symptom='Identity Provider connectivity is intermittent enough to interrupt work.',network_infra,2026-03-11T22:55:00,2026-03-13T14:55:00
TKT-00021,2026-02-21T17:31:20,IT-002,network_connectivity,medium,tier=standard; urgency=medium; category=network_connectivity,0.97,false,Sana Adler at Northstar Foods reports wi-fi drops in conference room in Identity Provider; impact: Customer demos interrupted.,subject='Wi-Fi drops in conference room'; system='Identity Provider'; symptom='Identity Provider connectivity is intermittent enough to interrupt work.',network_infra,2026-02-21T23:56:00,2026-02-23T15:56:00
TKT-00022,2026-02-17T15:26:54,IT-006,login_access,medium,tier=standard; urgency=high; category=login_access,0.9,false,Theo Jeong at Pacific Bioworks reports account locked after travel in CRM; impact: Field rep blocked from CRM during customer visit.,subject='Account locked after travel'; system='CRM'; symptom='CRM sign-in fails before the user reaches the app home page.',identity_security,2026-02-17T18:08:00,2026-02-19T10:08:00
TKT-00023,2026-03-21T19:29:13,IT-003,other,medium,tier=standard; urgency=medium; category=other,0.49,false,Bea Jeong at Meridian Studios reports email calendar sync issue in Email; impact: User missed customer meeting.,subject='Email calendar sync issue'; system='Email'; symptom='Email calendar or mailbox state is not syncing across devices.',application_engineering,2026-03-21T21:52:00,2026-03-23T13:52:00
TKT-00024,2026-03-06T08:13:45,IT-008,software_bug,high,tier=premium; urgency=high; category=software_bug,0.97,false,Uma Holm at Quartz Bioworks reports app freezes when opening report in CRM; impact: Reporting workflow unusable.,subject='App freezes when opening report'; system='CRM'; symptom='CRM behavior is repeatable and differs from yesterday's behavior.',application_engineering,2026-03-06T08:58:00,2026-03-07T06:58:00
TKT-00025,2026-02-25T15:21:22,IT-003,login_access,medium,tier=standard; urgency=medium; category=login_access,0.86,false,Priya Ivanov at Meridian Studios reports account locked after travel in CRM; impact: Field rep blocked from CRM during customer visit.,subject='Account locked after travel'; system='CRM'; symptom='CRM sign-in fails before the user reaches the app home page.',identity_security,2026-02-25T21:33:00,2026-02-27T13:33:00
TKT-00026,2026-02-04T22:58:07,IT-003,login_access,high,tier=premium; urgency=high; category=login_access,0.9,true,Wren Kapoor at Summit Health reports cannot log into customer portal in Customer Portal; impact: One user blocked from logging in.,subject='Cannot log into customer portal'; system='Customer Portal'; symptom='Customer Portal sign-in fails before the user reaches the app home page.',identity_security,2026-02-04T23:09:00,2026-02-05T21:09:00
TKT-00027,2026-03-25T04:38:12,IT-004,password_reset,low,tier=standard; urgency=medium; category=password_reset,0.87,false,Theo Singh at Northstar Foods reports service account password expired in Customer Portal; impact: Nightly export job failing.,subject='Service account password expired'; system='Customer Portal'; symptom='Reset workflow for Customer Portal does not complete for the affected account.',identity_security,2026-03-26T01:38:00,2026-03-28T01:38:00
TKT-00028,2026-03-03T22:04:46,IT-008,security_request,high,tier=premium; urgency=medium; category=security_request,0.87,false,Quinn Nair at Summit Health reports need access for new employee in Identity Provider; impact: New hire cannot access required systems.,subject='Need access for new employee'; system='Identity Provider'; symptom='Identity Provider access or security state needs human review before action.',identity_security,2026-03-03T19:17:00,2026-03-04T17:17:00
TKT-00029,2026-03-19T19:39:38,IT-001,email_calendar,urgent,tier=enterprise; urgency=critical; category=email_calendar,0.81,true,Erin Liang at Lumen Systems reports shared mailbox missing in Email; impact: Support intake delayed.,subject='Shared mailbox missing'; system='Email'; symptom='Email calendar or mailbox state is not syncing across devices.',identity_security,2026-03-19T19:07:00,2026-03-20T02:07:00
TKT-00030,2026-02-12T19:25:14,IT-004,email_calendar,medium,tier=premium; urgency=medium; category=email_calendar,0.99,false,Uma Zhao at Pioneer Bioworks reports shared mailbox missing in Email; impact: Support intake delayed.,subject='Shared mailbox missing'; system='Email'; symptom='Email calendar or mailbox state is not syncing across devices.',identity_security,2026-02-13T01:57:00,2026-02-14T17:57:00
TKT-00031,2026-02-02T11:59:12,IT-003,email_calendar,medium,tier=premium; urgency=medium; category=email_calendar,0.81,true,Xavi Grover at Quartz Bioworks reports shared mailbox missing in Email; impact: Support intake delayed.,subject='Shared mailbox missing'; system='Email'; symptom='Email calendar or mailbox state is not syncing across devices.',identity_security,2026-02-02T14:55:00,2026-02-04T06:55:00
TKT-00032,2026-03-26T13:15:34,IT-002,password_reset,medium,tier=standard; urgency=critical; category=password_reset,0.89,false,Marta Patel at Aurora Capital reports password reset link expired in Customer Portal; impact: Customer demo delayed.,subject='Password reset link expired'; system='Customer Portal'; symptom='Reset workflow for Customer Portal does not complete for the affected account.',identity_security,2026-03-26T20:25:00,2026-03-28T12:25:00
TKT-00033,2026-03-22T21:15:23,IT-008,password_reset,medium,tier=premium; urgency=medium; category=password_reset,0.98,false,Xavi Yamada at Summit Health reports service account password expired in Customer Portal; impact: Nightly export job failing.,subject='Service account password expired'; system='Customer Portal'; symptom='Reset workflow for Customer Portal does not complete for the affected account.',identity_security,2026-03-22T23:41:00,2026-03-24T15:41:00
TKT-00034,2026-01-21T13:58:06,IT-007,login_access,medium,tier=premium; urgency=medium; category=login_access,0.82,false,Zane Vega at Pioneer Bioworks reports account locked after travel in Identity Provider; impact: Field rep blocked from CRM during customer visit.,subject='Account locked after travel'; system='Identity Provider'; symptom='Identity Provider sign-in fails before the user reaches the app home page.',identity_security,2026-01-21T17:40:00,2026-01-23T09:40:00
TKT-00035,2026-03-14T19:50:22,IT-006,billing_account,medium,tier=premium; urgency=medium; category=billing_account,0.84,false,Alex Patel at Cypress Analytics reports wrong billing region applied in Customer Portal; impact: Finance unable to close the month.,subject='Wrong billing region applied'; system='Customer Portal'; symptom='Customer Portal billing record does not match the customer's expected account state.',billing_finance,2026-03-14T22:17:00,2026-03-16T14:17:00
TKT-00036,2026-02-12T09:19:12,IT-007,email_calendar,low,tier=standard; urgency=low; category=email_calendar,0.87,true,Grace Zhao at Pacific Bioworks reports out of office not sending in Email; impact: Stakeholders unaware of leave.,subject='Out of office not sending'; system='Email'; symptom='Email calendar or mailbox state is not syncing across devices.',identity_security,2026-02-13T06:14:00,2026-02-15T06:14:00
TKT-00037,2026-02-15T21:07:30,IT-007,billing_account,medium,tier=premium; urgency=medium; category=billing_account,0.99,false,Chen Bose at Quartz Bioworks reports cannot download invoice pdf in Customer Portal; impact: Customer cannot file expense reports.,subject='Cannot download invoice PDF'; system='Customer Portal'; symptom='Customer Portal billing record does not match the customer's expected account state.',billing_finance,2026-02-16T01:56:00,2026-02-17T17:56:00
TKT-00038,2026-02-26T10:45:29,IT-003,password_reset,high,tier=enterprise; urgency=critical; category=password_reset,0.88,true,Olu Fontaine at Pioneer Foods reports password reset link expired in Customer Portal; impact: Customer demo delayed.,subject='Password reset link expired'; system='Customer Portal'; symptom='Reset workflow for Customer Portal does not complete for the affected account.',identity_security,2026-02-26T10:06:00,2026-02-27T08:06:00
TKT-00039,2026-02-03T14:02:08,IT-008,email_calendar,medium,tier=premium; urgency=low; category=email_calendar,0.74,false,Bea Vega at Cypress Analytics reports email calendar sync issue in Email; impact: User missed customer meeting.,subject='Email calendar sync issue'; system='Email'; symptom='Email calendar or mailbox state is not syncing across devices.',identity_security,2026-02-03T18:52:00,2026-02-05T10:52:00
TKT-00040,2026-02-26T10:27:20,IT-004,other,high,tier=enterprise; urgency=medium; category=other,0.81,false,Kai Jeong at Pioneer Foods reports general question about software list in Customer Portal; impact: Productivity blocker for one user.,subject='General question about software list'; system='Customer Portal'; symptom='The user is unsure which team owns the Customer Portal request.',application_engineering,2026-02-26T11:09:00,2026-02-27T09:09:00
TKT-00041,2026-02-08T23:31:58,IT-003,network_connectivity,urgent,tier=enterprise; urgency=high; category=network_connectivity,0.51,false,Wren Singh at Pioneer Foods reports need password reset in Customer Portal; impact: One user blocked from logging in.,subject='Need password reset'; system='Customer Portal'; symptom='Reset workflow for Customer Portal does not complete for the affected account.',network_infra,2026-02-08T21:20:00,2026-02-09T04:20:00
TKT-00042,2026-02-01T06:29:55,IT-008,security_request,high,tier=premium; urgency=medium; category=security_request,0.96,false,Wren Jeong at Tessera Manufacturing reports suspicious login notification in Identity Provider; impact: Possible account compromise.,subject='Suspicious login notification'; system='Identity Provider'; symptom='Identity Provider access or security state needs human review before action.',identity_security,2026-02-01T03:10:00,2026-02-02T01:10:00
TKT-00043,2026-01-16T12:58:33,IT-006,email_calendar,high,tier=enterprise; urgency=high; category=email_calendar,0.99,false,Felix Kapoor at Lumen Systems reports email calendar sync issue in Email; impact: User missed customer meeting.,subject='Email calendar sync issue'; system='Email'; symptom='Email calendar or mailbox state is not syncing across devices.',identity_security,2026-01-16T09:24:00,2026-01-17T07:24:00
TKT-00044,2026-03-20T09:22:12,IT-008,email_calendar,medium,tier=standard; urgency=medium; category=email_calendar,0.81,false,Kai Chen at Polaris Logistics reports email calendar sync issue in Email; impact: User missed customer meeting.,subject='Email calendar sync issue'; system='Email'; symptom='Email calendar or mailbox state is not syncing across devices.',identity_security,2026-03-20T14:50:00,2026-03-22T06:50:00
TKT-00045,2026-02-05T22:43:48,IT-003,security_request,medium,tier=standard; urgency=low; category=security_request,0.82,true,Bea Fontaine at Aurora Capital reports vendor needs limited portal access in Identity Provider; impact: Audit blocked without access.,subject='Vendor needs limited portal access'; system='Identity Provider'; symptom='Identity Provider access or security state needs human review before action.',identity_security,2026-02-06T04:05:00,2026-02-07T20:05:00
TKT-00046,2026-02-03T03:14:50,IT-001,login_access,medium,tier=standard; urgency=medium; category=login_access,0.97,false,Dani Walsh at Quartz Logistics reports mfa prompt never arrives in CRM; impact: User cannot access required system.,subject='MFA prompt never arrives'; system='CRM'; symptom='CRM sign-in fails before the user reaches the app home page.',identity_security,2026-02-03T09:03:00,2026-02-05T01:03:00
TKT-00047,2026-03-23T00:37:10,IT-003,other,medium,tier=premium; urgency=medium; category=other,0.74,false,Xavi Chen at Tessera Manufacturing reports need help with a workflow in Customer Portal; impact: User unable to complete task.,subject='Need help with a workflow'; system='Customer Portal'; symptom='The user is unsure which team owns the Customer Portal request.',application_engineering,2026-03-23T05:35:00,2026-03-24T21:35:00
TKT-00048,2026-01-19T19:39:33,IT-008,password_reset,high,tier=enterprise; urgency=high; category=password_reset,0.97,false,Olu Xu at Lumen Systems reports need password reset in Identity Provider; impact: One user blocked from logging in.,subject='Need password reset'; system='Identity Provider'; symptom='Reset workflow for Identity Provider does not complete for the affected account.',identity_security,2026-01-19T20:37:00,2026-01-20T18:37:00
TKT-00049,2026-03-13T19:30:36,IT-008,billing_account,medium,tier=standard; urgency=high; category=billing_account,0.94,false,Yuki Bose at Aurora Capital reports wrong billing region applied in Billing System; impact: Finance unable to close the month.,subject='Wrong billing region applied'; system='Billing System'; symptom='Billing System billing record does not match the customer's expected account state.',billing_finance,2026-03-14T02:11:00,2026-03-15T18:11:00
TKT-00050,2026-02-22T17:40:41,IT-006,login_access,high,tier=premium; urgency=high; category=login_access,0.98,false,Wren Tanaka at Quartz Bioworks reports stuck in sso redirect loop in CRM; impact: Two team members cannot start the day's work.,subject='Stuck in SSO redirect loop'; system='CRM'; symptom='CRM sign-in fails before the user reaches the app home page.',identity_security,2026-02-22T14:10:00,2026-02-23T12:10:00
TKT-00051,2026-02-24T03:53:50,IT-008,password_reset,low,tier=standard; urgency=medium; category=password_reset,0.66,false,Priya Vega at Aurora Capital reports need password reset in CRM; impact: One user blocked from logging in.,subject='Need password reset'; system='CRM'; symptom='Reset workflow for CRM does not complete for the affected account.',identity_security,2026-02-25T03:35:00,2026-02-27T03:35:00
TKT-00052,2026-01-18T18:46:01,IT-003,login_access,medium,tier=standard; urgency=medium; category=login_access,0.88,false,Alex Ivanov at Polaris Robotics reports stuck in sso redirect loop in Identity Provider; impact: Two team members cannot start the day's work.,subject='Stuck in SSO redirect loop'; system='Identity Provider'; symptom='Identity Provider sign-in fails before the user reaches the app home page.',identity_security,2026-01-18T21:46:00,2026-01-20T13:46:00
TKT-00053,2026-03-30T18:16:37,IT-003,billing_account,high,tier=enterprise; urgency=medium; category=billing_account,0.92,false,Hassan Quintero at Pioneer Foods reports wrong billing region applied in Customer Portal; impact: Finance unable to close the month.,subject='Wrong billing region applied'; system='Customer Portal'; symptom='Customer Portal billing record does not match the customer's expected account state.',billing_finance,2026-03-30T15:08:00,2026-03-31T13:08:00
TKT-00054,2026-02-11T13:17:52,IT-005,hardware_issue,medium,tier=premium; urgency=medium; category=hardware_issue,0.93,false,Vera Rao at Pioneer Bioworks reports laptop battery drains in 1 hour in Customer Portal; impact: Travel-blocking hardware issue.,subject='Laptop battery drains in 1 hour'; system='Customer Portal'; symptom='Device or peripheral behavior remains faulty after a basic restart.',hardware_field,2026-02-11T20:24:00,2026-02-13T12:24:00
TKT-00055,2026-02-08T10:48:32,IT-001,billing_account,medium,tier=standard; urgency=medium; category=billing_account,0.65,false,Jorge Eskola at Meridian Marine Solutions reports cannot download invoice pdf in Billing System; impact: Customer cannot file expense reports.,subject='Cannot download invoice PDF'; system='Billing System'; symptom='Billing System billing record does not match the customer's expected account state.',billing_finance,2026-02-08T18:30:00,2026-02-10T10:30:00
TKT-00056,2026-03-07T04:15:13,IT-008,login_access,low,tier=standard; urgency=low; category=login_access,0.96,false,Jorge Grover at Pacific Bioworks reports account locked after travel in CRM; impact: Field rep blocked from CRM during customer visit.,subject='Account locked after travel'; system='CRM'; symptom='CRM sign-in fails before the user reaches the app home page.',identity_security,2026-03-08T03:25:00,2026-03-10T03:25:00
TKT-00057,2026-02-13T07:14:39,IT-003,software_bug,high,tier=enterprise; urgency=medium; category=software_bug,0.68,true,Lin Grover at Lumen Systems reports suspicious login notification in Identity Provider; impact: Possible account compromise.,subject='Suspicious login notification'; system='Identity Provider'; symptom='Identity Provider access or security state needs human review before action.',application_engineering,2026-02-13T07:32:00,2026-02-14T05:32:00
TKT-00058,2026-03-23T02:42:14,IT-006,network_connectivity,high,tier=premium; urgency=medium; category=network_connectivity,0.98,false,Imani Nair at Cypress Health reports high latency to internal apps in VPN; impact: Whole regional team affected.,subject='High latency to internal apps'; system='VPN'; symptom='VPN connectivity is intermittent enough to interrupt work.',network_infra,2026-03-23T00:00:00,2026-03-23T22:00:00
TKT-00059,2026-01-16T06:03:07,IT-003,hardware_issue,high,tier=enterprise; urgency=medium; category=hardware_issue,0.86,false,Erin Holm at Lumen Systems reports laptop battery drains in 1 hour in Customer Portal; impact: Travel-blocking hardware issue.,subject='Laptop battery drains in 1 hour'; system='Customer Portal'; symptom='Device or peripheral behavior remains faulty after a basic restart.',hardware_field,2026-01-16T02:47:00,2026-01-17T00:47:00
TKT-00060,2026-03-14T08:04:00,IT-006,email_calendar,medium,tier=premium; urgency=medium; category=email_calendar,0.94,false,Noor Rao at Summit Health reports out of office not sending in Email; impact: Stakeholders unaware of leave.,subject='Out of office not sending'; system='Email'; symptom='Email calendar or mailbox state is not syncing across devices.',identity_security,2026-03-14T14:37:00,2026-03-16T06:37:00
TKT-00061,2026-02-24T12:51:53,IT-005,login_access,high,tier=premium; urgency=medium; category=login_access,0.92,true,Jorge Fontaine at Tessera Manufacturing reports mfa prompt never arrives in CRM; impact: User cannot access required system.,subject='MFA prompt never arrives'; system='CRM'; symptom='CRM sign-in fails before the user reaches the app home page.',identity_security,2026-02-24T13:58:00,2026-02-25T11:58:00
TKT-00062,2026-01-17T16:24:29,IT-008,software_bug,high,tier=enterprise; urgency=medium; category=software_bug,0.9,false,Uma Rao at Pioneer Foods reports app freezes when opening report in Customer Portal; impact: Reporting workflow unusable.,subject='App freezes when opening report'; system='Customer Portal'; symptom='Customer Portal behavior is repeatable and differs from yesterday's behavior.',application_engineering,2026-01-17T14:54:00,2026-01-18T12:54:00
TKT-00063,2026-03-25T10:51:19,IT-001,software_bug,high,tier=enterprise; urgency=medium; category=software_bug,0.97,true,Grace Quintero at Pioneer Foods reports saved filter not loading on dashboard in Analytics Dashboard; impact: Manager dashboard broken before exec review.,subject='Saved filter not loading on dashboard'; system='Analytics Dashboard'; symptom='Analytics Dashboard behavior is repeatable and differs from yesterday's behavior.',application_engineering,2026-03-25T06:59:00,2026-03-26T04:59:00
TKT-00064,2026-03-10T23:04:17,IT-002,password_reset,low,tier=standard; urgency=low; category=password_reset,0.96,false,Grace Rao at Ironhill Capital reports need password reset in CRM; impact: One user blocked from logging in.,subject='Need password reset'; system='CRM'; symptom='Reset workflow for CRM does not complete for the affected account.',identity_security,2026-03-11T19:31:00,2026-03-13T19:31:00
TKT-00065,2026-01-19T19:05:03,IT-002,password_reset,medium,tier=premium; urgency=medium; category=password_reset,0.91,false,Theo Nair at Cypress Health reports need password reset in Customer Portal; impact: One user blocked from logging in.,subject='Need password reset'; system='Customer Portal'; symptom='Reset workflow for Customer Portal does not complete for the affected account.',identity_security,2026-01-20T00:43:00,2026-01-21T16:43:00
TKT-00066,2026-03-23T00:56:05,IT-004,other,high,tier=enterprise; urgency=medium; category=other,0.65,true,Yuki Liang at Pioneer Foods reports equipment return process in Customer Portal; impact: Offboarding workflow.,subject='Equipment return process'; system='Customer Portal'; symptom='The user is unsure which team owns the Customer Portal request.',application_engineering,2026-03-22T22:47:00,2026-03-23T20:47:00
TKT-00067,2026-02-04T19:39:42,IT-002,network_connectivity,medium,tier=standard; urgency=medium; category=network_connectivity,0.92,false,Ravi Holm at Pacific Bioworks reports vpn disconnects every few minutes in VPN; impact: Remote engineer cannot stay connected to internal tools.,subject='VPN disconnects every few minutes'; system='VPN'; symptom='VPN connectivity is intermittent enough to interrupt work.',network_infra,2026-02-04T22:57:00,2026-02-06T14:57:00
TKT-00068,2026-03-29T23:42:21,IT-006,data_reporting,medium,tier=standard; urgency=high; category=data_reporting,0.58,true,Theo Chen at Meridian Studios reports crm export missing records in CRM; impact: QBR slides cannot be finalized.,"subject='CRM export missing records'; system='CRM'; symptom='CRM data output is stale, incomplete, or unavailable.'",data_analytics,2026-03-30T06:41:00,2026-03-31T22:41:00
TKT-00069,2026-01-18T23:51:07,IT-003,security_request,high,tier=premium; urgency=medium; category=security_request,0.87,false,Sana Tanaka at Tessera Manufacturing reports vendor needs limited portal access in Identity Provider; impact: Audit blocked without access.,subject='Vendor needs limited portal access'; system='Identity Provider'; symptom='Identity Provider access or security state needs human review before action.',identity_security,2026-01-19T01:35:00,2026-01-19T23:35:00
TKT-00070,2026-03-10T21:23:08,IT-002,data_reporting,medium,tier=standard; urgency=low; category=data_reporting,0.93,false,Noor Fontaine at Meridian Marine Solutions reports stale numbers in finance dashboard in CRM; impact: Monthly close delayed by export issue.,"subject='Stale numbers in finance dashboard'; system='CRM'; symptom='CRM data output is stale, incomplete, or unavailable.'",data_analytics,2026-03-11T05:06:00,2026-03-12T21:06:00
TKT-00071,2026-01-20T18:00:49,IT-005,email_calendar,low,tier=standard; urgency=low; category=email_calendar,0.8,false,Sana Chen at Meridian Studios reports email calendar sync issue in Email; impact: User missed customer meeting.,subject='Email calendar sync issue'; system='Email'; symptom='Email calendar or mailbox state is not syncing across devices.',identity_security,2026-01-21T12:50:00,2026-01-23T12:50:00
TKT-00072,2026-02-06T19:31:44,IT-004,hardware_issue,low,tier=standard; urgency=low; category=hardware_issue,0.79,false,Quinn Holm at Quartz Logistics reports wireless mouse not working in Customer Portal; impact: Single user partially blocked.,subject='Wireless mouse not working'; system='Customer Portal'; symptom='Device or peripheral behavior remains faulty after a basic restart.',hardware_field,2026-02-07T14:11:00,2026-02-09T14:11:00
TKT-00073,2026-01-29T00:07:02,IT-006,billing_account,medium,tier=standard; urgency=medium; category=billing_account,0.98,false,Erin Eskola at Pacific Bioworks reports invoice total looks wrong in Billing System; impact: Finance team holding payment until corrected.,subject='Invoice total looks wrong'; system='Billing System'; symptom='Billing System billing record does not match the customer's expected account state.',billing_finance,2026-01-29T05:12:00,2026-01-30T21:12:00
TKT-00074,2026-01-22T08:45:52,IT-001,password_reset,low,tier=standard; urgency=medium; category=password_reset,0.61,false,Jorge Singh at Helios Health reports need password reset in Customer Portal; impact: One user blocked from logging in.,subject='Need password reset'; system='Customer Portal'; symptom='Reset workflow for Customer Portal does not complete for the affected account.',identity_security,2026-01-23T04:44:00,2026-01-25T04:44:00
TKT-00075,2026-03-30T20:53:19,IT-001,other,medium,tier=premium; urgency=medium; category=other,0.86,false,Priya Okafor at Tessera Manufacturing reports general question about software list in Customer Portal; impact: Productivity blocker for one user.,subject='General question about software list'; system='Customer Portal'; symptom='The user is unsure which team owns the Customer Portal request.',application_engineering,2026-03-31T02:45:00,2026-04-01T18:45:00
TKT-00076,2026-03-14T17:56:16,IT-008,password_reset,medium,tier=standard; urgency=high; category=password_reset,0.87,false,Noor Xu at Pacific Bioworks reports password reset link expired in CRM; impact: Customer demo delayed.,subject='Password reset link expired'; system='CRM'; symptom='Reset workflow for CRM does not complete for the affected account.',identity_security,2026-03-15T01:30:00,2026-03-16T17:30:00
TKT-00077,2026-03-04T17:56:25,IT-004,network_connectivity,urgent,tier=premium; urgency=critical; category=network_connectivity,0.78,true,Kai Vega at Quartz Bioworks reports vpn disconnects every few minutes in VPN; impact: Remote engineer cannot stay connected to internal tools.,subject='VPN disconnects every few minutes'; system='VPN'; symptom='VPN connectivity is intermittent enough to interrupt work.',network_infra,2026-03-04T18:15:00,2026-03-05T01:15:00
TKT-00078,2026-02-05T00:16:08,IT-003,password_reset,medium,tier=premium; urgency=medium; category=password_reset,0.88,false,Yuki Rao at Quartz Bioworks reports need password reset in Identity Provider; impact: One user blocked from logging in.,subject='Need password reset'; system='Identity Provider'; symptom='Reset workflow for Identity Provider does not complete for the affected account.',identity_security,2026-02-05T03:23:00,2026-02-06T19:23:00
TKT-00079,2026-03-21T07:53:42,IT-001,email_calendar,medium,tier=standard; urgency=medium; category=email_calendar,0.78,false,Noor Ivanov at Quartz Logistics reports out of office not sending in Email; impact: Stakeholders unaware of leave.,subject='Out of office not sending'; system='Email'; symptom='Email calendar or mailbox state is not syncing across devices.',identity_security,2026-03-21T11:06:00,2026-03-23T03:06:00
TKT-00080,2026-03-13T06:10:11,IT-004,login_access,low,tier=standard; urgency=low; category=login_access,0.97,false,Uma Mancini at Meridian Studios reports cannot log into customer portal in Identity Provider; impact: One user blocked from logging in.,subject='Cannot log into customer portal'; system='Identity Provider'; symptom='Identity Provider sign-in fails before the user reaches the app home page.',identity_security,2026-03-14T04:18:00,2026-03-16T04:18:00
TKT-00081,2026-03-19T14:33:43,IT-002,password_reset,low,tier=standard; urgency=medium; category=password_reset,0.79,false,Imani Liang at Meridian Marine Solutions reports service account password expired in Customer Portal; impact: Nightly export job failing.,subject='Service account password expired'; system='Customer Portal'; symptom='Reset workflow for Customer Portal does not complete for the affected account.',identity_security,2026-03-20T13:33:00,2026-03-22T13:33:00
TKT-00082,2026-03-17T21:27:35,IT-002,billing_account,urgent,tier=enterprise; urgency=high; category=billing_account,0.89,false,Ravi Singh at Pioneer Foods reports cannot download invoice pdf in Billing System; impact: Customer cannot file expense reports.,subject='Cannot download invoice PDF'; system='Billing System'; symptom='Billing System billing record does not match the customer's expected account state.',billing_finance,2026-03-17T18:06:00,2026-03-18T01:06:00
TKT-00083,2026-03-04T15:00:20,IT-002,data_reporting,medium,tier=standard; urgency=medium; category=data_reporting,0.62,false,Alex Liang at Meridian Studios reports need help with a workflow in Customer Portal; impact: User unable to complete task.,subject='Need help with a workflow'; system='Customer Portal'; symptom='The user is unsure which team owns the Customer Portal request.',data_analytics,2026-03-04T17:06:00,2026-03-06T09:06:00
TKT-00084,2026-01-19T13:14:29,IT-008,hardware_issue,medium,tier=standard; urgency=medium; category=hardware_issue,0.81,false,Yuki Quintero at Northstar Foods reports wireless mouse not working in Customer Portal; impact: Single user partially blocked.,subject='Wireless mouse not working'; system='Customer Portal'; symptom='Device or peripheral behavior remains faulty after a basic restart.',hardware_field,2026-01-19T17:56:00,2026-01-21T09:56:00
TKT-00085,2026-02-26T16:40:13,IT-003,hardware_issue,medium,tier=standard; urgency=medium; category=hardware_issue,0.55,false,Marta Jeong at Pacific Bioworks reports records missing after crm export in Customer Portal; impact: Sales pipeline data inconsistent.,subject='Records missing after CRM export'; system='Customer Portal'; symptom='Customer Portal behavior is repeatable and differs from yesterday's behavior.',hardware_field,2026-02-26T21:37:00,2026-02-28T13:37:00
TKT-00086,2026-02-24T20:07:41,IT-007,network_connectivity,medium,tier=premium; urgency=low; category=network_connectivity,0.9,true,Felix Kapoor at Tessera Manufacturing reports wi-fi drops in conference room in VPN; impact: Customer demos interrupted.,subject='Wi-Fi drops in conference room'; system='VPN'; symptom='VPN connectivity is intermittent enough to interrupt work.',network_infra,2026-02-25T01:24:00,2026-02-26T17:24:00
TKT-00087,2026-02-28T15:15:32,IT-005,security_request,medium,tier=standard; urgency=medium; category=security_request,0.93,false,Lin Grover at Polaris Robotics reports need access for new employee in Identity Provider; impact: New hire cannot access required systems.,subject='Need access for new employee'; system='Identity Provider'; symptom='Identity Provider access or security state needs human review before action.',identity_security,2026-02-28T20:12:00,2026-03-02T12:12:00
TKT-00088,2026-03-25T08:00:11,IT-001,login_access,high,tier=premium; urgency=critical; category=login_access,0.97,false,Chen Walsh at Summit Health reports mfa prompt never arrives in Customer Portal; impact: User cannot access required system.,subject='MFA prompt never arrives'; system='Customer Portal'; symptom='Customer Portal sign-in fails before the user reaches the app home page.',identity_security,2026-03-25T07:16:00,2026-03-26T05:16:00
TKT-00089,2026-03-27T13:56:54,IT-003,software_bug,high,tier=premium; urgency=medium; category=software_bug,0.66,false,Noor Grover at Tessera Manufacturing reports saved filter not loading on dashboard in CRM; impact: Manager dashboard broken before exec review.,subject='Saved filter not loading on dashboard'; system='CRM'; symptom='CRM behavior is repeatable and differs from yesterday's behavior.',application_engineering,2026-03-27T11:26:00,2026-03-28T09:26:00
TKT-00090,2026-03-21T05:01:08,IT-005,billing_account,medium,tier=standard; urgency=medium; category=billing_account,0.89,false,Nikhil Bose at Aurora Capital reports wrong billing region applied in Billing System; impact: Finance unable to close the month.,subject='Wrong billing region applied'; system='Billing System'; symptom='Billing System billing record does not match the customer's expected account state.',billing_finance,2026-03-21T08:01:00,2026-03-23T00:01:00
TKT-00091,2026-02-11T14:10:43,IT-005,software_bug,medium,tier=premium; urgency=low; category=software_bug,0.9,true,Dani Xu at Pioneer Bioworks reports saved filter not loading on dashboard in Inventory App; impact: Manager dashboard broken before exec review.,subject='Saved filter not loading on dashboard'; system='Inventory App'; symptom='Inventory App behavior is repeatable and differs from yesterday's behavior.',application_engineering,2026-02-11T21:35:00,2026-02-13T13:35:00
TKT-00092,2026-01-21T04:05:32,IT-002,data_reporting,medium,tier=standard; urgency=medium; category=data_reporting,0.92,false,Alex Bose at Meridian Studios reports crm export missing records in Analytics Dashboard; impact: QBR slides cannot be finalized.,"subject='CRM export missing records'; system='Analytics Dashboard'; symptom='Analytics Dashboard data output is stale, incomplete, or unavailable.'",data_analytics,2026-01-21T08:08:00,2026-01-23T00:08:00
TKT-00093,2026-03-25T11:19:57,IT-008,login_access,medium,tier=standard; urgency=high; category=login_access,0.57,false,Zane Grover at Pacific Bioworks reports stuck in sso redirect loop in Identity Provider; impact: Two team members cannot start the day's work.,subject='Stuck in SSO redirect loop'; system='Identity Provider'; symptom='Identity Provider sign-in fails before the user reaches the app home page.',identity_security,2026-03-25T17:00:00,2026-03-27T09:00:00
TKT-00094,2026-02-21T15:02:55,IT-004,email_calendar,high,tier=premium; urgency=critical; category=email_calendar,0.77,true,Bea Vega at Cypress Health reports out of office not sending in Email; impact: Stakeholders unaware of leave.,subject='Out of office not sending'; system='Email'; symptom='Email calendar or mailbox state is not syncing across devices.',identity_security,2026-02-21T14:35:00,2026-02-22T12:35:00
TKT-00095,2026-02-20T17:14:02,IT-001,software_bug,medium,tier=premium; urgency=medium; category=software_bug,0.96,false,Bea Underwood at Cypress Analytics reports saved filter not loading on dashboard in Analytics Dashboard; impact: Manager dashboard broken before exec review.,subject='Saved filter not loading on dashboard'; system='Analytics Dashboard'; symptom='Analytics Dashboard behavior is repeatable and differs from yesterday's behavior.',application_engineering,2026-02-20T20:40:00,2026-02-22T12:40:00
TKT-00096,2026-03-19T06:28:01,IT-001,network_connectivity,medium,tier=standard; urgency=medium; category=network_connectivity,0.51,false,Jorge Liang at Quartz Logistics reports wrong billing region applied in Customer Portal; impact: Finance unable to close the month.,subject='Wrong billing region applied'; system='Customer Portal'; symptom='Customer Portal billing record does not match the customer's expected account state.',network_infra,2026-03-19T09:37:00,2026-03-21T01:37:00
TKT-00097,2026-01-19T01:19:17,IT-006,password_reset,medium,tier=standard; urgency=high; category=password_reset,0.8,false,Alex Kapoor at Polaris Robotics reports need password reset in Customer Portal; impact: One user blocked from logging in.,subject='Need password reset'; system='Customer Portal'; symptom='Reset workflow for Customer Portal does not complete for the affected account.',identity_security,2026-01-19T07:49:00,2026-01-20T23:49:00
TKT-00098,2026-02-25T20:11:32,IT-003,other,medium,tier=standard; urgency=medium; category=other,0.97,false,Erin Jeong at Pacific Bioworks reports need help with a workflow in Customer Portal; impact: User unable to complete task.,subject='Need help with a workflow'; system='Customer Portal'; symptom='The user is unsure which team owns the Customer Portal request.',application_engineering,2026-02-26T01:23:00,2026-02-27T17:23:00
TKT-00099,2026-01-23T17:54:36,IT-008,data_reporting,low,tier=standard; urgency=low; category=data_reporting,0.97,false,Alex Patel at Aurora Capital reports analytics dashboard not loading in Inventory App; impact: Customer demo delayed because dashboard is down.,"subject='Analytics dashboard not loading'; system='Inventory App'; symptom='Inventory App data output is stale, incomplete, or unavailable.'",data_analytics,2026-01-24T14:26:00,2026-01-26T14:26:00
TKT-00100,2026-02-23T10:31:33,IT-006,login_access,medium,tier=premium; urgency=medium; category=login_access,0.93,false,Alex Patel at Cypress Analytics reports mfa prompt never arrives in Identity Provider; impact: User cannot access required system.,subject='MFA prompt never arrives'; system='Identity Provider'; symptom='Identity Provider sign-in fails before the user reaches the app home page.',identity_security,2026-02-23T15:26:00,2026-02-25T07:26:00
TKT-00101,2026-03-07T20:35:02,IT-002,email_calendar,high,tier=premium; urgency=high; category=email_calendar,0.65,false,Grace Rao at Cypress Health reports email calendar sync issue in Email; impact: User missed customer meeting.,subject='Email calendar sync issue'; system='Email'; symptom='Email calendar or mailbox state is not syncing across devices.',identity_security,2026-03-07T21:30:00,2026-03-08T19:30:00
TKT-00102,2026-02-01T07:21:28,IT-005,billing_account,medium,tier=standard; urgency=high; category=billing_account,0.91,false,Dani Jeong at Northstar Foods reports invoice total looks wrong in Billing System; impact: Finance team holding payment until corrected.,subject='Invoice total looks wrong'; system='Billing System'; symptom='Billing System billing record does not match the customer's expected account state.',billing_finance,2026-02-01T14:34:00,2026-02-03T06:34:00
TKT-00103,2026-02-02T14:36:05,IT-005,network_connectivity,urgent,tier=enterprise; urgency=high; category=network_connectivity,0.61,true,Noor Fontaine at Pioneer Foods reports vpn disconnects every few minutes in VPN; impact: Remote engineer cannot stay connected to internal tools.,subject='VPN disconnects every few minutes'; system='VPN'; symptom='VPN connectivity is intermittent enough to interrupt work.',network_infra,2026-02-02T11:54:00,2026-02-02T18:54:00
TKT-00104,2026-02-12T15:05:04,IT-001,data_reporting,medium,tier=standard; urgency=medium; category=data_reporting,0.84,true,Jorge Rao at Helios Health reports stale numbers in finance dashboard in CRM; impact: Monthly close delayed by export issue.,"subject='Stale numbers in finance dashboard'; system='CRM'; symptom='CRM data output is stale, incomplete, or unavailable.'",data_analytics,2026-02-12T20:46:00,2026-02-14T12:46:00
TKT-00105,2026-03-26T09:00:18,IT-005,security_request,medium,tier=standard; urgency=medium; category=security_request,0.82,false,Jorge Eskola at Quartz Logistics reports vendor needs limited portal access in Identity Provider; impact: Audit blocked without access.,subject='Vendor needs limited portal access'; system='Identity Provider'; symptom='Identity Provider access or security state needs human review before action.',identity_security,2026-03-26T13:13:00,2026-03-28T05:13:00
TKT-00106,2026-02-26T04:33:49,IT-004,billing_account,low,tier=standard; urgency=low; category=billing_account,0.96,false,Grace Nair at Quartz Logistics reports wrong billing region applied in Customer Portal; impact: Finance unable to close the month.,subject='Wrong billing region applied'; system='Customer Portal'; symptom='Customer Portal billing record does not match the customer's expected account state.',billing_finance,2026-02-27T01:10:00,2026-03-01T01:10:00
TKT-00107,2026-03-30T05:04:49,IT-004,login_access,high,tier=premium; urgency=critical; category=login_access,0.87,false,Quinn Holm at Summit Health reports mfa prompt never arrives in Customer Portal; impact: User cannot access required system.,subject='MFA prompt never arrives'; system='Customer Portal'; symptom='Customer Portal sign-in fails before the user reaches the app home page.',identity_security,2026-03-30T04:36:00,2026-03-31T02:36:00
TKT-00108,2026-03-23T13:22:23,IT-003,email_calendar,medium,tier=premium; urgency=medium; category=email_calendar,0.78,false,Jorge Fontaine at Quartz Bioworks reports shared mailbox missing in Email; impact: Support intake delayed.,subject='Shared mailbox missing'; system='Email'; symptom='Email calendar or mailbox state is not syncing across devices.',identity_security,2026-03-23T18:54:00,2026-03-25T10:54:00
TKT-00109,2026-01-25T22:52:37,IT-006,login_access,medium,tier=premium; urgency=low; category=login_access,0.85,false,Grace Nair at Cypress Health reports account locked after travel in CRM; impact: Field rep blocked from CRM during customer visit.,subject='Account locked after travel'; system='CRM'; symptom='CRM sign-in fails before the user reaches the app home page.',identity_security,2026-01-26T05:28:00,2026-01-27T21:28:00
TKT-00110,2026-01-19T18:52:48,IT-002,data_reporting,medium,tier=standard; urgency=medium; category=data_reporting,0.92,true,Wren Devine at Helios Health reports crm export missing records in CRM; impact: QBR slides cannot be finalized.,"subject='CRM export missing records'; system='CRM'; symptom='CRM data output is stale, incomplete, or unavailable.'",data_analytics,2026-01-20T02:12:00,2026-01-21T18:12:00
TKT-00111,2026-01-18T04:34:00,IT-008,login_access,medium,tier=premium; urgency=low; category=login_access,0.9,false,Grace Quintero at Quartz Bioworks reports cannot log into customer portal in CRM; impact: One user blocked from logging in.,subject='Cannot log into customer portal'; system='CRM'; symptom='CRM sign-in fails before the user reaches the app home page.',identity_security,2026-01-18T08:14:00,2026-01-20T00:14:00
TKT-00112,2026-03-30T06:51:12,IT-008,other,medium,tier=standard; urgency=high; category=other,0.86,true,Grace Adler at Meridian Studios reports need help with a workflow in Customer Portal; impact: User unable to complete task.,subject='Need help with a workflow'; system='Customer Portal'; symptom='The user is unsure which team owns the Customer Portal request.',application_engineering,2026-03-30T13:40:00,2026-04-01T05:40:00
TKT-00113,2026-02-25T07:50:13,IT-003,security_request,medium,tier=standard; urgency=low; category=security_request,0.78,true,Tomo Mancini at Northstar Foods reports need access for new employee in Identity Provider; impact: New hire cannot access required systems.,subject='Need access for new employee'; system='Identity Provider'; symptom='Identity Provider access or security state needs human review before action.',identity_security,2026-02-25T14:10:00,2026-02-27T06:10:00
TKT-00114,2026-01-23T07:22:36,IT-003,network_connectivity,high,tier=premium; urgency=medium; category=network_connectivity,0.9,false,Grace Chen at Cypress Analytics reports wi-fi drops in conference room in VPN; impact: Customer demos interrupted.,subject='Wi-Fi drops in conference room'; system='VPN'; symptom='VPN connectivity is intermittent enough to interrupt work.',network_infra,2026-01-23T05:57:00,2026-01-24T03:57:00
TKT-00115,2026-02-09T05:12:36,IT-008,security_request,urgent,tier=premium; urgency=critical; category=security_request,0.9,false,Erin Okafor at Cypress Analytics reports need access for new employee in Identity Provider; impact: New hire cannot access required systems.,subject='Need access for new employee'; system='Identity Provider'; symptom='Identity Provider access or security state needs human review before action.',identity_security,2026-02-09T04:42:00,2026-02-09T11:42:00
TKT-00116,2026-03-16T23:08:57,IT-008,software_bug,medium,tier=standard; urgency=medium; category=software_bug,0.61,false,Wren Singh at Quartz Logistics reports printer offline error in Customer Portal; impact: Team cannot print client deliverables.,subject='Printer offline error'; system='Customer Portal'; symptom='Device or peripheral behavior remains faulty after a basic restart.',application_engineering,2026-03-17T02:10:00,2026-03-18T18:10:00
TKT-00117,2026-01-31T23:28:46,IT-004,login_access,low,tier=standard; urgency=low; category=login_access,0.64,false,Maya Rao at Ironhill Capital reports account locked after travel in Identity Provider; impact: Field rep blocked from CRM during customer visit.,subject='Account locked after travel'; system='Identity Provider'; symptom='Identity Provider sign-in fails before the user reaches the app home page.',identity_security,2026-02-01T19:25:00,2026-02-03T19:25:00
TKT-00118,2026-02-21T03:36:56,IT-008,data_reporting,medium,tier=standard; urgency=high; category=data_reporting,0.84,false,Theo Bose at Meridian Studios reports stale numbers in finance dashboard in Analytics Dashboard; impact: Monthly close delayed by export issue.,"subject='Stale numbers in finance dashboard'; system='Analytics Dashboard'; symptom='Analytics Dashboard data output is stale, incomplete, or unavailable.'",data_analytics,2026-02-21T09:18:00,2026-02-23T01:18:00
TKT-00119,2026-03-05T19:31:23,IT-002,email_calendar,medium,tier=standard; urgency=medium; category=email_calendar,0.96,false,Alex Bose at Pacific Bioworks reports shared mailbox missing in Email; impact: Support intake delayed.,subject='Shared mailbox missing'; system='Email'; symptom='Email calendar or mailbox state is not syncing across devices.',identity_security,2026-03-06T02:44:00,2026-03-07T18:44:00
TKT-00120,2026-03-10T04:24:18,IT-005,email_calendar,low,tier=standard; urgency=low; category=email_calendar,0.91,false,Alex Yamada at Polaris Robotics reports shared mailbox missing in Email; impact: Support intake delayed.,subject='Shared mailbox missing'; system='Email'; symptom='Email calendar or mailbox state is not syncing across devices.',identity_security,2026-03-11T01:44:00,2026-03-13T01:44:00
TKT-00121,2026-01-18T03:19:49,IT-001,network_connectivity,high,tier=premium; urgency=high; category=network_connectivity,0.91,false,Imani Underwood at Quartz Bioworks reports wi-fi drops in conference room in VPN; impact: Customer demos interrupted.,subject='Wi-Fi drops in conference room'; system='VPN'; symptom='VPN connectivity is intermittent enough to interrupt work.',network_infra,2026-01-17T23:57:00,2026-01-18T21:57:00
TKT-00122,2026-02-09T22:01:11,IT-007,login_access,high,tier=premium; urgency=critical; category=login_access,0.91,false,Grace Yamada at Cypress Analytics reports cannot log into customer portal in Customer Portal; impact: One user blocked from logging in.,subject='Cannot log into customer portal'; system='Customer Portal'; symptom='Customer Portal sign-in fails before the user reaches the app home page.',identity_security,2026-02-09T19:57:00,2026-02-10T17:57:00
TKT-00123,2026-03-21T04:01:55,IT-004,email_calendar,medium,tier=premium; urgency=medium; category=email_calendar,0.98,false,Tomo Kapoor at Quartz Bioworks reports shared mailbox missing in Email; impact: Support intake delayed.,subject='Shared mailbox missing'; system='Email'; symptom='Email calendar or mailbox state is not syncing across devices.',identity_security,2026-03-21T06:34:00,2026-03-22T22:34:00
TKT-00124,2026-03-14T15:21:45,IT-002,network_connectivity,medium,tier=standard; urgency=medium; category=network_connectivity,0.8,false,Olu Singh at Ironhill Capital reports high latency to internal apps in VPN; impact: Whole regional team affected.,subject='High latency to internal apps'; system='VPN'; symptom='VPN connectivity is intermittent enough to interrupt work.',network_infra,2026-03-14T21:02:00,2026-03-16T13:02:00
TKT-00125,2026-02-08T19:05:17,IT-005,password_reset,low,tier=premium; urgency=low; category=password_reset,0.93,false,Hassan Bose at Tessera Manufacturing reports need password reset in Identity Provider; impact: One user blocked from logging in.,subject='Need password reset'; system='Identity Provider'; symptom='Reset workflow for Identity Provider does not complete for the affected account.',identity_security,2026-02-09T17:18:00,2026-02-11T17:18:00
TKT-00126,2026-01-29T11:08:48,IT-006,billing_account,medium,tier=standard; urgency=medium; category=billing_account,0.92,false,Vera Kapoor at Meridian Marine Solutions reports wrong billing region applied in Billing System; impact: Finance unable to close the month.,subject='Wrong billing region applied'; system='Billing System'; symptom='Billing System billing record does not match the customer's expected account state.',billing_finance,2026-01-29T16:22:00,2026-01-31T08:22:00
TKT-00127,2026-02-12T06:24:03,IT-002,login_access,low,tier=standard; urgency=low; category=login_access,0.68,false,Erin Mancini at Helios Health reports stuck in sso redirect loop in CRM; impact: Two team members cannot start the day's work.,subject='Stuck in SSO redirect loop'; system='CRM'; symptom='CRM sign-in fails before the user reaches the app home page.',identity_security,2026-02-13T04:10:00,2026-02-15T04:10:00
TKT-00128,2026-02-18T10:37:18,IT-001,login_access,medium,tier=standard; urgency=medium; category=login_access,0.83,false,Marta Nair at Aurora Capital reports mfa prompt never arrives in Customer Portal; impact: User cannot access required system.,subject='MFA prompt never arrives'; system='Customer Portal'; symptom='Customer Portal sign-in fails before the user reaches the app home page.',identity_security,2026-02-18T18:06:00,2026-02-20T10:06:00
TKT-00129,2026-02-05T05:45:03,IT-002,data_reporting,low,tier=standard; urgency=low; category=data_reporting,0.88,false,Quinn Underwood at Meridian Marine Solutions reports analytics dashboard not loading in CRM; impact: Customer demo delayed because dashboard is down.,"subject='Analytics dashboard not loading'; system='CRM'; symptom='CRM data output is stale, incomplete, or unavailable.'",data_analytics,2026-02-06T01:59:00,2026-02-08T01:59:00
TKT-00130,2026-02-19T08:53:03,IT-003,login_access,medium,tier=standard; urgency=high; category=login_access,0.91,false,Ravi Quintero at Helios Health reports cannot log into customer portal in Identity Provider; impact: One user blocked from logging in.,subject='Cannot log into customer portal'; system='Identity Provider'; symptom='Identity Provider sign-in fails before the user reaches the app home page.',identity_security,2026-02-19T16:17:00,2026-02-21T08:17:00
TKT-00131,2026-03-27T12:45:05,IT-001,billing_account,medium,tier=standard; urgency=medium; category=billing_account,0.94,false,Olu Ivanov at Quartz Logistics reports wrong billing region applied in Customer Portal; impact: Finance unable to close the month.,subject='Wrong billing region applied'; system='Customer Portal'; symptom='Customer Portal billing record does not match the customer's expected account state.',billing_finance,2026-03-27T20:14:00,2026-03-29T12:14:00
TKT-00132,2026-03-21T20:47:04,IT-003,login_access,medium,tier=standard; urgency=medium; category=login_access,0.88,false,Kai Bose at Polaris Logistics reports mfa prompt never arrives in Customer Portal; impact: User cannot access required system.,subject='MFA prompt never arrives'; system='Customer Portal'; symptom='Customer Portal sign-in fails before the user reaches the app home page.',identity_security,2026-03-22T00:28:00,2026-03-23T16:28:00
TKT-00133,2026-01-28T03:44:40,IT-005,password_reset,medium,tier=standard; urgency=medium; category=password_reset,0.97,false,Imani Holm at Quartz Logistics reports service account password expired in CRM; impact: Nightly export job failing.,subject='Service account password expired'; system='CRM'; symptom='Reset workflow for CRM does not complete for the affected account.',identity_security,2026-01-28T10:49:00,2026-01-30T02:49:00
TKT-00134,2026-02-03T07:34:31,IT-008,other,high,tier=enterprise; urgency=medium; category=other,0.79,true,Yuki Chen at Lumen Systems reports general question about software list in Customer Portal; impact: Productivity blocker for one user.,subject='General question about software list'; system='Customer Portal'; symptom='The user is unsure which team owns the Customer Portal request.',application_engineering,2026-02-03T07:45:00,2026-02-04T05:45:00
TKT-00135,2026-03-10T01:47:57,IT-007,network_connectivity,high,tier=premium; urgency=medium; category=network_connectivity,0.81,false,Theo Devine at Cypress Analytics reports high latency to internal apps in Identity Provider; impact: Whole regional team affected.,subject='High latency to internal apps'; system='Identity Provider'; symptom='Identity Provider connectivity is intermittent enough to interrupt work.',network_infra,2026-03-10T02:51:00,2026-03-11T00:51:00
TKT-00136,2026-01-24T09:43:20,IT-003,password_reset,medium,tier=enterprise; urgency=low; category=password_reset,0.84,false,Yuki Yamada at Lumen Systems reports need password reset in Identity Provider; impact: One user blocked from logging in.,subject='Need password reset'; system='Identity Provider'; symptom='Reset workflow for Identity Provider does not complete for the affected account.',identity_security,2026-01-24T13:46:00,2026-01-26T05:46:00
TKT-00137,2026-01-25T08:03:36,IT-007,data_reporting,high,tier=standard; urgency=high; category=data_reporting,0.94,true,Ravi Patel at Quartz Logistics reports analytics dashboard not loading in CRM; impact: Customer demo delayed because dashboard is down.,"subject='Analytics dashboard not loading'; system='CRM'; symptom='CRM data output is stale, incomplete, or unavailable.'",data_analytics,2026-01-25T07:27:00,2026-01-26T05:27:00
TKT-00138,2026-01-20T10:45:59,IT-007,login_access,high,tier=standard; urgency=critical; category=login_access,0.85,true,Noor Yamada at Meridian Marine Solutions reports cannot log into customer portal in Customer Portal; impact: One user blocked from logging in.,subject='Cannot log into customer portal'; system='Customer Portal'; symptom='Customer Portal sign-in fails before the user reaches the app home page.',identity_security,2026-01-20T10:52:00,2026-01-21T08:52:00
TKT-00139,2026-01-21T11:54:12,IT-004,other,low,tier=standard; urgency=low; category=other,0.88,false,Ravi Tanaka at Meridian Studios reports need help with a workflow in Customer Portal; impact: User unable to complete task.,subject='Need help with a workflow'; system='Customer Portal'; symptom='The user is unsure which team owns the Customer Portal request.',application_engineering,2026-01-22T10:06:00,2026-01-24T10:06:00
TKT-00140,2026-02-24T17:27:00,IT-008,login_access,low,tier=standard; urgency=low; category=login_access,0.87,false,Maya Vega at Pacific Bioworks reports stuck in sso redirect loop in Customer Portal; impact: Two team members cannot start the day's work.,subject='Stuck in SSO redirect loop'; system='Customer Portal'; symptom='Customer Portal sign-in fails before the user reaches the app home page.',identity_security,2026-02-25T12:05:00,2026-02-27T12:05:00
TKT-00141,2026-01-26T06:17:22,IT-007,password_reset,high,tier=enterprise; urgency=high; category=password_reset,0.82,false,Chen Tanaka at Pioneer Foods reports need password reset in Customer Portal; impact: One user blocked from logging in.,subject='Need password reset'; system='Customer Portal'; symptom='Reset workflow for Customer Portal does not complete for the affected account.',identity_security,2026-01-26T07:20:00,2026-01-27T05:20:00
TKT-00142,2026-02-20T07:45:59,IT-005,hardware_issue,high,tier=premium; urgency=high; category=hardware_issue,0.92,false,Xavi Adler at Quartz Bioworks reports wireless mouse not working in Customer Portal; impact: Single user partially blocked.,subject='Wireless mouse not working'; system='Customer Portal'; symptom='Device or peripheral behavior remains faulty after a basic restart.',hardware_field,2026-02-20T06:51:00,2026-02-21T04:51:00
TKT-00143,2026-03-28T16:09:04,IT-005,login_access,medium,tier=standard; urgency=medium; category=login_access,0.93,false,Kai Tanaka at Meridian Studios reports mfa prompt never arrives in CRM; impact: User cannot access required system.,subject='MFA prompt never arrives'; system='CRM'; symptom='CRM sign-in fails before the user reaches the app home page.',identity_security,2026-03-28T22:31:00,2026-03-30T14:31:00
TKT-00144,2026-01-18T11:31:12,IT-004,data_reporting,medium,tier=standard; urgency=medium; category=data_reporting,0.91,false,Jorge Quintero at Polaris Logistics reports stale numbers in finance dashboard in CRM; impact: Monthly close delayed by export issue.,"subject='Stale numbers in finance dashboard'; system='CRM'; symptom='CRM data output is stale, incomplete, or unavailable.'",data_analytics,2026-01-18T17:28:00,2026-01-20T09:28:00
TKT-00145,2026-02-09T06:46:13,IT-007,password_reset,high,tier=premium; urgency=critical; category=password_reset,0.95,false,Dani Ivanov at Tessera Manufacturing reports service account password expired in Customer Portal; impact: Nightly export job failing.,subject='Service account password expired'; system='Customer Portal'; symptom='Reset workflow for Customer Portal does not complete for the affected account.',identity_security,2026-02-09T03:09:00,2026-02-10T01:09:00
TKT-00146,2026-03-11T12:09:45,IT-001,data_reporting,medium,tier=standard; urgency=medium; category=data_reporting,0.96,true,Dani Nair at Meridian Studios reports crm export missing records in Analytics Dashboard; impact: QBR slides cannot be finalized.,"subject='CRM export missing records'; system='Analytics Dashboard'; symptom='Analytics Dashboard data output is stale, incomplete, or unavailable.'",data_analytics,2026-03-11T19:53:00,2026-03-13T11:53:00
TKT-00147,2026-02-11T14:35:03,IT-007,software_bug,medium,tier=standard; urgency=medium; category=software_bug,0.88,true,Xavi Bose at Northstar Foods reports saved filter not loading on dashboard in Customer Portal; impact: Manager dashboard broken before exec review.,subject='Saved filter not loading on dashboard'; system='Customer Portal'; symptom='Customer Portal behavior is repeatable and differs from yesterday's behavior.',application_engineering,2026-02-11T18:17:00,2026-02-13T10:17:00
TKT-00148,2026-01-24T11:39:13,IT-003,data_reporting,medium,tier=standard; urgency=medium; category=data_reporting,0.9,false,Yuki Devine at Polaris Logistics reports stale numbers in finance dashboard in Analytics Dashboard; impact: Monthly close delayed by export issue.,"subject='Stale numbers in finance dashboard'; system='Analytics Dashboard'; symptom='Analytics Dashboard data output is stale, incomplete, or unavailable.'",data_analytics,2026-01-24T17:49:00,2026-01-26T09:49:00
TKT-00149,2026-01-26T13:49:27,IT-005,password_reset,low,tier=premium; urgency=low; category=password_reset,0.96,false,Iris Holm at Cypress Health reports service account password expired in Customer Portal; impact: Nightly export job failing.,subject='Service account password expired'; system='Customer Portal'; symptom='Reset workflow for Customer Portal does not complete for the affected account.',identity_security,2026-01-27T08:37:00,2026-01-29T08:37:00
TKT-00150,2026-03-18T05:17:18,IT-005,password_reset,medium,tier=premium; urgency=medium; category=password_reset,0.92,false,Kai Patel at Quartz Bioworks reports service account password expired in Identity Provider; impact: Nightly export job failing.,subject='Service account password expired'; system='Identity Provider'; symptom='Reset workflow for Identity Provider does not complete for the affected account.',identity_security,2026-03-18T12:31:00,2026-03-20T04:31:00
TKT-00151,2026-01-29T06:49:08,IT-002,network_connectivity,medium,tier=standard; urgency=low; category=network_connectivity,0.83,false,Kai Devine at Polaris Logistics reports vpn disconnects every few minutes in VPN; impact: Remote engineer cannot stay connected to internal tools.,subject='VPN disconnects every few minutes'; system='VPN'; symptom='VPN connectivity is intermittent enough to interrupt work.',network_infra,2026-01-29T13:09:00,2026-01-31T05:09:00
TKT-00152,2026-03-12T18:06:26,IT-001,email_calendar,medium,tier=standard; urgency=high; category=email_calendar,0.98,false,Wren Bose at Pacific Bioworks reports shared mailbox missing in Email; impact: Support intake delayed.,subject='Shared mailbox missing'; system='Email'; symptom='Email calendar or mailbox state is not syncing across devices.',identity_security,2026-03-12T22:20:00,2026-03-14T14:20:00
TKT-00153,2026-02-21T06:41:18,IT-006,software_bug,high,tier=premium; urgency=high; category=software_bug,0.92,false,Chen Zhao at Cypress Health reports inventory app shows stale data in Customer Portal; impact: Warehouse team picking against incorrect data.,subject='Inventory App shows stale data'; system='Customer Portal'; symptom='Customer Portal behavior is repeatable and differs from yesterday's behavior.',application_engineering,2026-02-21T06:13:00,2026-02-22T04:13:00
TKT-00154,2026-01-17T08:21:28,IT-008,other,high,tier=premium; urgency=critical; category=other,0.62,true,Noor Singh at Summit Health reports need help with a workflow in Customer Portal; impact: User unable to complete task.,subject='Need help with a workflow'; system='Customer Portal'; symptom='The user is unsure which team owns the Customer Portal request.',application_engineering,2026-01-17T08:33:00,2026-01-18T06:33:00
TKT-00155,2026-02-28T10:25:49,IT-008,billing_account,medium,tier=standard; urgency=medium; category=billing_account,0.71,false,Kai Kapoor at Meridian Marine Solutions reports cannot download invoice pdf in Customer Portal; impact: Customer cannot file expense reports.,subject='Cannot download invoice PDF'; system='Customer Portal'; symptom='Customer Portal billing record does not match the customer's expected account state.',billing_finance,2026-02-28T14:40:00,2026-03-02T06:40:00
TKT-00156,2026-01-19T08:18:31,IT-006,hardware_issue,high,tier=enterprise; urgency=medium; category=hardware_issue,0.48,false,Sana Tanaka at Pioneer Foods reports mfa prompt never arrives in CRM; impact: User cannot access required system.,subject='MFA prompt never arrives'; system='CRM'; symptom='CRM sign-in fails before the user reaches the app home page.',hardware_field,2026-01-19T06:02:00,2026-01-20T04:02:00
TKT-00157,2026-02-14T22:48:47,IT-004,data_reporting,high,tier=premium; urgency=high; category=data_reporting,0.6,true,Xavi Xu at Tessera Manufacturing reports crm export missing records in Analytics Dashboard; impact: QBR slides cannot be finalized.,"subject='CRM export missing records'; system='Analytics Dashboard'; symptom='Analytics Dashboard data output is stale, incomplete, or unavailable.'",data_analytics,2026-02-14T22:15:00,2026-02-15T20:15:00
TKT-00158,2026-03-10T15:13:29,IT-005,email_calendar,high,tier=premium; urgency=high; category=email_calendar,0.88,false,Vera Nair at Tessera Manufacturing reports email calendar sync issue in Email; impact: User missed customer meeting.,subject='Email calendar sync issue'; system='Email'; symptom='Email calendar or mailbox state is not syncing across devices.',identity_security,2026-03-10T12:19:00,2026-03-11T10:19:00
TKT-00159,2026-01-18T23:15:11,IT-005,password_reset,medium,tier=premium; urgency=medium; category=password_reset,0.81,false,Dani Xu at Tessera Manufacturing reports need password reset in Identity Provider; impact: One user blocked from logging in.,subject='Need password reset'; system='Identity Provider'; symptom='Reset workflow for Identity Provider does not complete for the affected account.',identity_security,2026-01-19T01:49:00,2026-01-20T17:49:00
TKT-00160,2026-03-05T19:24:19,IT-007,login_access,urgent,tier=enterprise; urgency=critical; category=login_access,0.88,false,Jorge Walsh at Pioneer Foods reports mfa prompt never arrives in Identity Provider; impact: User cannot access required system.,subject='MFA prompt never arrives'; system='Identity Provider'; symptom='Identity Provider sign-in fails before the user reaches the app home page.',identity_security,2026-03-05T16:21:00,2026-03-05T23:21:00
TKT-00161,2026-01-26T04:52:37,IT-003,password_reset,low,tier=standard; urgency=medium; category=password_reset,0.96,false,Bea Grover at Polaris Logistics reports password reset link expired in Identity Provider; impact: Customer demo delayed.,subject='Password reset link expired'; system='Identity Provider'; symptom='Reset workflow for Identity Provider does not complete for the affected account.',identity_security,2026-01-26T23:14:00,2026-01-28T23:14:00
TKT-00162,2026-01-20T13:52:41,IT-002,software_bug,medium,tier=premium; urgency=medium; category=software_bug,0.77,true,Alex Okafor at Summit Health reports saved filter not loading on dashboard in Inventory App; impact: Manager dashboard broken before exec review.,subject='Saved filter not loading on dashboard'; system='Inventory App'; symptom='Inventory App behavior is repeatable and differs from yesterday's behavior.',application_engineering,2026-01-20T19:38:00,2026-01-22T11:38:00
TKT-00163,2026-02-12T11:32:59,IT-008,password_reset,medium,tier=standard; urgency=high; category=password_reset,0.92,false,Quinn Quintero at Quartz Logistics reports service account password expired in Identity Provider; impact: Nightly export job failing.,subject='Service account password expired'; system='Identity Provider'; symptom='Reset workflow for Identity Provider does not complete for the affected account.',identity_security,2026-02-12T15:07:00,2026-02-14T07:07:00
TKT-00164,2026-02-12T18:34:08,IT-007,login_access,medium,tier=standard; urgency=medium; category=login_access,0.98,false,Tomo Liang at Meridian Studios reports account locked after travel in Customer Portal; impact: Field rep blocked from CRM during customer visit.,subject='Account locked after travel'; system='Customer Portal'; symptom='Customer Portal sign-in fails before the user reaches the app home page.',identity_security,2026-02-12T22:59:00,2026-02-14T14:59:00
TKT-00165,2026-02-18T14:29:34,IT-003,data_reporting,medium,tier=standard; urgency=low; category=data_reporting,0.89,false,Vera Walsh at Ironhill Capital reports analytics dashboard not loading in Analytics Dashboard; impact: Customer demo delayed because dashboard is down.,"subject='Analytics dashboard not loading'; system='Analytics Dashboard'; symptom='Analytics Dashboard data output is stale, incomplete, or unavailable.'",data_analytics,2026-02-18T21:57:00,2026-02-20T13:57:00
TKT-00166,2026-02-13T13:56:31,IT-004,login_access,medium,tier=standard; urgency=medium; category=login_access,0.85,false,Priya Chen at Quartz Logistics reports mfa prompt never arrives in CRM; impact: User cannot access required system.,subject='MFA prompt never arrives'; system='CRM'; symptom='CRM sign-in fails before the user reaches the app home page.',identity_security,2026-02-13T16:26:00,2026-02-15T08:26:00
TKT-00167,2026-02-10T16:55:52,IT-005,network_connectivity,urgent,tier=premium; urgency=high; category=network_connectivity,0.86,false,Sana Ivanov at Summit Health reports wi-fi drops in conference room in Identity Provider; impact: Customer demos interrupted.,subject='Wi-Fi drops in conference room'; system='Identity Provider'; symptom='Identity Provider connectivity is intermittent enough to interrupt work.',network_infra,2026-02-10T14:00:00,2026-02-10T21:00:00
TKT-00168,2026-03-31T01:27:18,IT-007,login_access,medium,tier=enterprise; urgency=low; category=login_access,0.96,false,Chen Mancini at Lumen Systems reports stuck in sso redirect loop in Identity Provider; impact: Two team members cannot start the day's work.,subject='Stuck in SSO redirect loop'; system='Identity Provider'; symptom='Identity Provider sign-in fails before the user reaches the app home page.',identity_security,2026-03-31T08:57:00,2026-04-02T00:57:00
TKT-00169,2026-02-20T12:24:51,IT-002,software_bug,high,tier=premium; urgency=critical; category=software_bug,0.91,false,Marta Tanaka at Summit Health reports app freezes when opening report in Inventory App; impact: Reporting workflow unusable.,subject='App freezes when opening report'; system='Inventory App'; symptom='Inventory App behavior is repeatable and differs from yesterday's behavior.',application_engineering,2026-02-20T13:19:00,2026-02-21T11:19:00
TKT-00170,2026-03-12T03:08:54,IT-006,network_connectivity,high,tier=standard; urgency=medium; category=network_connectivity,0.88,false,Nikhil Jeong at Polaris Logistics reports vpn disconnects every few minutes in VPN; impact: Remote engineer cannot stay connected to internal tools.,subject='VPN disconnects every few minutes'; system='VPN'; symptom='VPN connectivity is intermittent enough to interrupt work.',network_infra,2026-03-12T04:01:00,2026-03-13T02:01:00
TKT-00171,2026-01-19T10:13:09,IT-007,billing_account,medium,tier=premium; urgency=medium; category=billing_account,0.95,false,Noor Quintero at Cypress Health reports invoice total looks wrong in Customer Portal; impact: Finance team holding payment until corrected.,subject='Invoice total looks wrong'; system='Customer Portal'; symptom='Customer Portal billing record does not match the customer's expected account state.',billing_finance,2026-01-19T15:44:00,2026-01-21T07:44:00
TKT-00172,2026-03-30T02:51:48,IT-005,data_reporting,medium,tier=standard; urgency=medium; category=data_reporting,0.85,false,Kai Xu at Quartz Logistics reports analytics dashboard not loading in Analytics Dashboard; impact: Customer demo delayed because dashboard is down.,"subject='Analytics dashboard not loading'; system='Analytics Dashboard'; symptom='Analytics Dashboard data output is stale, incomplete, or unavailable.'",data_analytics,2026-03-30T07:30:00,2026-03-31T23:30:00
TKT-00173,2026-02-19T18:39:50,IT-006,login_access,medium,tier=standard; urgency=high; category=login_access,0.77,false,Nikhil Mancini at Helios Health reports cannot log into customer portal in CRM; impact: One user blocked from logging in.,subject='Cannot log into customer portal'; system='CRM'; symptom='CRM sign-in fails before the user reaches the app home page.',identity_security,2026-02-20T00:46:00,2026-02-21T16:46:00
TKT-00174,2026-03-16T22:11:00,IT-002,network_connectivity,medium,tier=standard; urgency=medium; category=network_connectivity,0.79,true,Dani Grover at Helios Health reports vpn disconnects every few minutes in Identity Provider; impact: Remote engineer cannot stay connected to internal tools.,subject='VPN disconnects every few minutes'; system='Identity Provider'; symptom='Identity Provider connectivity is intermittent enough to interrupt work.',network_infra,2026-03-17T01:40:00,2026-03-18T17:40:00
TKT-00175,2026-03-01T17:27:25,IT-002,password_reset,low,tier=premium; urgency=low; category=password_reset,0.93,false,Zane Yamada at Tessera Manufacturing reports service account password expired in Identity Provider; impact: Nightly export job failing.,subject='Service account password expired'; system='Identity Provider'; symptom='Reset workflow for Identity Provider does not complete for the affected account.',identity_security,2026-03-02T15:57:00,2026-03-04T15:57:00
TKT-00176,2026-03-26T02:06:27,IT-002,other,medium,tier=standard; urgency=medium; category=other,0.64,false,Alex Grover at Helios Health reports general question about software list in Customer Portal; impact: Productivity blocker for one user.,subject='General question about software list'; system='Customer Portal'; symptom='The user is unsure which team owns the Customer Portal request.',application_engineering,2026-03-26T08:13:00,2026-03-28T00:13:00
TKT-00177,2026-01-19T11:41:28,IT-006,software_bug,low,tier=standard; urgency=low; category=software_bug,0.59,false,Theo Adler at Ironhill Capital reports shared mailbox missing in Email; impact: Support intake delayed.,subject='Shared mailbox missing'; system='Email'; symptom='Email calendar or mailbox state is not syncing across devices.',application_engineering,2026-01-20T10:07:00,2026-01-22T10:07:00
TKT-00178,2026-02-04T06:51:28,IT-008,hardware_issue,high,tier=premium; urgency=high; category=hardware_issue,0.78,false,Theo Adler at Tessera Manufacturing reports printer offline error in Customer Portal; impact: Team cannot print client deliverables.,subject='Printer offline error'; system='Customer Portal'; symptom='Device or peripheral behavior remains faulty after a basic restart.',hardware_field,2026-02-04T06:26:00,2026-02-05T04:26:00
TKT-00179,2026-01-19T04:18:02,IT-004,software_bug,high,tier=premium; urgency=critical; category=software_bug,0.91,true,Wren Liang at Cypress Health reports saved filter not loading on dashboard in Analytics Dashboard; impact: Manager dashboard broken before exec review.,subject='Saved filter not loading on dashboard'; system='Analytics Dashboard'; symptom='Analytics Dashboard behavior is repeatable and differs from yesterday's behavior.',application_engineering,2026-01-19T03:24:00,2026-01-20T01:24:00
TKT-00180,2026-03-28T14:59:05,IT-007,password_reset,low,tier=standard; urgency=medium; category=password_reset,0.81,false,Jorge Yamada at Ironhill Capital reports password reset link expired in CRM; impact: Customer demo delayed.,subject='Password reset link expired'; system='CRM'; symptom='Reset workflow for CRM does not complete for the affected account.',identity_security,2026-03-29T10:32:00,2026-03-31T10:32:00
TKT-00181,2026-03-25T03:59:37,IT-002,email_calendar,medium,tier=standard; urgency=medium; category=email_calendar,0.61,false,Bea Rao at Aurora Capital reports out of office not sending in Email; impact: Stakeholders unaware of leave.,subject='Out of office not sending'; system='Email'; symptom='Email calendar or mailbox state is not syncing across devices.',identity_security,2026-03-25T06:09:00,2026-03-26T22:09:00
TKT-00182,2026-02-08T11:46:47,IT-008,billing_account,medium,tier=standard; urgency=medium; category=billing_account,0.81,false,Quinn Walsh at Northstar Foods reports invoice total looks wrong in Billing System; impact: Finance team holding payment until corrected.,subject='Invoice total looks wrong'; system='Billing System'; symptom='Billing System billing record does not match the customer's expected account state.',billing_finance,2026-02-08T17:16:00,2026-02-10T09:16:00
TKT-00183,2026-02-16T14:16:41,IT-007,login_access,medium,tier=standard; urgency=medium; category=login_access,0.92,false,Marta Singh at Meridian Studios reports account locked after travel in CRM; impact: Field rep blocked from CRM during customer visit.,subject='Account locked after travel'; system='CRM'; symptom='CRM sign-in fails before the user reaches the app home page.',identity_security,2026-02-16T18:47:00,2026-02-18T10:47:00
TKT-00184,2026-02-13T12:13:06,IT-005,billing_account,medium,tier=premium; urgency=medium; category=billing_account,0.85,false,Quinn Holm at Pioneer Bioworks reports invoice total looks wrong in Customer Portal; impact: Finance team holding payment until corrected.,subject='Invoice total looks wrong'; system='Customer Portal'; symptom='Customer Portal billing record does not match the customer's expected account state.',billing_finance,2026-02-13T18:08:00,2026-02-15T10:08:00
TKT-00185,2026-02-05T02:40:52,IT-002,email_calendar,medium,tier=standard; urgency=medium; category=email_calendar,0.73,false,Bea Rao at Aurora Capital reports shared mailbox missing in Email; impact: Support intake delayed.,subject='Shared mailbox missing'; system='Email'; symptom='Email calendar or mailbox state is not syncing across devices.',identity_security,2026-02-05T06:39:00,2026-02-06T22:39:00
TKT-00186,2026-02-28T03:29:45,IT-007,network_connectivity,high,tier=standard; urgency=medium; category=network_connectivity,0.88,true,Kai Fontaine at Quartz Logistics reports wi-fi drops in conference room in VPN; impact: Customer demos interrupted.,subject='Wi-Fi drops in conference room'; system='VPN'; symptom='VPN connectivity is intermittent enough to interrupt work.',network_infra,2026-02-28T00:21:00,2026-02-28T22:21:00
TKT-00187,2026-02-15T06:07:18,IT-006,network_connectivity,medium,tier=standard; urgency=medium; category=network_connectivity,0.85,true,Sana Jeong at Northstar Foods reports high latency to internal apps in Identity Provider; impact: Whole regional team affected.,subject='High latency to internal apps'; system='Identity Provider'; symptom='Identity Provider connectivity is intermittent enough to interrupt work.',network_infra,2026-02-15T13:13:00,2026-02-17T05:13:00
TKT-00188,2026-02-08T11:38:09,IT-007,login_access,medium,tier=standard; urgency=medium; category=login_access,0.86,false,Tomo Walsh at Northstar Foods reports stuck in sso redirect loop in Customer Portal; impact: Two team members cannot start the day's work.,subject='Stuck in SSO redirect loop'; system='Customer Portal'; symptom='Customer Portal sign-in fails before the user reaches the app home page.',identity_security,2026-02-08T16:31:00,2026-02-10T08:31:00
TKT-00189,2026-01-18T00:30:08,IT-006,network_connectivity,medium,tier=standard; urgency=low; category=network_connectivity,0.86,false,Nikhil Holm at Northstar Foods reports vpn disconnects every few minutes in VPN; impact: Remote engineer cannot stay connected to internal tools.,subject='VPN disconnects every few minutes'; system='VPN'; symptom='VPN connectivity is intermittent enough to interrupt work.',network_infra,2026-01-18T06:46:00,2026-01-19T22:46:00
TKT-00190,2026-02-18T01:31:52,IT-006,data_reporting,medium,tier=standard; urgency=high; category=data_reporting,0.95,false,Priya Kapoor at Pacific Bioworks reports crm export missing records in Inventory App; impact: QBR slides cannot be finalized.,"subject='CRM export missing records'; system='Inventory App'; symptom='Inventory App data output is stale, incomplete, or unavailable.'",data_analytics,2026-02-18T04:48:00,2026-02-19T20:48:00
TKT-00191,2026-03-25T20:07:10,IT-001,password_reset,medium,tier=premium; urgency=medium; category=password_reset,0.86,false,Priya Patel at Pioneer Bioworks reports service account password expired in Customer Portal; impact: Nightly export job failing.,subject='Service account password expired'; system='Customer Portal'; symptom='Reset workflow for Customer Portal does not complete for the affected account.',identity_security,2026-03-26T01:29:00,2026-03-27T17:29:00
TKT-00192,2026-03-31T04:19:04,IT-006,email_calendar,medium,tier=standard; urgency=high; category=email_calendar,0.73,true,Erin Vega at Helios Health reports email calendar sync issue in Email; impact: User missed customer meeting.,subject='Email calendar sync issue'; system='Email'; symptom='Email calendar or mailbox state is not syncing across devices.',identity_security,2026-03-31T11:51:00,2026-04-02T03:51:00
TKT-00193,2026-03-03T19:44:38,IT-001,login_access,high,tier=premium; urgency=high; category=login_access,0.69,false,Felix Zhao at Cypress Analytics reports stuck in sso redirect loop in CRM; impact: Two team members cannot start the day's work.,subject='Stuck in SSO redirect loop'; system='CRM'; symptom='CRM sign-in fails before the user reaches the app home page.',identity_security,2026-03-03T18:43:00,2026-03-04T16:43:00
TKT-00194,2026-03-27T18:03:16,IT-007,login_access,medium,tier=premium; urgency=medium; category=login_access,0.81,false,Ravi Tanaka at Pioneer Bioworks reports mfa prompt never arrives in Identity Provider; impact: User cannot access required system.,subject='MFA prompt never arrives'; system='Identity Provider'; symptom='Identity Provider sign-in fails before the user reaches the app home page.',identity_security,2026-03-27T22:51:00,2026-03-29T14:51:00
TKT-00195,2026-03-15T16:48:42,IT-001,data_reporting,high,tier=premium; urgency=high; category=data_reporting,0.86,false,Vera Nair at Cypress Analytics reports crm export missing records in CRM; impact: QBR slides cannot be finalized.,"subject='CRM export missing records'; system='CRM'; symptom='CRM data output is stale, incomplete, or unavailable.'",data_analytics,2026-03-15T15:39:00,2026-03-16T13:39:00
TKT-00196,2026-02-22T23:06:09,IT-008,login_access,medium,tier=standard; urgency=medium; category=login_access,0.8,false,Theo Okafor at Pacific Bioworks reports stuck in sso redirect loop in CRM; impact: Two team members cannot start the day's work.,subject='Stuck in SSO redirect loop'; system='CRM'; symptom='CRM sign-in fails before the user reaches the app home page.',identity_security,2026-02-23T01:15:00,2026-02-24T17:15:00
TKT-00197,2026-03-11T13:39:25,IT-001,password_reset,low,tier=premium; urgency=low; category=password_reset,0.79,false,Quinn Zhao at Tessera Manufacturing reports password reset link expired in CRM; impact: Customer demo delayed.,subject='Password reset link expired'; system='CRM'; symptom='Reset workflow for CRM does not complete for the affected account.',identity_security,2026-03-12T11:29:00,2026-03-14T11:29:00
TKT-00198,2026-03-23T02:55:00,IT-007,password_reset,low,tier=standard; urgency=low; category=password_reset,0.67,true,Tomo Devine at Meridian Studios reports password reset link expired in CRM; impact: Customer demo delayed.,subject='Password reset link expired'; system='CRM'; symptom='Reset workflow for CRM does not complete for the affected account.',identity_security,2026-03-24T01:11:00,2026-03-26T01:11:00
TKT-00199,2026-03-02T14:42:52,IT-002,other,medium,tier=standard; urgency=medium; category=other,0.78,false,Grace Grover at Pacific Bioworks reports general question about software list in Customer Portal; impact: Productivity blocker for one user.,subject='General question about software list'; system='Customer Portal'; symptom='The user is unsure which team owns the Customer Portal request.',application_engineering,2026-03-02T20:36:00,2026-03-04T12:36:00
TKT-00200,2026-02-18T01:18:00,IT-007,email_calendar,high,tier=enterprise; urgency=high; category=email_calendar,0.9,false,Zane Grover at Lumen Systems reports out of office not sending in Email; impact: Stakeholders unaware of leave.,subject='Out of office not sending'; system='Email'; symptom='Email calendar or mailbox state is not syncing across devices.',identity_security,2026-02-18T03:00:00,2026-02-19T01:00:00
TKT-00201,2026-03-07T18:08:09,IT-007,password_reset,medium,tier=enterprise; urgency=low; category=password_reset,0.91,false,Nikhil Mancini at Pioneer Foods reports password reset link expired in CRM; impact: Customer demo delayed.,subject='Password reset link expired'; system='CRM'; symptom='Reset workflow for CRM does not complete for the affected account.',identity_security,2026-03-07T22:14:00,2026-03-09T14:14:00
TKT-00202,2026-03-22T05:57:26,IT-004,billing_account,medium,tier=standard; urgency=medium; category=billing_account,0.72,false,Kai Vega at Northstar Foods reports wrong billing region applied in Customer Portal; impact: Finance unable to close the month.,subject='Wrong billing region applied'; system='Customer Portal'; symptom='Customer Portal billing record does not match the customer's expected account state.',billing_finance,2026-03-22T12:26:00,2026-03-24T04:26:00
TKT-00203,2026-03-27T02:18:46,IT-007,network_connectivity,medium,tier=standard; urgency=low; category=network_connectivity,0.66,true,Noor Mancini at Meridian Marine Solutions reports high latency to internal apps in Identity Provider; impact: Whole regional team affected.,subject='High latency to internal apps'; system='Identity Provider'; symptom='Identity Provider connectivity is intermittent enough to interrupt work.',network_infra,2026-03-27T05:14:00,2026-03-28T21:14:00
TKT-00204,2026-03-01T00:38:08,IT-004,network_connectivity,urgent,tier=enterprise; urgency=medium; category=network_connectivity,0.95,true,Lin Mancini at Pioneer Foods reports high latency to internal apps in Identity Provider; impact: Whole regional team affected.,subject='High latency to internal apps'; system='Identity Provider'; symptom='Identity Provider connectivity is intermittent enough to interrupt work.',network_infra,2026-02-28T22:01:00,2026-03-01T05:01:00
TKT-00205,2026-01-28T01:37:55,IT-005,billing_account,high,tier=enterprise; urgency=medium; category=billing_account,0.87,true,Nikhil Xu at Pioneer Foods reports invoice total looks wrong in Billing System; impact: Finance team holding payment until corrected.,subject='Invoice total looks wrong'; system='Billing System'; symptom='Billing System billing record does not match the customer's expected account state.',billing_finance,2026-01-27T22:24:00,2026-01-28T20:24:00
TKT-00206,2026-02-02T03:03:24,IT-001,login_access,high,tier=premium; urgency=high; category=login_access,0.79,false,Alex Devine at Pioneer Bioworks reports stuck in sso redirect loop in Customer Portal; impact: Two team members cannot start the day's work.,subject='Stuck in SSO redirect loop'; system='Customer Portal'; symptom='Customer Portal sign-in fails before the user reaches the app home page.',identity_security,2026-02-02T00:46:00,2026-02-02T22:46:00
TKT-00207,2026-02-10T12:50:25,IT-006,network_connectivity,high,tier=enterprise; urgency=medium; category=network_connectivity,0.74,true,Lin Zhao at Pioneer Foods reports high latency to internal apps in VPN; impact: Whole regional team affected.,subject='High latency to internal apps'; system='VPN'; symptom='VPN connectivity is intermittent enough to interrupt work.',network_infra,2026-02-10T10:55:00,2026-02-11T08:55:00
TKT-00208,2026-01-22T10:13:33,IT-001,network_connectivity,urgent,tier=premium; urgency=high; category=network_connectivity,0.84,false,Hassan Liang at Tessera Manufacturing reports high latency to internal apps in VPN; impact: Whole regional team affected.,subject='High latency to internal apps'; system='VPN'; symptom='VPN connectivity is intermittent enough to interrupt work.',network_infra,2026-01-22T09:17:00,2026-01-22T16:17:00
TKT-00209,2026-03-29T09:12:42,IT-002,hardware_issue,medium,tier=premium; urgency=medium; category=hardware_issue,0.85,true,Felix Bose at Quartz Bioworks reports wireless mouse not working in Customer Portal; impact: Single user partially blocked.,subject='Wireless mouse not working'; system='Customer Portal'; symptom='Device or peripheral behavior remains faulty after a basic restart.',hardware_field,2026-03-29T14:11:00,2026-03-31T06:11:00
TKT-00210,2026-03-01T02:00:57,IT-008,other,high,tier=enterprise; urgency=high; category=other,0.81,false,Maya Nair at Lumen Systems reports equipment return process in Customer Portal; impact: Offboarding workflow.,subject='Equipment return process'; system='Customer Portal'; symptom='The user is unsure which team owns the Customer Portal request.',application_engineering,2026-03-01T00:15:00,2026-03-01T22:15:00
TKT-00211,2026-03-04T23:09:50,IT-001,password_reset,medium,tier=standard; urgency=high; category=password_reset,0.82,false,Kai Devine at Meridian Studios reports password reset link expired in CRM; impact: Customer demo delayed.,subject='Password reset link expired'; system='CRM'; symptom='Reset workflow for CRM does not complete for the affected account.',identity_security,2026-03-05T05:16:00,2026-03-06T21:16:00
TKT-00212,2026-02-01T01:04:30,IT-001,security_request,high,tier=premium; urgency=medium; category=security_request,0.8,false,Wren Nair at Cypress Health reports vendor needs limited portal access in Identity Provider; impact: Audit blocked without access.,subject='Vendor needs limited portal access'; system='Identity Provider'; symptom='Identity Provider access or security state needs human review before action.',identity_security,2026-01-31T21:06:00,2026-02-01T19:06:00
TKT-00213,2026-02-19T10:25:47,IT-006,password_reset,low,tier=standard; urgency=medium; category=password_reset,0.95,false,Jorge Underwood at Quartz Logistics reports password reset link expired in Customer Portal; impact: Customer demo delayed.,subject='Password reset link expired'; system='Customer Portal'; symptom='Reset workflow for Customer Portal does not complete for the affected account.',identity_security,2026-02-20T07:57:00,2026-02-22T07:57:00
TKT-00214,2026-02-04T04:56:45,IT-006,network_connectivity,medium,tier=standard; urgency=low; category=network_connectivity,0.97,false,Nikhil Chen at Meridian Studios reports high latency to internal apps in Identity Provider; impact: Whole regional team affected.,subject='High latency to internal apps'; system='Identity Provider'; symptom='Identity Provider connectivity is intermittent enough to interrupt work.',network_infra,2026-02-04T10:24:00,2026-02-06T02:24:00
TKT-00215,2026-03-11T00:09:59,IT-004,software_bug,medium,tier=standard; urgency=high; category=software_bug,0.95,true,Iris Okafor at Polaris Robotics reports records missing after crm export in Analytics Dashboard; impact: Sales pipeline data inconsistent.,subject='Records missing after CRM export'; system='Analytics Dashboard'; symptom='Analytics Dashboard behavior is repeatable and differs from yesterday's behavior.',application_engineering,2026-03-11T03:53:00,2026-03-12T19:53:00
TKT-00216,2026-02-16T17:34:11,IT-005,email_calendar,medium,tier=premium; urgency=medium; category=email_calendar,0.82,false,Iris Chen at Summit Health reports email calendar sync issue in Email; impact: User missed customer meeting.,subject='Email calendar sync issue'; system='Email'; symptom='Email calendar or mailbox state is not syncing across devices.',identity_security,2026-02-16T20:58:00,2026-02-18T12:58:00
TKT-00217,2026-03-28T10:06:31,IT-004,password_reset,medium,tier=premium; urgency=medium; category=password_reset,0.97,false,Quinn Holm at Cypress Analytics reports password reset link expired in Customer Portal; impact: Customer demo delayed.,subject='Password reset link expired'; system='Customer Portal'; symptom='Reset workflow for Customer Portal does not complete for the affected account.',identity_security,2026-03-28T16:47:00,2026-03-30T08:47:00
TKT-00218,2026-03-13T02:03:21,IT-007,login_access,medium,tier=premium; urgency=low; category=login_access,0.95,false,Kai Xu at Pioneer Bioworks reports cannot log into customer portal in CRM; impact: One user blocked from logging in.,subject='Cannot log into customer portal'; system='CRM'; symptom='CRM sign-in fails before the user reaches the app home page.',identity_security,2026-03-13T07:54:00,2026-03-14T23:54:00
TKT-00219,2026-03-27T03:32:27,IT-005,security_request,medium,tier=standard; urgency=medium; category=security_request,0.84,false,Iris Quintero at Meridian Marine Solutions reports need access for new employee in Identity Provider; impact: New hire cannot access required systems.,subject='Need access for new employee'; system='Identity Provider'; symptom='Identity Provider access or security state needs human review before action.',identity_security,2026-03-27T06:47:00,2026-03-28T22:47:00
TKT-00220,2026-02-22T18:33:10,IT-001,network_connectivity,high,tier=premium; urgency=medium; category=network_connectivity,0.88,false,Lin Patel at Tessera Manufacturing reports high latency to internal apps in Identity Provider; impact: Whole regional team affected.,subject='High latency to internal apps'; system='Identity Provider'; symptom='Identity Provider connectivity is intermittent enough to interrupt work.',network_infra,2026-02-22T16:20:00,2026-02-23T14:20:00
TKT-00221,2026-03-04T17:52:53,IT-003,hardware_issue,high,tier=premium; urgency=high; category=hardware_issue,0.93,false,Erin Tanaka at Tessera Manufacturing reports wireless mouse not working in Customer Portal; impact: Single user partially blocked.,subject='Wireless mouse not working'; system='Customer Portal'; symptom='Device or peripheral behavior remains faulty after a basic restart.',hardware_field,2026-03-04T14:36:00,2026-03-05T12:36:00
TKT-00222,2026-01-21T10:06:47,IT-007,login_access,medium,tier=premium; urgency=low; category=login_access,0.82,false,Nikhil Jeong at Quartz Bioworks reports cannot log into customer portal in Identity Provider; impact: One user blocked from logging in.,subject='Cannot log into customer portal'; system='Identity Provider'; symptom='Identity Provider sign-in fails before the user reaches the app home page.',identity_security,2026-01-21T17:49:00,2026-01-23T09:49:00
TKT-00223,2026-02-16T01:00:38,IT-002,software_bug,medium,tier=standard; urgency=low; category=software_bug,0.9,true,Uma Walsh at Aurora Capital reports saved filter not loading on dashboard in Inventory App; impact: Manager dashboard broken before exec review.,subject='Saved filter not loading on dashboard'; system='Inventory App'; symptom='Inventory App behavior is repeatable and differs from yesterday's behavior.',application_engineering,2026-02-16T07:03:00,2026-02-17T23:03:00
TKT-00224,2026-01-27T08:20:53,IT-003,password_reset,medium,tier=standard; urgency=high; category=password_reset,0.92,false,Sana Patel at Northstar Foods reports password reset link expired in CRM; impact: Customer demo delayed.,subject='Password reset link expired'; system='CRM'; symptom='Reset workflow for CRM does not complete for the affected account.',identity_security,2026-01-27T12:12:00,2026-01-29T04:12:00
TKT-00225,2026-02-04T19:31:13,IT-003,password_reset,medium,tier=standard; urgency=high; category=password_reset,0.79,false,Chen Eskola at Quartz Logistics reports need password reset in Identity Provider; impact: One user blocked from logging in.,subject='Need password reset'; system='Identity Provider'; symptom='Reset workflow for Identity Provider does not complete for the affected account.',identity_security,2026-02-05T00:10:00,2026-02-06T16:10:00
TKT-00226,2026-03-22T03:23:58,IT-006,hardware_issue,low,tier=standard; urgency=low; category=hardware_issue,0.69,false,Theo Devine at Polaris Robotics reports account locked after travel in Customer Portal; impact: Field rep blocked from CRM during customer visit.,subject='Account locked after travel'; system='Customer Portal'; symptom='Customer Portal sign-in fails before the user reaches the app home page.',hardware_field,2026-03-22T21:39:00,2026-03-24T21:39:00
TKT-00227,2026-01-29T09:19:34,IT-004,email_calendar,high,tier=premium; urgency=high; category=email_calendar,0.85,false,Hassan Grover at Summit Health reports out of office not sending in Email; impact: Stakeholders unaware of leave.,subject='Out of office not sending'; system='Email'; symptom='Email calendar or mailbox state is not syncing across devices.',identity_security,2026-01-29T08:55:00,2026-01-30T06:55:00
TKT-00228,2026-03-18T08:28:48,IT-003,login_access,medium,tier=standard; urgency=medium; category=login_access,0.65,false,Nikhil Chen at Ironhill Capital reports stuck in sso redirect loop in Customer Portal; impact: Two team members cannot start the day's work.,subject='Stuck in SSO redirect loop'; system='Customer Portal'; symptom='Customer Portal sign-in fails before the user reaches the app home page.',identity_security,2026-03-18T15:37:00,2026-03-20T07:37:00
TKT-00229,2026-02-13T18:28:46,IT-001,network_connectivity,medium,tier=standard; urgency=low; category=network_connectivity,0.8,true,Vera Quintero at Ironhill Capital reports wi-fi drops in conference room in Identity Provider; impact: Customer demos interrupted.,subject='Wi-Fi drops in conference room'; system='Identity Provider'; symptom='Identity Provider connectivity is intermittent enough to interrupt work.',network_infra,2026-02-14T02:05:00,2026-02-15T18:05:00
TKT-00230,2026-02-08T11:02:24,IT-003,billing_account,medium,tier=standard; urgency=medium; category=billing_account,0.97,false,Erin Underwood at Pacific Bioworks reports cannot download invoice pdf in Customer Portal; impact: Customer cannot file expense reports.,subject='Cannot download invoice PDF'; system='Customer Portal'; symptom='Customer Portal billing record does not match the customer's expected account state.',billing_finance,2026-02-08T16:38:00,2026-02-10T08:38:00
TKT-00231,2026-03-05T06:58:56,IT-008,billing_account,medium,tier=premium; urgency=medium; category=billing_account,0.9,false,Theo Chen at Pioneer Bioworks reports cannot download invoice pdf in Billing System; impact: Customer cannot file expense reports.,subject='Cannot download invoice PDF'; system='Billing System'; symptom='Billing System billing record does not match the customer's expected account state.',billing_finance,2026-03-05T09:51:00,2026-03-07T01:51:00
TKT-00232,2026-03-02T18:52:14,IT-005,other,medium,tier=enterprise; urgency=low; category=other,0.59,false,Hassan Liang at Lumen Systems reports out of office not sending in Email; impact: Stakeholders unaware of leave.,subject='Out of office not sending'; system='Email'; symptom='Email calendar or mailbox state is not syncing across devices.',application_engineering,2026-03-03T00:21:00,2026-03-04T16:21:00
TKT-00233,2026-01-27T08:25:25,IT-001,password_reset,low,tier=standard; urgency=medium; category=password_reset,0.98,false,Grace Kapoor at Polaris Robotics reports service account password expired in Identity Provider; impact: Nightly export job failing.,subject='Service account password expired'; system='Identity Provider'; symptom='Reset workflow for Identity Provider does not complete for the affected account.',identity_security,2026-01-28T07:23:00,2026-01-30T07:23:00
TKT-00234,2026-03-19T11:48:39,IT-001,security_request,high,tier=standard; urgency=critical; category=security_request,0.93,true,Ravi Grover at Quartz Logistics reports need access for new employee in Identity Provider; impact: New hire cannot access required systems.,subject='Need access for new employee'; system='Identity Provider'; symptom='Identity Provider access or security state needs human review before action.',identity_security,2026-03-19T11:14:00,2026-03-20T09:14:00
TKT-00235,2026-02-02T23:53:52,IT-002,security_request,high,tier=standard; urgency=critical; category=security_request,0.58,false,Jorge Holm at Aurora Capital reports vendor needs limited portal access in Identity Provider; impact: Audit blocked without access.,subject='Vendor needs limited portal access'; system='Identity Provider'; symptom='Identity Provider access or security state needs human review before action.',identity_security,2026-02-02T21:38:00,2026-02-03T19:38:00
TKT-00236,2026-03-15T07:27:32,IT-008,password_reset,medium,tier=enterprise; urgency=medium; category=password_reset,0.91,false,Sana Jeong at Pioneer Foods reports service account password expired in Identity Provider; impact: Nightly export job failing.,subject='Service account password expired'; system='Identity Provider'; symptom='Reset workflow for Identity Provider does not complete for the affected account.',identity_security,2026-03-15T09:43:00,2026-03-17T01:43:00
TKT-00237,2026-02-27T22:05:11,IT-002,software_bug,medium,tier=premium; urgency=low; category=software_bug,0.78,false,Theo Vega at Cypress Health reports saved filter not loading on dashboard in Inventory App; impact: Manager dashboard broken before exec review.,subject='Saved filter not loading on dashboard'; system='Inventory App'; symptom='Inventory App behavior is repeatable and differs from yesterday's behavior.',application_engineering,2026-02-28T00:42:00,2026-03-01T16:42:00
TKT-00238,2026-03-06T04:43:22,IT-008,network_connectivity,medium,tier=standard; urgency=low; category=network_connectivity,0.82,false,Bea Mancini at Polaris Logistics reports high latency to internal apps in Identity Provider; impact: Whole regional team affected.,subject='High latency to internal apps'; system='Identity Provider'; symptom='Identity Provider connectivity is intermittent enough to interrupt work.',network_infra,2026-03-06T08:45:00,2026-03-08T00:45:00
TKT-00239,2026-02-11T22:34:05,IT-004,data_reporting,medium,tier=standard; urgency=medium; category=data_reporting,0.83,false,Vera Fontaine at Aurora Capital reports crm export missing records in Analytics Dashboard; impact: QBR slides cannot be finalized.,"subject='CRM export missing records'; system='Analytics Dashboard'; symptom='Analytics Dashboard data output is stale, incomplete, or unavailable.'",data_analytics,2026-02-12T03:36:00,2026-02-13T19:36:00
TKT-00240,2026-02-18T08:30:40,IT-005,login_access,medium,tier=standard; urgency=medium; category=login_access,0.9,false,Vera Singh at Meridian Marine Solutions reports stuck in sso redirect loop in Identity Provider; impact: Two team members cannot start the day's work.,subject='Stuck in SSO redirect loop'; system='Identity Provider'; symptom='Identity Provider sign-in fails before the user reaches the app home page.',identity_security,2026-02-18T13:55:00,2026-02-20T05:55:00
TKT-00241,2026-02-17T19:31:34,IT-005,login_access,high,tier=premium; urgency=high; category=login_access,0.84,false,Tomo Underwood at Cypress Health reports mfa prompt never arrives in Customer Portal; impact: User cannot access required system.,subject='MFA prompt never arrives'; system='Customer Portal'; symptom='Customer Portal sign-in fails before the user reaches the app home page.',identity_security,2026-02-17T19:21:00,2026-02-18T17:21:00
TKT-00242,2026-02-16T18:06:57,IT-006,password_reset,low,tier=standard; urgency=low; category=password_reset,0.98,false,Olu Tanaka at Polaris Robotics reports password reset link expired in Identity Provider; impact: Customer demo delayed.,subject='Password reset link expired'; system='Identity Provider'; symptom='Reset workflow for Identity Provider does not complete for the affected account.',identity_security,2026-02-17T16:02:00,2026-02-19T16:02:00
TKT-00243,2026-03-18T17:21:28,IT-003,password_reset,low,tier=standard; urgency=medium; category=password_reset,0.71,false,Yuki Fontaine at Quartz Logistics reports need password reset in Identity Provider; impact: One user blocked from logging in.,subject='Need password reset'; system='Identity Provider'; symptom='Reset workflow for Identity Provider does not complete for the affected account.',identity_security,2026-03-19T16:29:00,2026-03-21T16:29:00
TKT-00244,2026-01-25T07:45:28,IT-003,network_connectivity,medium,tier=standard; urgency=medium; category=network_connectivity,0.6,false,Erin Bose at Ironhill Capital reports wi-fi drops in conference room in Identity Provider; impact: Customer demos interrupted.,subject='Wi-Fi drops in conference room'; system='Identity Provider'; symptom='Identity Provider connectivity is intermittent enough to interrupt work.',network_infra,2026-01-25T15:21:00,2026-01-27T07:21:00
TKT-00245,2026-03-27T12:06:33,IT-007,other,low,tier=standard; urgency=low; category=other,0.97,false,Zane Nair at Ironhill Capital reports need help with a workflow in Customer Portal; impact: User unable to complete task.,subject='Need help with a workflow'; system='Customer Portal'; symptom='The user is unsure which team owns the Customer Portal request.',application_engineering,2026-03-28T09:52:00,2026-03-30T09:52:00
TKT-00246,2026-01-15T17:05:57,IT-008,network_connectivity,medium,tier=standard; urgency=low; category=network_connectivity,0.94,false,Jorge Tanaka at Helios Health reports high latency to internal apps in Identity Provider; impact: Whole regional team affected.,subject='High latency to internal apps'; system='Identity Provider'; symptom='Identity Provider connectivity is intermittent enough to interrupt work.',network_infra,2026-01-15T20:57:00,2026-01-17T12:57:00
TKT-00247,2026-03-20T00:52:48,IT-001,billing_account,high,tier=enterprise; urgency=high; category=billing_account,0.79,false,Vera Adler at Lumen Systems reports wrong billing region applied in Billing System; impact: Finance unable to close the month.,subject='Wrong billing region applied'; system='Billing System'; symptom='Billing System billing record does not match the customer's expected account state.',billing_finance,2026-03-19T23:24:00,2026-03-20T21:24:00
TKT-00248,2026-01-17T10:10:13,IT-007,billing_account,high,tier=standard; urgency=critical; category=billing_account,0.79,false,Priya Kapoor at Polaris Logistics reports cannot download invoice pdf in Billing System; impact: Customer cannot file expense reports.,subject='Cannot download invoice PDF'; system='Billing System'; symptom='Billing System billing record does not match the customer's expected account state.',billing_finance,2026-01-17T09:14:00,2026-01-18T07:14:00
TKT-00249,2026-03-06T22:57:39,IT-006,password_reset,low,tier=premium; urgency=low; category=password_reset,0.81,false,Theo Holm at Cypress Health reports service account password expired in Identity Provider; impact: Nightly export job failing.,subject='Service account password expired'; system='Identity Provider'; symptom='Reset workflow for Identity Provider does not complete for the affected account.',identity_security,2026-03-07T20:16:00,2026-03-09T20:16:00
TKT-00250,2026-03-01T01:53:20,IT-008,hardware_issue,medium,tier=standard; urgency=medium; category=hardware_issue,0.97,false,Ravi Devine at Polaris Robotics reports printer offline error in Customer Portal; impact: Team cannot print client deliverables.,subject='Printer offline error'; system='Customer Portal'; symptom='Device or peripheral behavior remains faulty after a basic restart.',hardware_field,2026-03-01T04:28:00,2026-03-02T20:28:00
