ticket_id,submitted_at,customer_id,submitted_by_name,submitted_by_email,channel,subject,description,affected_system,customer_reported_urgency,business_impact_text,attachment_flag,error_or_symptom_detail,steps_already_tried,expected_outcome,availability_window,attachment_description
TKT-00001,2026-01-18T05:46:00,CUST-003,Noor Patel,noor.patel@quartzlogistics.example,portal,Invoice total looks wrong,The invoice for last month on Billing System is much higher than expected. I think the tax rate is off.,Billing System,medium,Finance team holding payment until corrected,false,Billing System billing record does not match the customer's expected account state.,Checked the invoice/account page twice.,Billing record matches the customer's current account details.,today 13:00-16:00 local time,""
TKT-00002,2026-03-20T05:45:00,CUST-007,Quinn Tanaka,quinn.tanaka@meridianstudios.example,email,Shared mailbox missing,The shared support mailbox disappeared from my Email. it was there last week.,Email,medium,Support intake delayed,true,Email calendar or mailbox state is not syncing across devices.,Restarted mail/calendar app.,Mailbox/calendar state syncs consistently.,today 09:00-11:00 local time,invoice PDF
TKT-00003,2026-03-22T16:00:00,CUST-013,Sana Bose,sana.bose@auroracapital.example,portal,Email calendar sync issue,My Email calendar isn't syncing with my phone since this morning. missed a meeting because of it.,Email,low,User missed customer meeting,false,Email calendar or mailbox state is not syncing across devices.,Restarted mail/calendar app.,Mailbox/calendar state syncs consistently.,today 09:00-11:00 local time,""
TKT-00004,2026-03-15T03:39:00,CUST-002,Wren Ivanov,wren.ivanov@summithealth.example,portal,Password reset link expired,The reset link you sent expired before I could use it. need a new one for CRM. please help asap,CRM,high,Customer demo delayed,false,Reset workflow for CRM does not complete for the affected account.,Tried self-service reset link once.,User receives a usable reset path and can authenticate.,today 09:00-11:00 local time,""
TKT-00005,2026-01-26T05:45:00,CUST-015,Xavi Eskola,xavi.eskola@helioshealth.example,portal,Out of office not sending,Set up auto-reply on Email but my colleagues say they're not getting it. please help asap,Email,low,Stakeholders unaware of leave,false,Email calendar or mailbox state is not syncing across devices.,Restarted mail/calendar app.,Mailbox/calendar state syncs consistently.,today 09:00-11:00 local time,""
TKT-00006,2026-01-31T01:14:00,CUST-012,Theo Zhao,theo.zhao@ironhillcapital.example,portal,Wi-Fi drops in conference room,Wi-Fi in conf room B keeps dropping connection. VPN won't reauthorize properly. please help asap,VPN,medium,Customer demos interrupted,false,VPN connectivity is intermittent enough to interrupt work.,Restarted client and retried from the same location.,Connection remains stable for internal systems.,today 13:00-16:00 local time,""
TKT-00007,2026-01-17T16:26:00,CUST-006,Quinn Walsh,quinn.walsh@pioneerfoods.example,portal,MFA prompt never arrives,The MFA code never reaches my phone for CRM. been waiting 10 min.,CRM,critical,User cannot access required system,false,CRM sign-in fails before the user reaches the app home page.,"Retyped password, tried a private browser window.",User can sign in and reach the normal landing page.,any time by email,""
TKT-00008,2026-03-04T18:54:00,CUST-002,Iris Patel,iris.patel@summithealth.example,email,Cannot log into customer portal,"I keep getting an 'invalid credentials' error when I try to sign in to the CRM, even after typing my password carefully. tried twice already.",CRM,high,One user blocked from logging in,true,CRM sign-in fails before the user reaches the app home page.,"Retyped password, tried a private browser window.",User can sign in and reach the normal landing page.,any time by email,invoice PDF
TKT-00009,2026-02-18T02:44:00,CUST-010,Iris Eskola,iris.eskola@quartzbioworks.example,email,Inventory App shows stale data,"The Customer Portal keeps showing yesterday's stock levels. cleared cache, no luck. please help asap",Customer Portal,high,Warehouse team picking against incorrect data,true,Customer Portal behavior is repeatable and differs from yesterday's behavior.,Refreshed browser and repeated the action.,The application action completes without missing records or freezing.,today 13:00-16:00 local time,screenshot of error
TKT-00010,2026-02-09T21:05:00,CUST-007,Noor Holm,noor.holm@meridianstudios.example,portal,Need help with a workflow,Not sure who owns this but I can't figure out how to do X in Customer Portal. Documentation isn't helpful.,Customer Portal,low,User unable to complete task,false,The user is unsure which team owns the Customer Portal request.,Searched the help center but did not find a clear owner.,User receives a clear owner and next step.,any time by email,""
TKT-00011,2026-02-06T09:08:00,CUST-014,Nikhil Chen,nikhil.chen@lumensystems.example,phone,Stuck in SSO redirect loop,After I click sign in on the CRM the page just keeps bouncing me back and forth between the SSO screen.,CRM,high,Two team members cannot start the day's work,false,CRM sign-in fails before the user reaches the app home page.,"Retyped password, tried a private browser window.",User can sign in and reach the normal landing page.,tomorrow morning local time,""
TKT-00012,2026-01-19T08:53:00,CUST-014,Vera Holm,vera.holm@lumensystems.example,email,Wireless mouse not working,"My mouse stopped responding this morning. swapped batteries, no change.",Customer Portal,medium,Single user partially blocked,true,Device or peripheral behavior remains faulty after a basic restart.,Restarted the device and checked cables/batteries.,Device works reliably enough for normal work.,tomorrow morning local time,short screen recording
TKT-00013,2026-03-17T04:45:00,CUST-001,Theo Kapoor,theo.kapoor@pacificbioworks.example,phone,Service account password expired,Our automated job failed because the CRM service account password expired overnight.,CRM,high,Nightly export job failing,false,Reset workflow for CRM does not complete for the affected account.,Tried self-service reset link once.,User receives a usable reset path and can authenticate.,today 09:00-11:00 local time,""
TKT-00014,2026-02-08T14:14:00,CUST-006,Theo Patel,theo.patel@pioneerfoods.example,portal,High latency to internal apps,Everything on VPN is super slow today. pages that normally load instantly take 20+ seconds. please help asap,VPN,medium,Whole regional team affected,false,VPN connectivity is intermittent enough to interrupt work.,Restarted client and retried from the same location.,Connection remains stable for internal systems.,today 13:00-16:00 local time,""
TKT-00015,2026-01-16T22:36:00,CUST-018,Imani Yamada,imani.yamada@northstarfoods.example,portal,Printer offline error,The shared printer keeps showing offline even after restart. on the Customer Portal portal it's listed as online though.,Customer Portal,low,Team cannot print client deliverables,true,Device or peripheral behavior remains faulty after a basic restart.,Restarted the device and checked cables/batteries.,Device works reliably enough for normal work.,today 13:00-16:00 local time,short screen recording
TKT-00016,2026-02-02T08:44:00,CUST-002,Noor Jeong,noor.jeong@summithealth.example,email,Need access for new employee,"New hire starts Monday, needs Identity Provider access at the analyst tier.",Identity Provider,critical,New hire cannot access required systems,true,Identity Provider access or security state needs human review before action.,Checked with manager or security contact before submitting.,Access/security action is completed with the right approvals.,today 09:00-11:00 local time,invoice PDF
TKT-00017,2026-03-10T06:54:00,CUST-013,Lin Quintero,lin.quintero@auroracapital.example,phone,Stuck in SSO redirect loop,After I click sign in on the Identity Provider the page just keeps bouncing me back and forth between the SSO screen.,Identity Provider,medium,Two team members cannot start the day's work,false,Identity Provider sign-in fails before the user reaches the app home page.,"Retyped password, tried a private browser window.",User can sign in and reach the normal landing page.,today 09:00-11:00 local time,""
TKT-00018,2026-03-12T08:57:00,CUST-011,Imani Adler,imani.adler@polarislogistics.example,portal,Cannot download invoice PDF,The Download Invoice button on Customer Portal just spins forever. tried Chrome and Safari.,Customer Portal,low,Customer cannot file expense reports,false,Customer Portal billing record does not match the customer's expected account state.,Checked the invoice/account page twice.,Billing record matches the customer's current account details.,today 13:00-16:00 local time,""
TKT-00019,2026-02-09T21:47:00,CUST-003,Imani Yamada,imani.yamada@quartzlogistics.example,portal,Wi-Fi drops in conference room,Wi-Fi in conf room B keeps dropping connection. VPN won't reauthorize properly. please help asap,VPN,high,Customer demos interrupted,false,VPN connectivity is intermittent enough to interrupt work.,Restarted client and retried from the same location.,Connection remains stable for internal systems.,today 13:00-16:00 local time,""
TKT-00020,2026-03-11T14:55:00,CUST-012,Imani Holm,imani.holm@ironhillcapital.example,phone,VPN disconnects every few minutes,VPN keeps dropping every 3-5 minutes. happens on the Identity Provider client. very frustrating.,Identity Provider,medium,Remote engineer cannot stay connected to internal tools,false,Identity Provider connectivity is intermittent enough to interrupt work.,Restarted client and retried from the same location.,Connection remains stable for internal systems.,today 09:00-11:00 local time,""
TKT-00021,2026-02-21T15:56:00,CUST-018,Sana Adler,sana.adler@northstarfoods.example,portal,Wi-Fi drops in conference room,Wi-Fi in conf room B keeps dropping connection. Identity Provider won't reauthorize properly.,Identity Provider,medium,Customer demos interrupted,false,Identity Provider connectivity is intermittent enough to interrupt work.,Restarted client and retried from the same location.,Connection remains stable for internal systems.,any time by email,""
TKT-00022,2026-02-17T10:08:00,CUST-001,Theo Jeong,theo.jeong@pacificbioworks.example,portal,Account locked after travel,Getting account-locked errors on CRM since flying to a new region.,CRM,high,Field rep blocked from CRM during customer visit,false,CRM sign-in fails before the user reaches the app home page.,"Retyped password, tried a private browser window.",User can sign in and reach the normal landing page.,today 09:00-11:00 local time,""
TKT-00023,2026-03-21T13:52:00,CUST-007,Bea Jeong,bea.jeong@meridianstudios.example,portal,Email calendar sync issue,My Email calendar isn't syncing with my phone since this morning. missed a meeting because of it.,Email,medium,User missed customer meeting,false,Email calendar or mailbox state is not syncing across devices.,Restarted mail/calendar app.,Mailbox/calendar state syncs consistently.,today 09:00-11:00 local time,""
TKT-00024,2026-03-06T06:58:00,CUST-010,Uma Holm,uma.holm@quartzbioworks.example,email,App freezes when opening report,CRM freezes for ~30 seconds whenever I open the Q4 report. happens every time.,CRM,high,Reporting workflow unusable,false,CRM behavior is repeatable and differs from yesterday's behavior.,Refreshed browser and repeated the action.,The application action completes without missing records or freezing.,tomorrow morning local time,""
TKT-00025,2026-02-25T13:33:00,CUST-007,Priya Ivanov,priya.ivanov@meridianstudios.example,phone,Account locked after travel,Getting account-locked errors on CRM since flying to a new region.,CRM,medium,Field rep blocked from CRM during customer visit,false,CRM sign-in fails before the user reaches the app home page.,"Retyped password, tried a private browser window.",User can sign in and reach the normal landing page.,tomorrow morning local time,""
TKT-00026,2026-02-04T21:09:00,CUST-002,Wren Kapoor,wren.kapoor@summithealth.example,phone,Cannot log into customer portal,"I keep getting an 'invalid credentials' error when I try to sign in to the Customer Portal, even after typing my password carefully. tried twice already. please help asap",Customer Portal,high,One user blocked from logging in,true,Customer Portal sign-in fails before the user reaches the app home page.,"Retyped password, tried a private browser window.",User can sign in and reach the normal landing page.,today 13:00-16:00 local time,short screen recording
TKT-00027,2026-03-25T01:38:00,CUST-018,Theo Singh,theo.singh@northstarfoods.example,portal,Service account password expired,Our automated job failed because the Customer Portal service account password expired overnight.,Customer Portal,medium,Nightly export job failing,true,Reset workflow for Customer Portal does not complete for the affected account.,Tried self-service reset link once.,User receives a usable reset path and can authenticate.,any time by email,screenshot of error
TKT-00028,2026-03-03T17:17:00,CUST-002,Quinn Nair,quinn.nair@summithealth.example,portal,Need access for new employee,"New hire starts Monday, needs Identity Provider access at the analyst tier.",Identity Provider,medium,New hire cannot access required systems,true,Identity Provider access or security state needs human review before action.,Checked with manager or security contact before submitting.,Access/security action is completed with the right approvals.,today 09:00-11:00 local time,export sample
TKT-00029,2026-03-19T18:07:00,CUST-014,Erin Liang,erin.liang@lumensystems.example,portal,Shared mailbox missing,The shared support mailbox disappeared from my Email. it was there last week.,Email,critical,Support intake delayed,true,Email calendar or mailbox state is not syncing across devices.,Restarted mail/calendar app.,Mailbox/calendar state syncs consistently.,today 09:00-11:00 local time,short screen recording
TKT-00030,2026-02-12T17:57:00,CUST-005,Uma Zhao,uma.zhao@pioneerbioworks.example,portal,Shared mailbox missing,The shared support mailbox disappeared from my Email. it was there last week.,Email,medium,Support intake delayed,false,Email calendar or mailbox state is not syncing across devices.,Restarted mail/calendar app.,Mailbox/calendar state syncs consistently.,today 09:00-11:00 local time,""
TKT-00031,2026-02-02T06:55:00,CUST-010,Xavi Grover,xavi.grover@quartzbioworks.example,phone,Shared mailbox missing,The shared support mailbox disappeared from my Email. it was there last week.,Email,medium,Support intake delayed,false,Email calendar or mailbox state is not syncing across devices.,Restarted mail/calendar app.,Mailbox/calendar state syncs consistently.,tomorrow morning local time,""
TKT-00032,2026-03-26T12:25:00,CUST-013,Marta Patel,marta.patel@auroracapital.example,portal,Password reset link expired,The reset link you sent expired before I could use it. need a new one for Customer Portal.,Customer Portal,critical,Customer demo delayed,true,Reset workflow for Customer Portal does not complete for the affected account.,Tried self-service reset link once.,User receives a usable reset path and can authenticate.,tomorrow morning local time,screenshot of error
TKT-00033,2026-03-22T15:41:00,CUST-002,Xavi Yamada,xavi.yamada@summithealth.example,portal,Service account password expired,Our automated job failed because the Customer Portal service account password expired overnight.,Customer Portal,medium,Nightly export job failing,false,Reset workflow for Customer Portal does not complete for the affected account.,Tried self-service reset link once.,User receives a usable reset path and can authenticate.,today 13:00-16:00 local time,""
TKT-00034,2026-01-21T09:40:00,CUST-005,Zane Vega,zane.vega@pioneerbioworks.example,email,Account locked after travel,Getting account-locked errors on Identity Provider since flying to a new region.,Identity Provider,medium,Field rep blocked from CRM during customer visit,false,Identity Provider sign-in fails before the user reaches the app home page.,"Retyped password, tried a private browser window.",User can sign in and reach the normal landing page.,today 13:00-16:00 local time,""
TKT-00035,2026-03-14T14:17:00,CUST-008,Alex Patel,alex.patel@cypressanalytics.example,portal,Wrong billing region applied,We moved offices last quarter. Customer Portal is still applying old region pricing. please help asap,Customer Portal,medium,Finance unable to close the month,false,Customer Portal billing record does not match the customer's expected account state.,Checked the invoice/account page twice.,Billing record matches the customer's current account details.,today 09:00-11:00 local time,""
TKT-00036,2026-02-12T06:14:00,CUST-001,Grace Zhao,grace.zhao@pacificbioworks.example,portal,Out of office not sending,Set up auto-reply on Email but my colleagues say they're not getting it. please help asap,Email,low,Stakeholders unaware of leave,true,Email calendar or mailbox state is not syncing across devices.,Restarted mail/calendar app.,Mailbox/calendar state syncs consistently.,any time by email,short screen recording
TKT-00037,2026-02-15T17:56:00,CUST-010,Chen Bose,chen.bose@quartzbioworks.example,email,Cannot download invoice PDF,The Download Invoice button on Customer Portal just spins forever. tried Chrome and Safari.,Customer Portal,medium,Customer cannot file expense reports,false,Customer Portal billing record does not match the customer's expected account state.,Checked the invoice/account page twice.,Billing record matches the customer's current account details.,tomorrow morning local time,""
TKT-00038,2026-02-26T08:06:00,CUST-006,Olu Fontaine,olu.fontaine@pioneerfoods.example,portal,Password reset link expired,The reset link you sent expired before I could use it. need a new one for Customer Portal.,Customer Portal,critical,Customer demo delayed,false,Reset workflow for Customer Portal does not complete for the affected account.,Tried self-service reset link once.,User receives a usable reset path and can authenticate.,any time by email,""
TKT-00039,2026-02-03T10:52:00,CUST-008,Bea Vega,bea.vega@cypressanalytics.example,email,Email calendar sync issue,My Email calendar isn't syncing with my phone since this morning. missed a meeting because of it.,Email,low,User missed customer meeting,false,Email calendar or mailbox state is not syncing across devices.,Restarted mail/calendar app.,Mailbox/calendar state syncs consistently.,today 09:00-11:00 local time,""
TKT-00040,2026-02-26T09:09:00,CUST-006,Kai Jeong,kai.jeong@pioneerfoods.example,portal,General question about software list,Is there an approved-software list anywhere? want to install a tool but don't want to break Customer Portal.,Customer Portal,medium,Productivity blocker for one user,true,The user is unsure which team owns the Customer Portal request.,Searched the help center but did not find a clear owner.,User receives a clear owner and next step.,today 13:00-16:00 local time,export sample
TKT-00041,2026-02-08T20:20:00,CUST-006,Wren Singh,wren.singh@pioneerfoods.example,portal,Need password reset,Please reset my password for the Customer Portal. I tried the self-service link but it doesn't seem to work.,Customer Portal,high,One user blocked from logging in,false,Reset workflow for Customer Portal does not complete for the affected account.,Tried self-service reset link once.,User receives a usable reset path and can authenticate.,today 09:00-11:00 local time,""
TKT-00042,2026-02-01T01:10:00,CUST-004,Wren Jeong,wren.jeong@tesseramanufacturing.example,email,Suspicious login notification,Got an email saying a sign-in to Identity Provider from a country I've never been to. did anyone else get this?,Identity Provider,medium,Possible account compromise,false,Identity Provider access or security state needs human review before action.,Checked with manager or security contact before submitting.,Access/security action is completed with the right approvals.,today 09:00-11:00 local time,""
TKT-00043,2026-01-16T07:24:00,CUST-014,Felix Kapoor,felix.kapoor@lumensystems.example,portal,Email calendar sync issue,My Email calendar isn't syncing with my phone since this morning. missed a meeting because of it.,Email,high,User missed customer meeting,false,Email calendar or mailbox state is not syncing across devices.,Restarted mail/calendar app.,Mailbox/calendar state syncs consistently.,tomorrow morning local time,""
TKT-00044,2026-03-20T06:50:00,CUST-011,Kai Chen,kai.chen@polarislogistics.example,email,Email calendar sync issue,My Email calendar isn't syncing with my phone since this morning. missed a meeting because of it.,Email,medium,User missed customer meeting,true,Email calendar or mailbox state is not syncing across devices.,Restarted mail/calendar app.,Mailbox/calendar state syncs consistently.,any time by email,export sample
TKT-00045,2026-02-05T20:05:00,CUST-013,Bea Fontaine,bea.fontaine@auroracapital.example,portal,Vendor needs limited portal access,Auditor visits Wed and needs read-only access to Identity Provider. please prioritize.,Identity Provider,low,Audit blocked without access,false,Identity Provider access or security state needs human review before action.,Checked with manager or security contact before submitting.,Access/security action is completed with the right approvals.,tomorrow morning local time,""
TKT-00046,2026-02-03T01:03:00,CUST-003,Dani Walsh,dani.walsh@quartzlogistics.example,portal,MFA prompt never arrives,The MFA code never reaches my phone for CRM. been waiting 10 min.,CRM,medium,User cannot access required system,false,CRM sign-in fails before the user reaches the app home page.,"Retyped password, tried a private browser window.",User can sign in and reach the normal landing page.,today 09:00-11:00 local time,""
TKT-00047,2026-03-22T21:35:00,CUST-004,Xavi Chen,xavi.chen@tesseramanufacturing.example,portal,Need help with a workflow,Not sure who owns this but I can't figure out how to do X in Customer Portal. Documentation isn't helpful.,Customer Portal,medium,User unable to complete task,false,The user is unsure which team owns the Customer Portal request.,Searched the help center but did not find a clear owner.,User receives a clear owner and next step.,today 09:00-11:00 local time,""
TKT-00048,2026-01-19T18:37:00,CUST-014,Olu Xu,olu.xu@lumensystems.example,portal,Need password reset,Please reset my password for the Identity Provider. I tried the self-service link but it doesn't seem to work.,Identity Provider,high,One user blocked from logging in,false,Reset workflow for Identity Provider does not complete for the affected account.,Tried self-service reset link once.,User receives a usable reset path and can authenticate.,tomorrow morning local time,""
TKT-00049,2026-03-13T18:11:00,CUST-013,Yuki Bose,yuki.bose@auroracapital.example,portal,Wrong billing region applied,We moved offices last quarter. Billing System is still applying old region pricing.,Billing System,high,Finance unable to close the month,false,Billing System billing record does not match the customer's expected account state.,Checked the invoice/account page twice.,Billing record matches the customer's current account details.,any time by email,""
TKT-00050,2026-02-22T12:10:00,CUST-010,Wren Tanaka,wren.tanaka@quartzbioworks.example,email,Stuck in SSO redirect loop,After I click sign in on teh CRM the page just keeps bouncing me back and forth between the SSO screen.,CRM,high,Two team members cannot start the day's work,false,CRM sign-in fails before the user reaches the app home page.,"Retyped password, tried a private browser window.",User can sign in and reach the normal landing page.,today 09:00-11:00 local time,""
TKT-00051,2026-02-24T03:35:00,CUST-013,Priya Vega,priya.vega@auroracapital.example,email,Need password reset,Please reset my password for the CRM. I tried the self-service link but it doesn't seem to work.,CRM,medium,One user blocked from logging in,true,Reset workflow for CRM does not complete for the affected account.,Tried self-service reset link once.,User receives a usable reset path and can authenticate.,any time by email,screenshot of error
TKT-00052,2026-01-18T13:46:00,CUST-016,Alex Ivanov,alex.ivanov@polarisrobotics.example,email,Stuck in SSO redirect loop,After I click sign in on the Identity Provider the page just keeps bouncing me back and forth between the SSO screen. please help asap,Identity Provider,medium,Two team members cannot start the day's work,false,Identity Provider sign-in fails before the user reaches the app home page.,"Retyped password, tried a private browser window.",User can sign in and reach the normal landing page.,today 09:00-11:00 local time,""
TKT-00053,2026-03-30T13:08:00,CUST-006,Hassan Quintero,hassan.quintero@pioneerfoods.example,portal,Wrong billing region applied,We moved offices last quarter. Customer Portal is still applying old region pricing.,Customer Portal,medium,Finance unable to close the month,false,Customer Portal billing record does not match the customer's expected account state.,Checked the invoice/account page twice.,Billing record matches the customer's current account details.,today 13:00-16:00 local time,""
TKT-00054,2026-02-11T12:24:00,CUST-005,Vera Rao,vera.rao@pioneerbioworks.example,portal,Laptop battery drains in 1 hour,"New laptop's battery only lasts an hour. very urgent, traveling tomorrow.",Customer Portal,medium,Travel-blocking hardware issue,false,Device or peripheral behavior remains faulty after a basic restart.,Restarted the device and checked cables/batteries.,Device works reliably enough for normal work.,today 09:00-11:00 local time,""
TKT-00055,2026-02-08T10:30:00,CUST-009,Jorge Eskola,jorge.eskola@meridianmarinesolutions.example,portal,Cannot download invoice PDF,The Download Invoice button on Billing System just spins forever. tried Chrome and Safari.,Billing System,medium,Customer cannot file expense reports,true,Billing System billing record does not match the customer's expected account state.,Checked the invoice/account page twice.,Billing record matches the customer's current account details.,tomorrow morning local time,screenshot of error
TKT-00056,2026-03-07T03:25:00,CUST-001,Jorge Grover,jorge.grover@pacificbioworks.example,phone,Account locked after travel,Getting account-locked errors on CRM since flying to a new region.,CRM,low,Field rep blocked from CRM during customer visit,false,CRM sign-in fails before the user reaches the app home page.,"Retyped password, tried a private browser window.",User can sign in and reach the normal landing page.,today 13:00-16:00 local time,""
TKT-00057,2026-02-13T05:32:00,CUST-014,Lin Grover,lin.grover@lumensystems.example,portal,Suspicious login notification,Got an email saying a sign-in to Identity Provider from a country I've never been to. did anyone else get this?,Identity Provider,medium,Possible account compromise,false,Identity Provider access or security state needs human review before action.,Checked with manager or security contact before submitting.,Access/security action is completed with the right approvals.,tomorrow morning local time,""
TKT-00058,2026-03-22T22:00:00,CUST-017,Imani Nair,imani.nair@cypresshealth.example,email,High latency to internal apps,Everything on VPN is super slow today. pages that normally load instantly take 20+ seconds. please help asap,VPN,medium,Whole regional team affected,false,VPN connectivity is intermittent enough to interrupt work.,Restarted client and retried from the same location.,Connection remains stable for internal systems.,today 09:00-11:00 local time,""
TKT-00059,2026-01-16T00:47:00,CUST-014,Erin Holm,erin.holm@lumensystems.example,portal,Laptop battery drains in 1 hour,"New laptop's battery only lasts an hour. very urgent, traveling tomorrow.",Customer Portal,medium,Travel-blocking hardware issue,false,Device or peripheral behavior remains faulty after a basic restart.,Restarted the device and checked cables/batteries.,Device works reliably enough for normal work.,any time by email,""
TKT-00060,2026-03-14T06:37:00,CUST-002,Noor Rao,noor.rao@summithealth.example,portal,Out of office not sending,Set up auto-reply on Email but my colleagues say they're not getting it. please help asap,Email,medium,Stakeholders unaware of leave,true,Email calendar or mailbox state is not syncing across devices.,Restarted mail/calendar app.,Mailbox/calendar state syncs consistently.,today 09:00-11:00 local time,screenshot of error
TKT-00061,2026-02-24T11:58:00,CUST-004,Jorge Fontaine,jorge.fontaine@tesseramanufacturing.example,phone,MFA prompt never arrives,The MFA code never reaches my phone for CRM. been waiting 10 min.,CRM,medium,User cannot access required system,false,CRM sign-in fails before the user reaches the app home page.,"Retyped password, tried a private browser window.",User can sign in and reach the normal landing page.,tomorrow morning local time,""
TKT-00062,2026-01-17T12:54:00,CUST-006,Uma Rao,uma.rao@pioneerfoods.example,phone,App freezes when opening report,Customer Portal freezes for ~30 seconds whenever I open teh Q4 report. happens every time.,Customer Portal,medium,Reporting workflow unusable,true,Customer Portal behavior is repeatable and differs from yesterday's behavior.,Refreshed browser and repeated the action.,The application action completes without missing records or freezing.,any time by email,short screen recording
TKT-00063,2026-03-25T04:59:00,CUST-006,Grace Quintero,grace.quintero@pioneerfoods.example,email,Saved filter not loading on dashboard,My saved filter on Analytics Dashboard disappeared overnight. now have to rebuild it from scratch.,Analytics Dashboard,medium,Manager dashboard broken before exec review,true,Analytics Dashboard behavior is repeatable and differs from yesterday's behavior.,Refreshed browser and repeated the action.,The application action completes without missing records or freezing.,today 13:00-16:00 local time,short screen recording
TKT-00064,2026-03-10T19:31:00,CUST-012,Grace Rao,grace.rao@ironhillcapital.example,portal,Need password reset,Please reset my password for the CRM. I tried the self-service link but it doesn't seem to work.,CRM,low,One user blocked from logging in,false,Reset workflow for CRM does not complete for the affected account.,Tried self-service reset link once.,User receives a usable reset path and can authenticate.,tomorrow morning local time,""
TKT-00065,2026-01-19T16:43:00,CUST-017,Theo Nair,theo.nair@cypresshealth.example,email,Need password reset,Please reset my password for the Customer Portal. I tried the self-service link but it doesn't seem to work.,Customer Portal,medium,One user blocked from logging in,false,Reset workflow for Customer Portal does not complete for the affected account.,Tried self-service reset link once.,User receives a usable reset path and can authenticate.,tomorrow morning local time,""
TKT-00066,2026-03-22T20:47:00,CUST-006,Yuki Liang,yuki.liang@pioneerfoods.example,phone,Equipment return process,Leaving the company end of month. how do I return my laptop?,Customer Portal,medium,Offboarding workflow,false,The user is unsure which team owns the Customer Portal request.,Searched the help center but did not find a clear owner.,User receives a clear owner and next step.,today 13:00-16:00 local time,""
TKT-00067,2026-02-04T14:57:00,CUST-001,Ravi Holm,ravi.holm@pacificbioworks.example,portal,VPN disconnects every few minutes,VPN keeps dropping every 3-5 minutes. happens on the VPN client. very frustrating.,VPN,medium,Remote engineer cannot stay connected to internal tools,true,VPN connectivity is intermittent enough to interrupt work.,Restarted client and retried from the same location.,Connection remains stable for internal systems.,any time by email,invoice PDF
TKT-00068,2026-03-29T22:41:00,CUST-007,Theo Chen,theo.chen@meridianstudios.example,portal,CRM export missing records,Pulled a CSV from CRM for the QBR and a few hundred contacts are missing. please help asap,CRM,high,QBR slides cannot be finalized,false,"CRM data output is stale, incomplete, or unavailable.",Refreshed dashboard/export and retried later.,"Report/dashboard reflects current, complete data.",tomorrow morning local time,""
TKT-00069,2026-01-18T23:35:00,CUST-004,Sana Tanaka,sana.tanaka@tesseramanufacturing.example,portal,Vendor needs limited portal access,Auditor visits Wed and needs read-only access to Identity Provider. please prioritize.,Identity Provider,medium,Audit blocked without access,true,Identity Provider access or security state needs human review before action.,Checked with manager or security contact before submitting.,Access/security action is completed with the right approvals.,tomorrow morning local time,invoice PDF
TKT-00070,2026-03-10T21:06:00,CUST-009,Noor Fontaine,noor.fontaine@meridianmarinesolutions.example,portal,Stale numbers in finance dashboard,Numbers on CRM look like tehy're from two days ago. monthly close is on Friday.,CRM,low,Monthly close delayed by export issue,true,"CRM data output is stale, incomplete, or unavailable.",Refreshed dashboard/export and retried later.,"Report/dashboard reflects current, complete data.",any time by email,invoice PDF
TKT-00071,2026-01-20T12:50:00,CUST-007,Sana Chen,sana.chen@meridianstudios.example,portal,Email calendar sync issue,My Email calendar isn't syncing with my phone since this morning. missed a meeting because of it.,Email,low,User missed customer meeting,false,Email calendar or mailbox state is not syncing across devices.,Restarted mail/calendar app.,Mailbox/calendar state syncs consistently.,today 09:00-11:00 local time,""
TKT-00072,2026-02-06T14:11:00,CUST-003,Quinn Holm,quinn.holm@quartzlogistics.example,portal,Wireless mouse not working,"My mouse stopped responding this morning. swapped batteries, no change.",Customer Portal,low,Single user partially blocked,false,Device or peripheral behavior remains faulty after a basic restart.,Restarted the device and checked cables/batteries.,Device works reliably enough for normal work.,tomorrow morning local time,""
TKT-00073,2026-01-28T21:12:00,CUST-001,Erin Eskola,erin.eskola@pacificbioworks.example,portal,Invoice total looks wrong,The invoice for last month on Billing System is much higher than expected. I think the tax rate is off. please help asap,Billing System,medium,Finance team holding payment until corrected,false,Billing System billing record does not match the customer's expected account state.,Checked the invoice/account page twice.,Billing record matches the customer's current account details.,today 09:00-11:00 local time,""
TKT-00074,2026-01-22T04:44:00,CUST-015,Jorge Singh,jorge.singh@helioshealth.example,portal,Need password reset,Please reset my password for the Customer Portal. I tried the self-service link but it doesn't seem to work.,Customer Portal,medium,One user blocked from logging in,true,Reset workflow for Customer Portal does not complete for the affected account.,Tried self-service reset link once.,User receives a usable reset path and can authenticate.,any time by email,screenshot of error
TKT-00075,2026-03-30T18:45:00,CUST-004,Priya Okafor,priya.okafor@tesseramanufacturing.example,portal,General question about software list,Is there an approved-software list anywhere? want to install a tool but don't want to break Customer Portal.,Customer Portal,medium,Productivity blocker for one user,false,The user is unsure which team owns the Customer Portal request.,Searched the help center but did not find a clear owner.,User receives a clear owner and next step.,today 13:00-16:00 local time,""
TKT-00076,2026-03-14T17:30:00,CUST-001,Noor Xu,noor.xu@pacificbioworks.example,email,Password reset link expired,The reset link you sent expired before I could use it. need a new one for CRM.,CRM,high,Customer demo delayed,false,Reset workflow for CRM does not complete for the affected account.,Tried self-service reset link once.,User receives a usable reset path and can authenticate.,tomorrow morning local time,""
TKT-00077,2026-03-04T17:15:00,CUST-010,Kai Vega,kai.vega@quartzbioworks.example,email,VPN disconnects every few minutes,VPN keeps dropping every 3-5 minutes. happens on the VPN client. very frustrating. please help asap,VPN,critical,Remote engineer cannot stay connected to internal tools,false,VPN connectivity is intermittent enough to interrupt work.,Restarted client and retried from the same location.,Connection remains stable for internal systems.,today 09:00-11:00 local time,""
TKT-00078,2026-02-04T19:23:00,CUST-010,Yuki Rao,yuki.rao@quartzbioworks.example,email,Need password reset,Please reset my password for the Identity Provider. I tried the self-service link but it doesn't seem to work.,Identity Provider,medium,One user blocked from logging in,false,Reset workflow for Identity Provider does not complete for the affected account.,Tried self-service reset link once.,User receives a usable reset path and can authenticate.,tomorrow morning local time,""
TKT-00079,2026-03-21T03:06:00,CUST-003,Noor Ivanov,noor.ivanov@quartzlogistics.example,phone,Out of office not sending,Set up auto-reply on Email but my colleagues say they're not getting it.,Email,medium,Stakeholders unaware of leave,false,Email calendar or mailbox state is not syncing across devices.,Restarted mail/calendar app.,Mailbox/calendar state syncs consistently.,today 09:00-11:00 local time,""
TKT-00080,2026-03-13T04:18:00,CUST-007,Uma Mancini,uma.mancini@meridianstudios.example,email,Cannot log into customer portal,"I keep getting an 'invalid credentials' error when I try to sign in to the Identity Provider, even after typing my password carefully. tried twice already.",Identity Provider,low,One user blocked from logging in,false,Identity Provider sign-in fails before the user reaches the app home page.,"Retyped password, tried a private browser window.",User can sign in and reach the normal landing page.,today 09:00-11:00 local time,""
TKT-00081,2026-03-19T13:33:00,CUST-009,Imani Liang,imani.liang@meridianmarinesolutions.example,portal,Service account password expired,Our automated job failed because the Customer Portal service account password expired overnight. please help asap,Customer Portal,medium,Nightly export job failing,false,Reset workflow for Customer Portal does not complete for the affected account.,Tried self-service reset link once.,User receives a usable reset path and can authenticate.,tomorrow morning local time,""
TKT-00082,2026-03-17T17:06:00,CUST-006,Ravi Singh,ravi.singh@pioneerfoods.example,email,Cannot download invoice PDF,The Download Invoice button on Billing System just spins forever. tried Chrome and Safari.,Billing System,high,Customer cannot file expense reports,false,Billing System billing record does not match the customer's expected account state.,Checked the invoice/account page twice.,Billing record matches the customer's current account details.,any time by email,""
TKT-00083,2026-03-04T09:06:00,CUST-007,Alex Liang,alex.liang@meridianstudios.example,email,Need help with a workflow,Not sure who owns this but I can't figure out how to do X in Customer Portal. Documentation isn't helpful.,Customer Portal,medium,User unable to complete task,false,The user is unsure which team owns the Customer Portal request.,Searched the help center but did not find a clear owner.,User receives a clear owner and next step.,tomorrow morning local time,""
TKT-00084,2026-01-19T09:56:00,CUST-018,Yuki Quintero,yuki.quintero@northstarfoods.example,portal,Wireless mouse not working,"My mouse stopped responding this morning. swapped batteries, no change.",Customer Portal,medium,Single user partially blocked,false,Device or peripheral behavior remains faulty after a basic restart.,Restarted the device and checked cables/batteries.,Device works reliably enough for normal work.,today 09:00-11:00 local time,""
TKT-00085,2026-02-26T13:37:00,CUST-001,Marta Jeong,marta.jeong@pacificbioworks.example,portal,Records missing after CRM export,Exported a contact list from Customer Portal this morning and a chunk of records are missing. it definitely had more rows yesterday.,Customer Portal,medium,Sales pipeline data inconsistent,false,Customer Portal behavior is repeatable and differs from yesterday's behavior.,Refreshed browser and repeated the action.,The application action completes without missing records or freezing.,today 13:00-16:00 local time,""
TKT-00086,2026-02-24T17:24:00,CUST-004,Felix Kapoor,felix.kapoor@tesseramanufacturing.example,portal,Wi-Fi drops in conference room,Wi-Fi in conf room B keeps dropping connection. VPN won't reauthorize properly.,VPN,low,Customer demos interrupted,false,VPN connectivity is intermittent enough to interrupt work.,Restarted client and retried from the same location.,Connection remains stable for internal systems.,any time by email,""
TKT-00087,2026-02-28T12:12:00,CUST-016,Lin Grover,lin.grover@polarisrobotics.example,portal,Need access for new employee,"New hire starts Monday, needs Identity Provider access at the analyst tier.",Identity Provider,medium,New hire cannot access required systems,false,Identity Provider access or security state needs human review before action.,Checked with manager or security contact before submitting.,Access/security action is completed with the right approvals.,today 09:00-11:00 local time,""
TKT-00088,2026-03-25T05:16:00,CUST-002,Chen Walsh,chen.walsh@summithealth.example,portal,MFA prompt never arrives,The MFA code never reaches my phone for Customer Portal. been waiting 10 min.,Customer Portal,critical,User cannot access required system,true,Customer Portal sign-in fails before the user reaches the app home page.,"Retyped password, tried a private browser window.",User can sign in and reach the normal landing page.,tomorrow morning local time,invoice PDF
TKT-00089,2026-03-27T09:26:00,CUST-004,Noor Grover,noor.grover@tesseramanufacturing.example,email,Saved filter not loading on dashboard,My saved filter on CRM disappeared overnight. now have to rebuild it from scratch. please help asap,CRM,medium,Manager dashboard broken before exec review,false,CRM behavior is repeatable and differs from yesterday's behavior.,Refreshed browser and repeated the action.,The application action completes without missing records or freezing.,any time by email,""
TKT-00090,2026-03-21T00:01:00,CUST-013,Nikhil Bose,nikhil.bose@auroracapital.example,portal,Wrong billing region applied,We moved offices last quarter. Billing System is still applying old region pricing.,Billing System,medium,Finance unable to close the month,false,Billing System billing record does not match the customer's expected account state.,Checked the invoice/account page twice.,Billing record matches the customer's current account details.,tomorrow morning local time,""
TKT-00091,2026-02-11T13:35:00,CUST-005,Dani Xu,dani.xu@pioneerbioworks.example,email,Saved filter not loading on dashboard,My saved filter on Inventory App disappeared overnight. now have to rebuild it from scratch. please help asap,Inventory App,low,Manager dashboard broken before exec review,false,Inventory App behavior is repeatable and differs from yesterday's behavior.,Refreshed browser and repeated the action.,The application action completes without missing records or freezing.,today 09:00-11:00 local time,""
TKT-00092,2026-01-21T00:08:00,CUST-007,Alex Bose,alex.bose@meridianstudios.example,portal,CRM export missing records,Pulled a CSV from Analytics Dashboard for the QBR and a few hundred contacts are missing.,Analytics Dashboard,medium,QBR slides cannot be finalized,true,"Analytics Dashboard data output is stale, incomplete, or unavailable.",Refreshed dashboard/export and retried later.,"Report/dashboard reflects current, complete data.",today 09:00-11:00 local time,export sample
TKT-00093,2026-03-25T09:00:00,CUST-001,Zane Grover,zane.grover@pacificbioworks.example,email,Stuck in SSO redirect loop,After I click sign in on teh Identity Provider the page just keeps bouncing me back and forth between the SSO screen.,Identity Provider,high,Two team members cannot start the day's work,false,Identity Provider sign-in fails before the user reaches the app home page.,"Retyped password, tried a private browser window.",User can sign in and reach the normal landing page.,any time by email,""
TKT-00094,2026-02-21T12:35:00,CUST-017,Bea Vega,bea.vega@cypresshealth.example,portal,Out of office not sending,Set up auto-reply on Email but my colleagues say tehy're not getting it.,Email,critical,Stakeholders unaware of leave,false,Email calendar or mailbox state is not syncing across devices.,Restarted mail/calendar app.,Mailbox/calendar state syncs consistently.,tomorrow morning local time,""
TKT-00095,2026-02-20T12:40:00,CUST-008,Bea Underwood,bea.underwood@cypressanalytics.example,phone,Saved filter not loading on dashboard,My saved filter on Analytics Dashboard disappeared overnight. now have to rebuild it from scratch.,Analytics Dashboard,medium,Manager dashboard broken before exec review,false,Analytics Dashboard behavior is repeatable and differs from yesterday's behavior.,Refreshed browser and repeated the action.,The application action completes without missing records or freezing.,tomorrow morning local time,""
TKT-00096,2026-03-19T01:37:00,CUST-003,Jorge Liang,jorge.liang@quartzlogistics.example,email,Wrong billing region applied,We moved offices last quarter. Customer Portal is still applying old region pricing.,Customer Portal,medium,Finance unable to close the month,true,Customer Portal billing record does not match the customer's expected account state.,Checked the invoice/account page twice.,Billing record matches the customer's current account details.,any time by email,invoice PDF
TKT-00097,2026-01-18T23:49:00,CUST-016,Alex Kapoor,alex.kapoor@polarisrobotics.example,portal,Need password reset,Please reset my password for teh Customer Portal. I tried the self-service link but it doesn't seem to work.,Customer Portal,high,One user blocked from logging in,false,Reset workflow for Customer Portal does not complete for the affected account.,Tried self-service reset link once.,User receives a usable reset path and can authenticate.,any time by email,""
TKT-00098,2026-02-25T17:23:00,CUST-001,Erin Jeong,erin.jeong@pacificbioworks.example,email,Need help with a workflow,Not sure who owns this but I can't figure out how to do X in Customer Portal. Documentation isn't helpful.,Customer Portal,medium,User unable to complete task,false,The user is unsure which team owns the Customer Portal request.,Searched the help center but did not find a clear owner.,User receives a clear owner and next step.,tomorrow morning local time,""
TKT-00099,2026-01-23T14:26:00,CUST-013,Alex Patel,alex.patel@auroracapital.example,portal,Analytics dashboard not loading,Inventory App dashboard shows a blank screen with a spinner that never resolves. been like that all morning.,Inventory App,low,Customer demo delayed because dashboard is down,true,"Inventory App data output is stale, incomplete, or unavailable.",Refreshed dashboard/export and retried later.,"Report/dashboard reflects current, complete data.",today 09:00-11:00 local time,screenshot of error
TKT-00100,2026-02-23T07:26:00,CUST-008,Alex Patel,alex.patel@cypressanalytics.example,portal,MFA prompt never arrives,The MFA code never reaches my phone for Identity Provider. been waiting 10 min. please help asap,Identity Provider,medium,User cannot access required system,false,Identity Provider sign-in fails before the user reaches the app home page.,"Retyped password, tried a private browser window.",User can sign in and reach the normal landing page.,today 13:00-16:00 local time,""
TKT-00101,2026-03-07T19:30:00,CUST-017,Grace Rao,grace.rao@cypresshealth.example,portal,Email calendar sync issue,My Email calendar isn't syncing with my phone since this morning. missed a meeting because of it.,Email,high,User missed customer meeting,false,Email calendar or mailbox state is not syncing across devices.,Restarted mail/calendar app.,Mailbox/calendar state syncs consistently.,any time by email,""
TKT-00102,2026-02-01T06:34:00,CUST-018,Dani Jeong,dani.jeong@northstarfoods.example,portal,Invoice total looks wrong,The invoice for last month on Billing System is much higher than expected. I think the tax rate is off.,Billing System,high,Finance team holding payment until corrected,false,Billing System billing record does not match the customer's expected account state.,Checked the invoice/account page twice.,Billing record matches the customer's current account details.,today 09:00-11:00 local time,""
TKT-00103,2026-02-02T10:54:00,CUST-006,Noor Fontaine,noor.fontaine@pioneerfoods.example,portal,VPN disconnects every few minutes,VPN keeps dropping every 3-5 minutes. happens on the VPN client. very frustrating.,VPN,high,Remote engineer cannot stay connected to internal tools,false,VPN connectivity is intermittent enough to interrupt work.,Restarted client and retried from the same location.,Connection remains stable for internal systems.,today 13:00-16:00 local time,""
TKT-00104,2026-02-12T12:46:00,CUST-015,Jorge Rao,jorge.rao@helioshealth.example,portal,Stale numbers in finance dashboard,Numbers on CRM look like they're from two days ago. monthly close is on Friday. please help asap,CRM,medium,Monthly close delayed by export issue,false,"CRM data output is stale, incomplete, or unavailable.",Refreshed dashboard/export and retried later.,"Report/dashboard reflects current, complete data.",today 09:00-11:00 local time,""
TKT-00105,2026-03-26T05:13:00,CUST-003,Jorge Eskola,jorge.eskola@quartzlogistics.example,portal,Vendor needs limited portal access,Auditor visits Wed and needs read-only access to Identity Provider. please prioritize.,Identity Provider,medium,Audit blocked without access,true,Identity Provider access or security state needs human review before action.,Checked with manager or security contact before submitting.,Access/security action is completed with the right approvals.,today 13:00-16:00 local time,export sample
TKT-00106,2026-02-26T01:10:00,CUST-003,Grace Nair,grace.nair@quartzlogistics.example,portal,Wrong billing region applied,We moved offices last quarter. Customer Portal is still applying old region pricing.,Customer Portal,low,Finance unable to close the month,false,Customer Portal billing record does not match the customer's expected account state.,Checked the invoice/account page twice.,Billing record matches the customer's current account details.,any time by email,""
TKT-00107,2026-03-30T02:36:00,CUST-002,Quinn Holm,quinn.holm@summithealth.example,portal,MFA prompt never arrives,The MFA code never reaches my phone for Customer Portal. been waiting 10 min. please help asap,Customer Portal,critical,User cannot access required system,false,Customer Portal sign-in fails before the user reaches the app home page.,"Retyped password, tried a private browser window.",User can sign in and reach the normal landing page.,today 13:00-16:00 local time,""
TKT-00108,2026-03-23T10:54:00,CUST-010,Jorge Fontaine,jorge.fontaine@quartzbioworks.example,portal,Shared mailbox missing,The shared support mailbox disappeared from my Email. it was there last week.,Email,medium,Support intake delayed,false,Email calendar or mailbox state is not syncing across devices.,Restarted mail/calendar app.,Mailbox/calendar state syncs consistently.,today 09:00-11:00 local time,""
TKT-00109,2026-01-25T21:28:00,CUST-017,Grace Nair,grace.nair@cypresshealth.example,portal,Account locked after travel,Getting account-locked errors on CRM since flying to a new region.,CRM,low,Field rep blocked from CRM during customer visit,true,CRM sign-in fails before the user reaches the app home page.,"Retyped password, tried a private browser window.",User can sign in and reach the normal landing page.,today 09:00-11:00 local time,short screen recording
TKT-00110,2026-01-19T18:12:00,CUST-015,Wren Devine,wren.devine@helioshealth.example,email,CRM export missing records,Pulled a CSV from CRM for the QBR and a few hundred contacts are missing.,CRM,medium,QBR slides cannot be finalized,false,"CRM data output is stale, incomplete, or unavailable.",Refreshed dashboard/export and retried later.,"Report/dashboard reflects current, complete data.",today 09:00-11:00 local time,""
TKT-00111,2026-01-18T00:14:00,CUST-010,Grace Quintero,grace.quintero@quartzbioworks.example,email,Cannot log into customer portal,"I keep getting an 'invalid credentials' error when I try to sign in to the CRM, even after typing my password carefully. tried twice already.",CRM,low,One user blocked from logging in,false,CRM sign-in fails before the user reaches the app home page.,"Retyped password, tried a private browser window.",User can sign in and reach the normal landing page.,today 09:00-11:00 local time,""
TKT-00112,2026-03-30T05:40:00,CUST-007,Grace Adler,grace.adler@meridianstudios.example,portal,Need help with a workflow,Not sure who owns this but I can't figure out how to do X in Customer Portal. Documentation isn't helpful. please help asap,Customer Portal,high,User unable to complete task,true,The user is unsure which team owns the Customer Portal request.,Searched the help center but did not find a clear owner.,User receives a clear owner and next step.,today 13:00-16:00 local time,invoice PDF
TKT-00113,2026-02-25T06:10:00,CUST-018,Tomo Mancini,tomo.mancini@northstarfoods.example,email,Need access for new employee,"New hire starts Monday, needs Identity Provider access at teh analyst tier.",Identity Provider,low,New hire cannot access required systems,true,Identity Provider access or security state needs human review before action.,Checked with manager or security contact before submitting.,Access/security action is completed with the right approvals.,any time by email,export sample
TKT-00114,2026-01-23T03:57:00,CUST-008,Grace Chen,grace.chen@cypressanalytics.example,portal,Wi-Fi drops in conference room,Wi-Fi in conf room B keeps dropping connection. VPN won't reauthorize properly.,VPN,medium,Customer demos interrupted,true,VPN connectivity is intermittent enough to interrupt work.,Restarted client and retried from the same location.,Connection remains stable for internal systems.,today 09:00-11:00 local time,invoice PDF
TKT-00115,2026-02-09T03:42:00,CUST-008,Erin Okafor,erin.okafor@cypressanalytics.example,email,Need access for new employee,"New hire starts Monday, needs Identity Provider access at the analyst tier. please help asap",Identity Provider,critical,New hire cannot access required systems,false,Identity Provider access or security state needs human review before action.,Checked with manager or security contact before submitting.,Access/security action is completed with the right approvals.,today 13:00-16:00 local time,""
TKT-00116,2026-03-16T18:10:00,CUST-003,Wren Singh,wren.singh@quartzlogistics.example,email,Printer offline error,The shared printer keeps showing offline even after restart. on the Customer Portal portal it's listed as online though.,Customer Portal,medium,Team cannot print client deliverables,false,Device or peripheral behavior remains faulty after a basic restart.,Restarted the device and checked cables/batteries.,Device works reliably enough for normal work.,today 13:00-16:00 local time,""
TKT-00117,2026-01-31T19:25:00,CUST-012,Maya Rao,maya.rao@ironhillcapital.example,phone,Account locked after travel,Getting account-locked errors on Identity Provider since flying to a new region.,Identity Provider,low,Field rep blocked from CRM during customer visit,false,Identity Provider sign-in fails before the user reaches the app home page.,"Retyped password, tried a private browser window.",User can sign in and reach the normal landing page.,today 13:00-16:00 local time,""
TKT-00118,2026-02-21T01:18:00,CUST-007,Theo Bose,theo.bose@meridianstudios.example,email,Stale numbers in finance dashboard,Numbers on Analytics Dashboard look like they're from two days ago. monthly close is on Friday.,Analytics Dashboard,high,Monthly close delayed by export issue,false,"Analytics Dashboard data output is stale, incomplete, or unavailable.",Refreshed dashboard/export and retried later.,"Report/dashboard reflects current, complete data.",any time by email,""
TKT-00119,2026-03-05T18:44:00,CUST-001,Alex Bose,alex.bose@pacificbioworks.example,email,Shared mailbox missing,The shared support mailbox disappeared from my Email. it was there last week.,Email,medium,Support intake delayed,false,Email calendar or mailbox state is not syncing across devices.,Restarted mail/calendar app.,Mailbox/calendar state syncs consistently.,tomorrow morning local time,""
TKT-00120,2026-03-10T01:44:00,CUST-016,Alex Yamada,alex.yamada@polarisrobotics.example,phone,Shared mailbox missing,The shared support mailbox disappeared from my Email. it was tehre last week. please help asap,Email,low,Support intake delayed,false,Email calendar or mailbox state is not syncing across devices.,Restarted mail/calendar app.,Mailbox/calendar state syncs consistently.,today 09:00-11:00 local time,""
TKT-00121,2026-01-17T21:57:00,CUST-010,Imani Underwood,imani.underwood@quartzbioworks.example,portal,Wi-Fi drops in conference room,Wi-Fi in conf room B keeps dropping connection. VPN won't reauthorize properly.,VPN,high,Customer demos interrupted,false,VPN connectivity is intermittent enough to interrupt work.,Restarted client and retried from the same location.,Connection remains stable for internal systems.,today 09:00-11:00 local time,""
TKT-00122,2026-02-09T17:57:00,CUST-008,Grace Yamada,grace.yamada@cypressanalytics.example,portal,Cannot log into customer portal,"I keep getting an 'invalid credentials' error when I try to sign in to the Customer Portal, even after typing my password carefully. tried twice already.",Customer Portal,critical,One user blocked from logging in,true,Customer Portal sign-in fails before the user reaches the app home page.,"Retyped password, tried a private browser window.",User can sign in and reach the normal landing page.,any time by email,short screen recording
TKT-00123,2026-03-20T22:34:00,CUST-010,Tomo Kapoor,tomo.kapoor@quartzbioworks.example,email,Shared mailbox missing,The shared support mailbox disappeared from my Email. it was there last week. please help asap,Email,medium,Support intake delayed,false,Email calendar or mailbox state is not syncing across devices.,Restarted mail/calendar app.,Mailbox/calendar state syncs consistently.,today 09:00-11:00 local time,""
TKT-00124,2026-03-14T13:02:00,CUST-012,Olu Singh,olu.singh@ironhillcapital.example,portal,High latency to internal apps,Everything on VPN is super slow today. pages that normally load instantly take 20+ seconds. please help asap,VPN,medium,Whole regional team affected,true,VPN connectivity is intermittent enough to interrupt work.,Restarted client and retried from the same location.,Connection remains stable for internal systems.,today 09:00-11:00 local time,export sample
TKT-00125,2026-02-08T17:18:00,CUST-004,Hassan Bose,hassan.bose@tesseramanufacturing.example,portal,Need password reset,Please reset my password for the Identity Provider. I tried the self-service link but it doesn't seem to work.,Identity Provider,low,One user blocked from logging in,false,Reset workflow for Identity Provider does not complete for the affected account.,Tried self-service reset link once.,User receives a usable reset path and can authenticate.,any time by email,""
TKT-00126,2026-01-29T08:22:00,CUST-009,Vera Kapoor,vera.kapoor@meridianmarinesolutions.example,portal,Wrong billing region applied,We moved offices last quarter. Billing System is still applying old region pricing. please help asap,Billing System,medium,Finance unable to close the month,true,Billing System billing record does not match the customer's expected account state.,Checked the invoice/account page twice.,Billing record matches the customer's current account details.,today 09:00-11:00 local time,export sample
TKT-00127,2026-02-12T04:10:00,CUST-015,Erin Mancini,erin.mancini@helioshealth.example,phone,Stuck in SSO redirect loop,After I click sign in on the CRM the page just keeps bouncing me back and forth between the SSO screen.,CRM,low,Two team members cannot start the day's work,true,CRM sign-in fails before the user reaches the app home page.,"Retyped password, tried a private browser window.",User can sign in and reach the normal landing page.,any time by email,short screen recording
TKT-00128,2026-02-18T10:06:00,CUST-013,Marta Nair,marta.nair@auroracapital.example,phone,MFA prompt never arrives,The MFA code never reaches my phone for Customer Portal. been waiting 10 min. please help asap,Customer Portal,medium,User cannot access required system,false,Customer Portal sign-in fails before the user reaches the app home page.,"Retyped password, tried a private browser window.",User can sign in and reach the normal landing page.,any time by email,""
TKT-00129,2026-02-05T01:59:00,CUST-009,Quinn Underwood,quinn.underwood@meridianmarinesolutions.example,email,Analytics dashboard not loading,CRM dashboard shows a blank screen with a spinner that never resolves. been like that all morning.,CRM,low,Customer demo delayed because dashboard is down,false,"CRM data output is stale, incomplete, or unavailable.",Refreshed dashboard/export and retried later.,"Report/dashboard reflects current, complete data.",tomorrow morning local time,""
TKT-00130,2026-02-19T08:17:00,CUST-015,Ravi Quintero,ravi.quintero@helioshealth.example,phone,Cannot log into customer portal,"I keep getting an 'invalid credentials' error when I try to sign in to teh Identity Provider, even after typing my password carefully. tried twice already.",Identity Provider,high,One user blocked from logging in,true,Identity Provider sign-in fails before the user reaches the app home page.,"Retyped password, tried a private browser window.",User can sign in and reach the normal landing page.,any time by email,export sample
TKT-00131,2026-03-27T12:14:00,CUST-003,Olu Ivanov,olu.ivanov@quartzlogistics.example,email,Wrong billing region applied,We moved offices last quarter. Customer Portal is still applying old region pricing.,Customer Portal,medium,Finance unable to close the month,false,Customer Portal billing record does not match the customer's expected account state.,Checked the invoice/account page twice.,Billing record matches the customer's current account details.,any time by email,""
TKT-00132,2026-03-21T16:28:00,CUST-011,Kai Bose,kai.bose@polarislogistics.example,portal,MFA prompt never arrives,The MFA code never reaches my phone for Customer Portal. been waiting 10 min.,Customer Portal,medium,User cannot access required system,false,Customer Portal sign-in fails before the user reaches the app home page.,"Retyped password, tried a private browser window.",User can sign in and reach the normal landing page.,any time by email,""
TKT-00133,2026-01-28T02:49:00,CUST-003,Imani Holm,imani.holm@quartzlogistics.example,portal,Service account password expired,Our automated job failed because the CRM service account password expired overnight.,CRM,medium,Nightly export job failing,false,Reset workflow for CRM does not complete for the affected account.,Tried self-service reset link once.,User receives a usable reset path and can authenticate.,today 13:00-16:00 local time,""
TKT-00134,2026-02-03T05:45:00,CUST-014,Yuki Chen,yuki.chen@lumensystems.example,email,General question about software list,Is tehre an approved-software list anywhere? want to install a tool but don't want to break Customer Portal. please help asap,Customer Portal,medium,Productivity blocker for one user,false,The user is unsure which team owns the Customer Portal request.,Searched the help center but did not find a clear owner.,User receives a clear owner and next step.,tomorrow morning local time,""
TKT-00135,2026-03-10T00:51:00,CUST-008,Theo Devine,theo.devine@cypressanalytics.example,portal,High latency to internal apps,Everything on Identity Provider is super slow today. pages that normally load instantly take 20+ seconds. please help asap,Identity Provider,medium,Whole regional team affected,true,Identity Provider connectivity is intermittent enough to interrupt work.,Restarted client and retried from the same location.,Connection remains stable for internal systems.,any time by email,screenshot of error
TKT-00136,2026-01-24T05:46:00,CUST-014,Yuki Yamada,yuki.yamada@lumensystems.example,portal,Need password reset,Please reset my password for the Identity Provider. I tried the self-service link but it doesn't seem to work.,Identity Provider,low,One user blocked from logging in,true,Reset workflow for Identity Provider does not complete for the affected account.,Tried self-service reset link once.,User receives a usable reset path and can authenticate.,today 09:00-11:00 local time,export sample
TKT-00137,2026-01-25T05:27:00,CUST-003,Ravi Patel,ravi.patel@quartzlogistics.example,portal,Analytics dashboard not loading,CRM dashboard shows a blank screen with a spinner that never resolves. been like that all morning.,CRM,high,Customer demo delayed because dashboard is down,false,"CRM data output is stale, incomplete, or unavailable.",Refreshed dashboard/export and retried later.,"Report/dashboard reflects current, complete data.",any time by email,""
TKT-00138,2026-01-20T08:52:00,CUST-009,Noor Yamada,noor.yamada@meridianmarinesolutions.example,portal,Cannot log into customer portal,"I keep getting an 'invalid credentials' error when I try to sign in to teh Customer Portal, even after typing my password carefully. tried twice already.",Customer Portal,critical,One user blocked from logging in,false,Customer Portal sign-in fails before the user reaches the app home page.,"Retyped password, tried a private browser window.",User can sign in and reach the normal landing page.,today 09:00-11:00 local time,""
TKT-00139,2026-01-21T10:06:00,CUST-007,Ravi Tanaka,ravi.tanaka@meridianstudios.example,portal,Need help with a workflow,Not sure who owns this but I can't figure out how to do X in Customer Portal. Documentation isn't helpful.,Customer Portal,low,User unable to complete task,false,The user is unsure which team owns the Customer Portal request.,Searched the help center but did not find a clear owner.,User receives a clear owner and next step.,today 09:00-11:00 local time,""
TKT-00140,2026-02-24T12:05:00,CUST-001,Maya Vega,maya.vega@pacificbioworks.example,email,Stuck in SSO redirect loop,After I click sign in on teh Customer Portal the page just keeps bouncing me back and forth between the SSO screen. please help asap,Customer Portal,low,Two team members cannot start the day's work,true,Customer Portal sign-in fails before the user reaches the app home page.,"Retyped password, tried a private browser window.",User can sign in and reach the normal landing page.,today 09:00-11:00 local time,short screen recording
TKT-00141,2026-01-26T05:20:00,CUST-006,Chen Tanaka,chen.tanaka@pioneerfoods.example,email,Need password reset,Please reset my password for the Customer Portal. I tried the self-service link but it doesn't seem to work.,Customer Portal,high,One user blocked from logging in,false,Reset workflow for Customer Portal does not complete for the affected account.,Tried self-service reset link once.,User receives a usable reset path and can authenticate.,tomorrow morning local time,""
TKT-00142,2026-02-20T04:51:00,CUST-010,Xavi Adler,xavi.adler@quartzbioworks.example,portal,Wireless mouse not working,"My mouse stopped responding this morning. swapped batteries, no change.",Customer Portal,high,Single user partially blocked,false,Device or peripheral behavior remains faulty after a basic restart.,Restarted the device and checked cables/batteries.,Device works reliably enough for normal work.,any time by email,""
TKT-00143,2026-03-28T14:31:00,CUST-007,Kai Tanaka,kai.tanaka@meridianstudios.example,portal,MFA prompt never arrives,The MFA code never reaches my phone for CRM. been waiting 10 min. please help asap,CRM,medium,User cannot access required system,false,CRM sign-in fails before the user reaches the app home page.,"Retyped password, tried a private browser window.",User can sign in and reach the normal landing page.,today 09:00-11:00 local time,""
TKT-00144,2026-01-18T09:28:00,CUST-011,Jorge Quintero,jorge.quintero@polarislogistics.example,portal,Stale numbers in finance dashboard,Numbers on CRM look like they're from two days ago. monthly close is on Friday.,CRM,medium,Monthly close delayed by export issue,false,"CRM data output is stale, incomplete, or unavailable.",Refreshed dashboard/export and retried later.,"Report/dashboard reflects current, complete data.",tomorrow morning local time,""
TKT-00145,2026-02-09T01:09:00,CUST-004,Dani Ivanov,dani.ivanov@tesseramanufacturing.example,email,Service account password expired,Our automated job failed because teh Customer Portal service account password expired overnight.,Customer Portal,critical,Nightly export job failing,false,Reset workflow for Customer Portal does not complete for the affected account.,Tried self-service reset link once.,User receives a usable reset path and can authenticate.,today 09:00-11:00 local time,""
TKT-00146,2026-03-11T11:53:00,CUST-007,Dani Nair,dani.nair@meridianstudios.example,email,CRM export missing records,Pulled a CSV from Analytics Dashboard for the QBR and a few hundred contacts are missing.,Analytics Dashboard,medium,QBR slides cannot be finalized,true,"Analytics Dashboard data output is stale, incomplete, or unavailable.",Refreshed dashboard/export and retried later.,"Report/dashboard reflects current, complete data.",any time by email,export sample
TKT-00147,2026-02-11T10:17:00,CUST-018,Xavi Bose,xavi.bose@northstarfoods.example,phone,Saved filter not loading on dashboard,My saved filter on Customer Portal disappeared overnight. now have to rebuild it from scratch. please help asap,Customer Portal,medium,Manager dashboard broken before exec review,true,Customer Portal behavior is repeatable and differs from yesterday's behavior.,Refreshed browser and repeated the action.,The application action completes without missing records or freezing.,any time by email,invoice PDF
TKT-00148,2026-01-24T09:49:00,CUST-011,Yuki Devine,yuki.devine@polarislogistics.example,email,Stale numbers in finance dashboard,Numbers on Analytics Dashboard look like they're from two days ago. monthly close is on Friday.,Analytics Dashboard,medium,Monthly close delayed by export issue,false,"Analytics Dashboard data output is stale, incomplete, or unavailable.",Refreshed dashboard/export and retried later.,"Report/dashboard reflects current, complete data.",today 13:00-16:00 local time,""
TKT-00149,2026-01-26T08:37:00,CUST-017,Iris Holm,iris.holm@cypresshealth.example,portal,Service account password expired,Our automated job failed because the Customer Portal service account password expired overnight.,Customer Portal,low,Nightly export job failing,false,Reset workflow for Customer Portal does not complete for the affected account.,Tried self-service reset link once.,User receives a usable reset path and can authenticate.,today 09:00-11:00 local time,""
TKT-00150,2026-03-18T04:31:00,CUST-010,Kai Patel,kai.patel@quartzbioworks.example,phone,Service account password expired,Our automated job failed because the Identity Provider service account password expired overnight.,Identity Provider,medium,Nightly export job failing,false,Reset workflow for Identity Provider does not complete for the affected account.,Tried self-service reset link once.,User receives a usable reset path and can authenticate.,today 09:00-11:00 local time,""
TKT-00151,2026-01-29T05:09:00,CUST-011,Kai Devine,kai.devine@polarislogistics.example,phone,VPN disconnects every few minutes,VPN keeps dropping every 3-5 minutes. happens on the VPN client. very frustrating.,VPN,low,Remote engineer cannot stay connected to internal tools,false,VPN connectivity is intermittent enough to interrupt work.,Restarted client and retried from the same location.,Connection remains stable for internal systems.,today 09:00-11:00 local time,""
TKT-00152,2026-03-12T14:20:00,CUST-001,Wren Bose,wren.bose@pacificbioworks.example,email,Shared mailbox missing,The shared support mailbox disappeared from my Email. it was tehre last week.,Email,high,Support intake delayed,false,Email calendar or mailbox state is not syncing across devices.,Restarted mail/calendar app.,Mailbox/calendar state syncs consistently.,tomorrow morning local time,""
TKT-00153,2026-02-21T04:13:00,CUST-017,Chen Zhao,chen.zhao@cypresshealth.example,portal,Inventory App shows stale data,"The Customer Portal keeps showing yesterday's stock levels. cleared cache, no luck.",Customer Portal,high,Warehouse team picking against incorrect data,true,Customer Portal behavior is repeatable and differs from yesterday's behavior.,Refreshed browser and repeated the action.,The application action completes without missing records or freezing.,tomorrow morning local time,screenshot of error
TKT-00154,2026-01-17T06:33:00,CUST-002,Noor Singh,noor.singh@summithealth.example,email,Need help with a workflow,Not sure who owns this but I can't figure out how to do X in Customer Portal. Documentation isn't helpful. please help asap,Customer Portal,critical,User unable to complete task,false,The user is unsure which team owns the Customer Portal request.,Searched the help center but did not find a clear owner.,User receives a clear owner and next step.,today 09:00-11:00 local time,""
TKT-00155,2026-02-28T06:40:00,CUST-009,Kai Kapoor,kai.kapoor@meridianmarinesolutions.example,portal,Cannot download invoice PDF,The Download Invoice button on Customer Portal just spins forever. tried Chrome and Safari.,Customer Portal,medium,Customer cannot file expense reports,true,Customer Portal billing record does not match the customer's expected account state.,Checked the invoice/account page twice.,Billing record matches the customer's current account details.,today 09:00-11:00 local time,invoice PDF
TKT-00156,2026-01-19T04:02:00,CUST-006,Sana Tanaka,sana.tanaka@pioneerfoods.example,email,MFA prompt never arrives,The MFA code never reaches my phone for CRM. been waiting 10 min.,CRM,medium,User cannot access required system,false,CRM sign-in fails before the user reaches the app home page.,"Retyped password, tried a private browser window.",User can sign in and reach the normal landing page.,any time by email,""
TKT-00157,2026-02-14T20:15:00,CUST-004,Xavi Xu,xavi.xu@tesseramanufacturing.example,portal,CRM export missing records,Pulled a CSV from Analytics Dashboard for the QBR and a few hundred contacts are missing.,Analytics Dashboard,high,QBR slides cannot be finalized,false,"Analytics Dashboard data output is stale, incomplete, or unavailable.",Refreshed dashboard/export and retried later.,"Report/dashboard reflects current, complete data.",tomorrow morning local time,""
TKT-00158,2026-03-10T10:19:00,CUST-004,Vera Nair,vera.nair@tesseramanufacturing.example,portal,Email calendar sync issue,My Email calendar isn't syncing with my phone since this morning. missed a meeting because of it.,Email,high,User missed customer meeting,true,Email calendar or mailbox state is not syncing across devices.,Restarted mail/calendar app.,Mailbox/calendar state syncs consistently.,today 13:00-16:00 local time,screenshot of error
TKT-00159,2026-01-18T17:49:00,CUST-004,Dani Xu,dani.xu@tesseramanufacturing.example,portal,Need password reset,Please reset my password for the Identity Provider. I tried the self-service link but it doesn't seem to work.,Identity Provider,medium,One user blocked from logging in,true,Reset workflow for Identity Provider does not complete for the affected account.,Tried self-service reset link once.,User receives a usable reset path and can authenticate.,any time by email,short screen recording
TKT-00160,2026-03-05T15:21:00,CUST-006,Jorge Walsh,jorge.walsh@pioneerfoods.example,portal,MFA prompt never arrives,The MFA code never reaches my phone for Identity Provider. been waiting 10 min.,Identity Provider,critical,User cannot access required system,true,Identity Provider sign-in fails before the user reaches the app home page.,"Retyped password, tried a private browser window.",User can sign in and reach the normal landing page.,today 09:00-11:00 local time,screenshot of error
TKT-00161,2026-01-25T23:14:00,CUST-011,Bea Grover,bea.grover@polarislogistics.example,portal,Password reset link expired,The reset link you sent expired before I could use it. need a new one for Identity Provider.,Identity Provider,medium,Customer demo delayed,false,Reset workflow for Identity Provider does not complete for the affected account.,Tried self-service reset link once.,User receives a usable reset path and can authenticate.,today 13:00-16:00 local time,""
TKT-00162,2026-01-20T11:38:00,CUST-002,Alex Okafor,alex.okafor@summithealth.example,email,Saved filter not loading on dashboard,My saved filter on Inventory App disappeared overnight. now have to rebuild it from scratch. please help asap,Inventory App,medium,Manager dashboard broken before exec review,true,Inventory App behavior is repeatable and differs from yesterday's behavior.,Refreshed browser and repeated the action.,The application action completes without missing records or freezing.,any time by email,export sample
TKT-00163,2026-02-12T07:07:00,CUST-003,Quinn Quintero,quinn.quintero@quartzlogistics.example,portal,Service account password expired,Our automated job failed because the Identity Provider service account password expired overnight.,Identity Provider,high,Nightly export job failing,false,Reset workflow for Identity Provider does not complete for the affected account.,Tried self-service reset link once.,User receives a usable reset path and can authenticate.,today 09:00-11:00 local time,""
TKT-00164,2026-02-12T14:59:00,CUST-007,Tomo Liang,tomo.liang@meridianstudios.example,email,Account locked after travel,Getting account-locked errors on Customer Portal since flying to a new region.,Customer Portal,medium,Field rep blocked from CRM during customer visit,true,Customer Portal sign-in fails before the user reaches the app home page.,"Retyped password, tried a private browser window.",User can sign in and reach the normal landing page.,tomorrow morning local time,short screen recording
TKT-00165,2026-02-18T13:57:00,CUST-012,Vera Walsh,vera.walsh@ironhillcapital.example,portal,Analytics dashboard not loading,Analytics Dashboard dashboard shows a blank screen with a spinner that never resolves. been like that all morning.,Analytics Dashboard,low,Customer demo delayed because dashboard is down,true,"Analytics Dashboard data output is stale, incomplete, or unavailable.",Refreshed dashboard/export and retried later.,"Report/dashboard reflects current, complete data.",tomorrow morning local time,export sample
TKT-00166,2026-02-13T08:26:00,CUST-003,Priya Chen,priya.chen@quartzlogistics.example,portal,MFA prompt never arrives,The MFA code never reaches my phone for CRM. been waiting 10 min.,CRM,medium,User cannot access required system,false,CRM sign-in fails before the user reaches the app home page.,"Retyped password, tried a private browser window.",User can sign in and reach the normal landing page.,today 09:00-11:00 local time,""
TKT-00167,2026-02-10T13:00:00,CUST-002,Sana Ivanov,sana.ivanov@summithealth.example,portal,Wi-Fi drops in conference room,Wi-Fi in conf room B keeps dropping connection. Identity Provider won't reauthorize properly.,Identity Provider,high,Customer demos interrupted,false,Identity Provider connectivity is intermittent enough to interrupt work.,Restarted client and retried from the same location.,Connection remains stable for internal systems.,tomorrow morning local time,""
TKT-00168,2026-03-31T00:57:00,CUST-014,Chen Mancini,chen.mancini@lumensystems.example,portal,Stuck in SSO redirect loop,After I click sign in on the Identity Provider the page just keeps bouncing me back and forth between the SSO screen.,Identity Provider,low,Two team members cannot start the day's work,false,Identity Provider sign-in fails before the user reaches the app home page.,"Retyped password, tried a private browser window.",User can sign in and reach the normal landing page.,any time by email,""
TKT-00169,2026-02-20T11:19:00,CUST-002,Marta Tanaka,marta.tanaka@summithealth.example,email,App freezes when opening report,Inventory App freezes for ~30 seconds whenever I open the Q4 report. happens every time.,Inventory App,critical,Reporting workflow unusable,false,Inventory App behavior is repeatable and differs from yesterday's behavior.,Refreshed browser and repeated the action.,The application action completes without missing records or freezing.,today 09:00-11:00 local time,""
TKT-00170,2026-03-12T02:01:00,CUST-011,Nikhil Jeong,nikhil.jeong@polarislogistics.example,portal,VPN disconnects every few minutes,VPN keeps dropping every 3-5 minutes. happens on the VPN client. very frustrating.,VPN,medium,Remote engineer cannot stay connected to internal tools,true,VPN connectivity is intermittent enough to interrupt work.,Restarted client and retried from the same location.,Connection remains stable for internal systems.,tomorrow morning local time,export sample
TKT-00171,2026-01-19T07:44:00,CUST-017,Noor Quintero,noor.quintero@cypresshealth.example,email,Invoice total looks wrong,The invoice for last month on Customer Portal is much higher than expected. I think teh tax rate is off. please help asap,Customer Portal,medium,Finance team holding payment until corrected,true,Customer Portal billing record does not match the customer's expected account state.,Checked the invoice/account page twice.,Billing record matches the customer's current account details.,today 09:00-11:00 local time,export sample
TKT-00172,2026-03-29T23:30:00,CUST-003,Kai Xu,kai.xu@quartzlogistics.example,email,Analytics dashboard not loading,Analytics Dashboard dashboard shows a blank screen with a spinner that never resolves. been like that all morning.,Analytics Dashboard,medium,Customer demo delayed because dashboard is down,true,"Analytics Dashboard data output is stale, incomplete, or unavailable.",Refreshed dashboard/export and retried later.,"Report/dashboard reflects current, complete data.",today 09:00-11:00 local time,invoice PDF
TKT-00173,2026-02-19T16:46:00,CUST-015,Nikhil Mancini,nikhil.mancini@helioshealth.example,email,Cannot log into customer portal,"I keep getting an 'invalid credentials' error when I try to sign in to the CRM, even after typing my password carefully. tried twice already.",CRM,high,One user blocked from logging in,true,CRM sign-in fails before the user reaches the app home page.,"Retyped password, tried a private browser window.",User can sign in and reach the normal landing page.,any time by email,short screen recording
TKT-00174,2026-03-16T17:40:00,CUST-015,Dani Grover,dani.grover@helioshealth.example,portal,VPN disconnects every few minutes,VPN keeps dropping every 3-5 minutes. happens on the Identity Provider client. very frustrating.,Identity Provider,medium,Remote engineer cannot stay connected to internal tools,true,Identity Provider connectivity is intermittent enough to interrupt work.,Restarted client and retried from the same location.,Connection remains stable for internal systems.,tomorrow morning local time,short screen recording
TKT-00175,2026-03-01T15:57:00,CUST-004,Zane Yamada,zane.yamada@tesseramanufacturing.example,portal,Service account password expired,Our automated job failed because the Identity Provider service account password expired overnight. please help asap,Identity Provider,low,Nightly export job failing,true,Reset workflow for Identity Provider does not complete for the affected account.,Tried self-service reset link once.,User receives a usable reset path and can authenticate.,today 13:00-16:00 local time,invoice PDF
TKT-00176,2026-03-26T00:13:00,CUST-015,Alex Grover,alex.grover@helioshealth.example,portal,General question about software list,Is there an approved-software list anywhere? want to install a tool but don't want to break Customer Portal.,Customer Portal,medium,Productivity blocker for one user,false,The user is unsure which team owns the Customer Portal request.,Searched the help center but did not find a clear owner.,User receives a clear owner and next step.,today 09:00-11:00 local time,""
TKT-00177,2026-01-19T10:07:00,CUST-012,Theo Adler,theo.adler@ironhillcapital.example,portal,Shared mailbox missing,The shared support mailbox disappeared from my Email. it was there last week.,Email,low,Support intake delayed,true,Email calendar or mailbox state is not syncing across devices.,Restarted mail/calendar app.,Mailbox/calendar state syncs consistently.,any time by email,screenshot of error
TKT-00178,2026-02-04T04:26:00,CUST-004,Theo Adler,theo.adler@tesseramanufacturing.example,portal,Printer offline error,The shared printer keeps showing offline even after restart. on teh Customer Portal portal it's listed as online though.,Customer Portal,high,Team cannot print client deliverables,false,Device or peripheral behavior remains faulty after a basic restart.,Restarted the device and checked cables/batteries.,Device works reliably enough for normal work.,any time by email,""
TKT-00179,2026-01-19T01:24:00,CUST-017,Wren Liang,wren.liang@cypresshealth.example,portal,Saved filter not loading on dashboard,My saved filter on Analytics Dashboard disappeared overnight. now have to rebuild it from scratch.,Analytics Dashboard,critical,Manager dashboard broken before exec review,false,Analytics Dashboard behavior is repeatable and differs from yesterday's behavior.,Refreshed browser and repeated the action.,The application action completes without missing records or freezing.,today 13:00-16:00 local time,""
TKT-00180,2026-03-28T10:32:00,CUST-012,Jorge Yamada,jorge.yamada@ironhillcapital.example,email,Password reset link expired,The reset link you sent expired before I could use it. need a new one for CRM. please help asap,CRM,medium,Customer demo delayed,false,Reset workflow for CRM does not complete for the affected account.,Tried self-service reset link once.,User receives a usable reset path and can authenticate.,today 13:00-16:00 local time,""
TKT-00181,2026-03-24T22:09:00,CUST-013,Bea Rao,bea.rao@auroracapital.example,portal,Out of office not sending,Set up auto-reply on Email but my colleagues say they're not getting it. please help asap,Email,medium,Stakeholders unaware of leave,false,Email calendar or mailbox state is not syncing across devices.,Restarted mail/calendar app.,Mailbox/calendar state syncs consistently.,any time by email,""
TKT-00182,2026-02-08T09:16:00,CUST-018,Quinn Walsh,quinn.walsh@northstarfoods.example,portal,Invoice total looks wrong,The invoice for last month on Billing System is much higher than expected. I think the tax rate is off.,Billing System,medium,Finance team holding payment until corrected,false,Billing System billing record does not match the customer's expected account state.,Checked the invoice/account page twice.,Billing record matches the customer's current account details.,today 09:00-11:00 local time,""
TKT-00183,2026-02-16T10:47:00,CUST-007,Marta Singh,marta.singh@meridianstudios.example,portal,Account locked after travel,Getting account-locked errors on CRM since flying to a new region.,CRM,medium,Field rep blocked from CRM during customer visit,false,CRM sign-in fails before the user reaches the app home page.,"Retyped password, tried a private browser window.",User can sign in and reach the normal landing page.,tomorrow morning local time,""
TKT-00184,2026-02-13T10:08:00,CUST-005,Quinn Holm,quinn.holm@pioneerbioworks.example,email,Invoice total looks wrong,The invoice for last month on Customer Portal is much higher than expected. I think the tax rate is off. please help asap,Customer Portal,medium,Finance team holding payment until corrected,false,Customer Portal billing record does not match the customer's expected account state.,Checked the invoice/account page twice.,Billing record matches the customer's current account details.,any time by email,""
TKT-00185,2026-02-04T22:39:00,CUST-013,Bea Rao,bea.rao@auroracapital.example,portal,Shared mailbox missing,The shared support mailbox disappeared from my Email. it was tehre last week.,Email,medium,Support intake delayed,false,Email calendar or mailbox state is not syncing across devices.,Restarted mail/calendar app.,Mailbox/calendar state syncs consistently.,today 13:00-16:00 local time,""
TKT-00186,2026-02-27T22:21:00,CUST-003,Kai Fontaine,kai.fontaine@quartzlogistics.example,portal,Wi-Fi drops in conference room,Wi-Fi in conf room B keeps dropping connection. VPN won't reauthorize properly.,VPN,medium,Customer demos interrupted,false,VPN connectivity is intermittent enough to interrupt work.,Restarted client and retried from the same location.,Connection remains stable for internal systems.,today 13:00-16:00 local time,""
TKT-00187,2026-02-15T05:13:00,CUST-018,Sana Jeong,sana.jeong@northstarfoods.example,email,High latency to internal apps,Everything on Identity Provider is super slow today. pages that normally load instantly take 20+ seconds.,Identity Provider,medium,Whole regional team affected,false,Identity Provider connectivity is intermittent enough to interrupt work.,Restarted client and retried from the same location.,Connection remains stable for internal systems.,today 09:00-11:00 local time,""
TKT-00188,2026-02-08T08:31:00,CUST-018,Tomo Walsh,tomo.walsh@northstarfoods.example,portal,Stuck in SSO redirect loop,After I click sign in on the Customer Portal the page just keeps bouncing me back and forth between the SSO screen.,Customer Portal,medium,Two team members cannot start the day's work,false,Customer Portal sign-in fails before the user reaches the app home page.,"Retyped password, tried a private browser window.",User can sign in and reach the normal landing page.,tomorrow morning local time,""
TKT-00189,2026-01-17T22:46:00,CUST-018,Nikhil Holm,nikhil.holm@northstarfoods.example,portal,VPN disconnects every few minutes,VPN keeps dropping every 3-5 minutes. happens on the VPN client. very frustrating.,VPN,low,Remote engineer cannot stay connected to internal tools,false,VPN connectivity is intermittent enough to interrupt work.,Restarted client and retried from the same location.,Connection remains stable for internal systems.,today 13:00-16:00 local time,""
TKT-00190,2026-02-17T20:48:00,CUST-001,Priya Kapoor,priya.kapoor@pacificbioworks.example,phone,CRM export missing records,Pulled a CSV from Inventory App for the QBR and a few hundred contacts are missing.,Inventory App,high,QBR slides cannot be finalized,false,"Inventory App data output is stale, incomplete, or unavailable.",Refreshed dashboard/export and retried later.,"Report/dashboard reflects current, complete data.",any time by email,""
TKT-00191,2026-03-25T17:29:00,CUST-005,Priya Patel,priya.patel@pioneerbioworks.example,portal,Service account password expired,Our automated job failed because the Customer Portal service account password expired overnight.,Customer Portal,medium,Nightly export job failing,false,Reset workflow for Customer Portal does not complete for the affected account.,Tried self-service reset link once.,User receives a usable reset path and can authenticate.,tomorrow morning local time,""
TKT-00192,2026-03-31T03:51:00,CUST-015,Erin Vega,erin.vega@helioshealth.example,portal,Email calendar sync issue,My Email calendar isn't syncing with my phone since this morning. missed a meeting because of it.,Email,high,User missed customer meeting,true,Email calendar or mailbox state is not syncing across devices.,Restarted mail/calendar app.,Mailbox/calendar state syncs consistently.,today 09:00-11:00 local time,short screen recording
TKT-00193,2026-03-03T16:43:00,CUST-008,Felix Zhao,felix.zhao@cypressanalytics.example,email,Stuck in SSO redirect loop,After I click sign in on the CRM the page just keeps bouncing me back and forth between the SSO screen.,CRM,high,Two team members cannot start the day's work,false,CRM sign-in fails before the user reaches the app home page.,"Retyped password, tried a private browser window.",User can sign in and reach the normal landing page.,any time by email,""
TKT-00194,2026-03-27T14:51:00,CUST-005,Ravi Tanaka,ravi.tanaka@pioneerbioworks.example,portal,MFA prompt never arrives,The MFA code never reaches my phone for Identity Provider. been waiting 10 min.,Identity Provider,medium,User cannot access required system,false,Identity Provider sign-in fails before the user reaches the app home page.,"Retyped password, tried a private browser window.",User can sign in and reach the normal landing page.,tomorrow morning local time,""
TKT-00195,2026-03-15T13:39:00,CUST-008,Vera Nair,vera.nair@cypressanalytics.example,email,CRM export missing records,Pulled a CSV from CRM for the QBR and a few hundred contacts are missing.,CRM,high,QBR slides cannot be finalized,false,"CRM data output is stale, incomplete, or unavailable.",Refreshed dashboard/export and retried later.,"Report/dashboard reflects current, complete data.",any time by email,""
TKT-00196,2026-02-22T17:15:00,CUST-001,Theo Okafor,theo.okafor@pacificbioworks.example,portal,Stuck in SSO redirect loop,After I click sign in on teh CRM the page just keeps bouncing me back and forth between the SSO screen. please help asap,CRM,medium,Two team members cannot start the day's work,false,CRM sign-in fails before the user reaches the app home page.,"Retyped password, tried a private browser window.",User can sign in and reach the normal landing page.,today 09:00-11:00 local time,""
TKT-00197,2026-03-11T11:29:00,CUST-004,Quinn Zhao,quinn.zhao@tesseramanufacturing.example,portal,Password reset link expired,The reset link you sent expired before I could use it. need a new one for CRM.,CRM,low,Customer demo delayed,false,Reset workflow for CRM does not complete for the affected account.,Tried self-service reset link once.,User receives a usable reset path and can authenticate.,tomorrow morning local time,""
TKT-00198,2026-03-23T01:11:00,CUST-007,Tomo Devine,tomo.devine@meridianstudios.example,email,Password reset link expired,The reset link you sent expired before I could use it. need a new one for CRM.,CRM,low,Customer demo delayed,false,Reset workflow for CRM does not complete for the affected account.,Tried self-service reset link once.,User receives a usable reset path and can authenticate.,tomorrow morning local time,""
TKT-00199,2026-03-02T12:36:00,CUST-001,Grace Grover,grace.grover@pacificbioworks.example,portal,General question about software list,Is there an approved-software list anywhere? want to install a tool but don't want to break Customer Portal.,Customer Portal,medium,Productivity blocker for one user,false,The user is unsure which team owns the Customer Portal request.,Searched the help center but did not find a clear owner.,User receives a clear owner and next step.,today 09:00-11:00 local time,""
TKT-00200,2026-02-18T01:00:00,CUST-014,Zane Grover,zane.grover@lumensystems.example,email,Out of office not sending,Set up auto-reply on Email but my colleagues say they're not getting it. please help asap,Email,high,Stakeholders unaware of leave,false,Email calendar or mailbox state is not syncing across devices.,Restarted mail/calendar app.,Mailbox/calendar state syncs consistently.,today 09:00-11:00 local time,""
TKT-00201,2026-03-07T14:14:00,CUST-006,Nikhil Mancini,nikhil.mancini@pioneerfoods.example,portal,Password reset link expired,The reset link you sent expired before I could use it. need a new one for CRM.,CRM,low,Customer demo delayed,false,Reset workflow for CRM does not complete for the affected account.,Tried self-service reset link once.,User receives a usable reset path and can authenticate.,any time by email,""
TKT-00202,2026-03-22T04:26:00,CUST-018,Kai Vega,kai.vega@northstarfoods.example,email,Wrong billing region applied,We moved offices last quarter. Customer Portal is still applying old region pricing. please help asap,Customer Portal,medium,Finance unable to close the month,false,Customer Portal billing record does not match the customer's expected account state.,Checked the invoice/account page twice.,Billing record matches the customer's current account details.,today 09:00-11:00 local time,""
TKT-00203,2026-03-26T21:14:00,CUST-009,Noor Mancini,noor.mancini@meridianmarinesolutions.example,email,High latency to internal apps,Everything on Identity Provider is super slow today. pages that normally load instantly take 20+ seconds.,Identity Provider,low,Whole regional team affected,true,Identity Provider connectivity is intermittent enough to interrupt work.,Restarted client and retried from the same location.,Connection remains stable for internal systems.,any time by email,screenshot of error
TKT-00204,2026-02-28T21:01:00,CUST-006,Lin Mancini,lin.mancini@pioneerfoods.example,portal,High latency to internal apps,Everything on Identity Provider is super slow today. pages that normally load instantly take 20+ seconds. please help asap,Identity Provider,medium,Whole regional team affected,false,Identity Provider connectivity is intermittent enough to interrupt work.,Restarted client and retried from the same location.,Connection remains stable for internal systems.,any time by email,""
TKT-00205,2026-01-27T20:24:00,CUST-006,Nikhil Xu,nikhil.xu@pioneerfoods.example,portal,Invoice total looks wrong,The invoice for last month on Billing System is much higher than expected. I think the tax rate is off.,Billing System,medium,Finance team holding payment until corrected,false,Billing System billing record does not match the customer's expected account state.,Checked the invoice/account page twice.,Billing record matches the customer's current account details.,any time by email,""
TKT-00206,2026-02-01T22:46:00,CUST-005,Alex Devine,alex.devine@pioneerbioworks.example,email,Stuck in SSO redirect loop,After I click sign in on the Customer Portal the page just keeps bouncing me back and forth between the SSO screen.,Customer Portal,high,Two team members cannot start the day's work,true,Customer Portal sign-in fails before the user reaches the app home page.,"Retyped password, tried a private browser window.",User can sign in and reach the normal landing page.,any time by email,screenshot of error
TKT-00207,2026-02-10T08:55:00,CUST-006,Lin Zhao,lin.zhao@pioneerfoods.example,portal,High latency to internal apps,Everything on VPN is super slow today. pages that normally load instantly take 20+ seconds.,VPN,medium,Whole regional team affected,false,VPN connectivity is intermittent enough to interrupt work.,Restarted client and retried from the same location.,Connection remains stable for internal systems.,today 09:00-11:00 local time,""
TKT-00208,2026-01-22T08:17:00,CUST-004,Hassan Liang,hassan.liang@tesseramanufacturing.example,portal,High latency to internal apps,Everything on VPN is super slow today. pages that normally load instantly take 20+ seconds. please help asap,VPN,high,Whole regional team affected,false,VPN connectivity is intermittent enough to interrupt work.,Restarted client and retried from the same location.,Connection remains stable for internal systems.,tomorrow morning local time,""
TKT-00209,2026-03-29T06:11:00,CUST-010,Felix Bose,felix.bose@quartzbioworks.example,email,Wireless mouse not working,"My mouse stopped responding this morning. swapped batteries, no change. please help asap",Customer Portal,medium,Single user partially blocked,false,Device or peripheral behavior remains faulty after a basic restart.,Restarted the device and checked cables/batteries.,Device works reliably enough for normal work.,today 13:00-16:00 local time,""
TKT-00210,2026-02-28T22:15:00,CUST-014,Maya Nair,maya.nair@lumensystems.example,portal,Equipment return process,Leaving the company end of month. how do I return my laptop?,Customer Portal,high,Offboarding workflow,false,The user is unsure which team owns the Customer Portal request.,Searched the help center but did not find a clear owner.,User receives a clear owner and next step.,tomorrow morning local time,""
TKT-00211,2026-03-04T21:16:00,CUST-007,Kai Devine,kai.devine@meridianstudios.example,portal,Password reset link expired,The reset link you sent expired before I could use it. need a new one for CRM.,CRM,high,Customer demo delayed,false,Reset workflow for CRM does not complete for the affected account.,Tried self-service reset link once.,User receives a usable reset path and can authenticate.,today 13:00-16:00 local time,""
TKT-00212,2026-01-31T19:06:00,CUST-017,Wren Nair,wren.nair@cypresshealth.example,email,Vendor needs limited portal access,Auditor visits Wed and needs read-only access to Identity Provider. please prioritize.,Identity Provider,medium,Audit blocked without access,false,Identity Provider access or security state needs human review before action.,Checked with manager or security contact before submitting.,Access/security action is completed with the right approvals.,any time by email,""
TKT-00213,2026-02-19T07:57:00,CUST-003,Jorge Underwood,jorge.underwood@quartzlogistics.example,phone,Password reset link expired,The reset link you sent expired before I could use it. need a new one for Customer Portal.,Customer Portal,medium,Customer demo delayed,false,Reset workflow for Customer Portal does not complete for the affected account.,Tried self-service reset link once.,User receives a usable reset path and can authenticate.,tomorrow morning local time,""
TKT-00214,2026-02-04T02:24:00,CUST-007,Nikhil Chen,nikhil.chen@meridianstudios.example,portal,High latency to internal apps,Everything on Identity Provider is super slow today. pages that normally load instantly take 20+ seconds.,Identity Provider,low,Whole regional team affected,false,Identity Provider connectivity is intermittent enough to interrupt work.,Restarted client and retried from the same location.,Connection remains stable for internal systems.,today 09:00-11:00 local time,""
TKT-00215,2026-03-10T19:53:00,CUST-016,Iris Okafor,iris.okafor@polarisrobotics.example,email,Records missing after CRM export,Exported a contact list from Analytics Dashboard this morning and a chunk of records are missing. it definitely had more rows yesterday.,Analytics Dashboard,high,Sales pipeline data inconsistent,true,Analytics Dashboard behavior is repeatable and differs from yesterday's behavior.,Refreshed browser and repeated the action.,The application action completes without missing records or freezing.,today 13:00-16:00 local time,screenshot of error
TKT-00216,2026-02-16T12:58:00,CUST-002,Iris Chen,iris.chen@summithealth.example,portal,Email calendar sync issue,My Email calendar isn't syncing with my phone since this morning. missed a meeting because of it.,Email,medium,User missed customer meeting,false,Email calendar or mailbox state is not syncing across devices.,Restarted mail/calendar app.,Mailbox/calendar state syncs consistently.,today 09:00-11:00 local time,""
TKT-00217,2026-03-28T08:47:00,CUST-008,Quinn Holm,quinn.holm@cypressanalytics.example,email,Password reset link expired,The reset link you sent expired before I could use it. need a new one for Customer Portal.,Customer Portal,medium,Customer demo delayed,true,Reset workflow for Customer Portal does not complete for the affected account.,Tried self-service reset link once.,User receives a usable reset path and can authenticate.,today 09:00-11:00 local time,invoice PDF
TKT-00218,2026-03-12T23:54:00,CUST-005,Kai Xu,kai.xu@pioneerbioworks.example,portal,Cannot log into customer portal,"I keep getting an 'invalid credentials' error when I try to sign in to the CRM, even after typing my password carefully. tried twice already.",CRM,low,One user blocked from logging in,false,CRM sign-in fails before the user reaches the app home page.,"Retyped password, tried a private browser window.",User can sign in and reach the normal landing page.,today 09:00-11:00 local time,""
TKT-00219,2026-03-26T22:47:00,CUST-009,Iris Quintero,iris.quintero@meridianmarinesolutions.example,portal,Need access for new employee,"New hire starts Monday, needs Identity Provider access at the analyst tier.",Identity Provider,medium,New hire cannot access required systems,false,Identity Provider access or security state needs human review before action.,Checked with manager or security contact before submitting.,Access/security action is completed with the right approvals.,any time by email,""
TKT-00220,2026-02-22T14:20:00,CUST-004,Lin Patel,lin.patel@tesseramanufacturing.example,phone,High latency to internal apps,Everything on Identity Provider is super slow today. pages that normally load instantly take 20+ seconds. please help asap,Identity Provider,medium,Whole regional team affected,false,Identity Provider connectivity is intermittent enough to interrupt work.,Restarted client and retried from the same location.,Connection remains stable for internal systems.,today 13:00-16:00 local time,""
TKT-00221,2026-03-04T12:36:00,CUST-004,Erin Tanaka,erin.tanaka@tesseramanufacturing.example,portal,Wireless mouse not working,"My mouse stopped responding this morning. swapped batteries, no change. please help asap",Customer Portal,high,Single user partially blocked,true,Device or peripheral behavior remains faulty after a basic restart.,Restarted the device and checked cables/batteries.,Device works reliably enough for normal work.,today 09:00-11:00 local time,export sample
TKT-00222,2026-01-21T09:49:00,CUST-010,Nikhil Jeong,nikhil.jeong@quartzbioworks.example,portal,Cannot log into customer portal,"I keep getting an 'invalid credentials' error when I try to sign in to the Identity Provider, even after typing my password carefully. tried twice already. please help asap",Identity Provider,low,One user blocked from logging in,false,Identity Provider sign-in fails before the user reaches the app home page.,"Retyped password, tried a private browser window.",User can sign in and reach the normal landing page.,any time by email,""
TKT-00223,2026-02-15T23:03:00,CUST-013,Uma Walsh,uma.walsh@auroracapital.example,portal,Saved filter not loading on dashboard,My saved filter on Inventory App disappeared overnight. now have to rebuild it from scratch.,Inventory App,low,Manager dashboard broken before exec review,true,Inventory App behavior is repeatable and differs from yesterday's behavior.,Refreshed browser and repeated the action.,The application action completes without missing records or freezing.,tomorrow morning local time,short screen recording
TKT-00224,2026-01-27T04:12:00,CUST-018,Sana Patel,sana.patel@northstarfoods.example,portal,Password reset link expired,The reset link you sent expired before I could use it. need a new one for CRM.,CRM,high,Customer demo delayed,false,Reset workflow for CRM does not complete for the affected account.,Tried self-service reset link once.,User receives a usable reset path and can authenticate.,any time by email,""
TKT-00225,2026-02-04T16:10:00,CUST-003,Chen Eskola,chen.eskola@quartzlogistics.example,email,Need password reset,Please reset my password for the Identity Provider. I tried the self-service link but it doesn't seem to work.,Identity Provider,high,One user blocked from logging in,false,Reset workflow for Identity Provider does not complete for the affected account.,Tried self-service reset link once.,User receives a usable reset path and can authenticate.,today 09:00-11:00 local time,""
TKT-00226,2026-03-21T21:39:00,CUST-016,Theo Devine,theo.devine@polarisrobotics.example,portal,Account locked after travel,Getting account-locked errors on Customer Portal since flying to a new region.,Customer Portal,low,Field rep blocked from CRM during customer visit,false,Customer Portal sign-in fails before the user reaches the app home page.,"Retyped password, tried a private browser window.",User can sign in and reach the normal landing page.,today 09:00-11:00 local time,""
TKT-00227,2026-01-29T06:55:00,CUST-002,Hassan Grover,hassan.grover@summithealth.example,portal,Out of office not sending,Set up auto-reply on Email but my colleagues say they're not getting it.,Email,high,Stakeholders unaware of leave,true,Email calendar or mailbox state is not syncing across devices.,Restarted mail/calendar app.,Mailbox/calendar state syncs consistently.,tomorrow morning local time,export sample
TKT-00228,2026-03-18T07:37:00,CUST-012,Nikhil Chen,nikhil.chen@ironhillcapital.example,portal,Stuck in SSO redirect loop,After I click sign in on the Customer Portal the page just keeps bouncing me back and forth between the SSO screen.,Customer Portal,medium,Two team members cannot start the day's work,true,Customer Portal sign-in fails before the user reaches the app home page.,"Retyped password, tried a private browser window.",User can sign in and reach the normal landing page.,tomorrow morning local time,export sample
TKT-00229,2026-02-13T18:05:00,CUST-012,Vera Quintero,vera.quintero@ironhillcapital.example,portal,Wi-Fi drops in conference room,Wi-Fi in conf room B keeps dropping connection. Identity Provider won't reauthorize properly.,Identity Provider,low,Customer demos interrupted,false,Identity Provider connectivity is intermittent enough to interrupt work.,Restarted client and retried from the same location.,Connection remains stable for internal systems.,today 13:00-16:00 local time,""
TKT-00230,2026-02-08T08:38:00,CUST-001,Erin Underwood,erin.underwood@pacificbioworks.example,email,Cannot download invoice PDF,The Download Invoice button on Customer Portal just spins forever. tried Chrome and Safari.,Customer Portal,medium,Customer cannot file expense reports,false,Customer Portal billing record does not match the customer's expected account state.,Checked the invoice/account page twice.,Billing record matches the customer's current account details.,today 13:00-16:00 local time,""
TKT-00231,2026-03-05T01:51:00,CUST-005,Theo Chen,theo.chen@pioneerbioworks.example,portal,Cannot download invoice PDF,The Download Invoice button on Billing System just spins forever. tried Chrome and Safari. please help asap,Billing System,medium,Customer cannot file expense reports,false,Billing System billing record does not match the customer's expected account state.,Checked the invoice/account page twice.,Billing record matches the customer's current account details.,today 09:00-11:00 local time,""
TKT-00232,2026-03-02T16:21:00,CUST-014,Hassan Liang,hassan.liang@lumensystems.example,phone,Out of office not sending,Set up auto-reply on Email but my colleagues say tehy're not getting it. please help asap,Email,low,Stakeholders unaware of leave,false,Email calendar or mailbox state is not syncing across devices.,Restarted mail/calendar app.,Mailbox/calendar state syncs consistently.,any time by email,""
TKT-00233,2026-01-27T07:23:00,CUST-016,Grace Kapoor,grace.kapoor@polarisrobotics.example,portal,Service account password expired,Our automated job failed because the Identity Provider service account password expired overnight.,Identity Provider,medium,Nightly export job failing,false,Reset workflow for Identity Provider does not complete for the affected account.,Tried self-service reset link once.,User receives a usable reset path and can authenticate.,any time by email,""
TKT-00234,2026-03-19T09:14:00,CUST-003,Ravi Grover,ravi.grover@quartzlogistics.example,portal,Need access for new employee,"New hire starts Monday, needs Identity Provider access at the analyst tier.",Identity Provider,critical,New hire cannot access required systems,false,Identity Provider access or security state needs human review before action.,Checked with manager or security contact before submitting.,Access/security action is completed with the right approvals.,any time by email,""
TKT-00235,2026-02-02T19:38:00,CUST-013,Jorge Holm,jorge.holm@auroracapital.example,portal,Vendor needs limited portal access,Auditor visits Wed and needs read-only access to Identity Provider. please prioritize.,Identity Provider,critical,Audit blocked without access,false,Identity Provider access or security state needs human review before action.,Checked with manager or security contact before submitting.,Access/security action is completed with the right approvals.,today 13:00-16:00 local time,""
TKT-00236,2026-03-15T01:43:00,CUST-006,Sana Jeong,sana.jeong@pioneerfoods.example,phone,Service account password expired,Our automated job failed because the Identity Provider service account password expired overnight.,Identity Provider,medium,Nightly export job failing,false,Reset workflow for Identity Provider does not complete for the affected account.,Tried self-service reset link once.,User receives a usable reset path and can authenticate.,tomorrow morning local time,""
TKT-00237,2026-02-27T16:42:00,CUST-017,Theo Vega,theo.vega@cypresshealth.example,portal,Saved filter not loading on dashboard,My saved filter on Inventory App disappeared overnight. now have to rebuild it from scratch.,Inventory App,low,Manager dashboard broken before exec review,false,Inventory App behavior is repeatable and differs from yesterday's behavior.,Refreshed browser and repeated the action.,The application action completes without missing records or freezing.,tomorrow morning local time,""
TKT-00238,2026-03-06T00:45:00,CUST-011,Bea Mancini,bea.mancini@polarislogistics.example,phone,High latency to internal apps,Everything on Identity Provider is super slow today. pages that normally load instantly take 20+ seconds.,Identity Provider,low,Whole regional team affected,false,Identity Provider connectivity is intermittent enough to interrupt work.,Restarted client and retried from the same location.,Connection remains stable for internal systems.,tomorrow morning local time,""
TKT-00239,2026-02-11T19:36:00,CUST-013,Vera Fontaine,vera.fontaine@auroracapital.example,phone,CRM export missing records,Pulled a CSV from Analytics Dashboard for the QBR and a few hundred contacts are missing.,Analytics Dashboard,medium,QBR slides cannot be finalized,false,"Analytics Dashboard data output is stale, incomplete, or unavailable.",Refreshed dashboard/export and retried later.,"Report/dashboard reflects current, complete data.",today 09:00-11:00 local time,""
TKT-00240,2026-02-18T05:55:00,CUST-009,Vera Singh,vera.singh@meridianmarinesolutions.example,email,Stuck in SSO redirect loop,After I click sign in on the Identity Provider the page just keeps bouncing me back and forth between the SSO screen.,Identity Provider,medium,Two team members cannot start the day's work,false,Identity Provider sign-in fails before the user reaches the app home page.,"Retyped password, tried a private browser window.",User can sign in and reach the normal landing page.,today 09:00-11:00 local time,""
TKT-00241,2026-02-17T17:21:00,CUST-017,Tomo Underwood,tomo.underwood@cypresshealth.example,portal,MFA prompt never arrives,The MFA code never reaches my phone for Customer Portal. been waiting 10 min.,Customer Portal,high,User cannot access required system,true,Customer Portal sign-in fails before the user reaches the app home page.,"Retyped password, tried a private browser window.",User can sign in and reach the normal landing page.,any time by email,invoice PDF
TKT-00242,2026-02-16T16:02:00,CUST-016,Olu Tanaka,olu.tanaka@polarisrobotics.example,portal,Password reset link expired,The reset link you sent expired before I could use it. need a new one for Identity Provider.,Identity Provider,low,Customer demo delayed,true,Reset workflow for Identity Provider does not complete for the affected account.,Tried self-service reset link once.,User receives a usable reset path and can authenticate.,today 13:00-16:00 local time,screenshot of error
TKT-00243,2026-03-18T16:29:00,CUST-003,Yuki Fontaine,yuki.fontaine@quartzlogistics.example,email,Need password reset,Please reset my password for the Identity Provider. I tried the self-service link but it doesn't seem to work.,Identity Provider,medium,One user blocked from logging in,false,Reset workflow for Identity Provider does not complete for the affected account.,Tried self-service reset link once.,User receives a usable reset path and can authenticate.,today 09:00-11:00 local time,""
TKT-00244,2026-01-25T07:21:00,CUST-012,Erin Bose,erin.bose@ironhillcapital.example,email,Wi-Fi drops in conference room,Wi-Fi in conf room B keeps dropping connection. Identity Provider won't reauthorize properly.,Identity Provider,medium,Customer demos interrupted,false,Identity Provider connectivity is intermittent enough to interrupt work.,Restarted client and retried from the same location.,Connection remains stable for internal systems.,today 09:00-11:00 local time,""
TKT-00245,2026-03-27T09:52:00,CUST-012,Zane Nair,zane.nair@ironhillcapital.example,email,Need help with a workflow,Not sure who owns this but I can't figure out how to do X in Customer Portal. Documentation isn't helpful.,Customer Portal,low,User unable to complete task,true,The user is unsure which team owns the Customer Portal request.,Searched the help center but did not find a clear owner.,User receives a clear owner and next step.,tomorrow morning local time,export sample
TKT-00246,2026-01-15T12:57:00,CUST-015,Jorge Tanaka,jorge.tanaka@helioshealth.example,email,High latency to internal apps,Everything on Identity Provider is super slow today. pages that normally load instantly take 20+ seconds.,Identity Provider,low,Whole regional team affected,false,Identity Provider connectivity is intermittent enough to interrupt work.,Restarted client and retried from the same location.,Connection remains stable for internal systems.,any time by email,""
TKT-00247,2026-03-19T21:24:00,CUST-014,Vera Adler,vera.adler@lumensystems.example,portal,Wrong billing region applied,We moved offices last quarter. Billing System is still applying old region pricing.,Billing System,high,Finance unable to close the month,false,Billing System billing record does not match the customer's expected account state.,Checked the invoice/account page twice.,Billing record matches the customer's current account details.,today 09:00-11:00 local time,""
TKT-00248,2026-01-17T07:14:00,CUST-011,Priya Kapoor,priya.kapoor@polarislogistics.example,email,Cannot download invoice PDF,The Download Invoice button on Billing System just spins forever. tried Chrome and Safari.,Billing System,critical,Customer cannot file expense reports,false,Billing System billing record does not match the customer's expected account state.,Checked the invoice/account page twice.,Billing record matches the customer's current account details.,any time by email,""
TKT-00249,2026-03-06T20:16:00,CUST-017,Theo Holm,theo.holm@cypresshealth.example,portal,Service account password expired,Our automated job failed because the Identity Provider service account password expired overnight.,Identity Provider,low,Nightly export job failing,false,Reset workflow for Identity Provider does not complete for the affected account.,Tried self-service reset link once.,User receives a usable reset path and can authenticate.,any time by email,""
TKT-00250,2026-02-28T20:28:00,CUST-016,Ravi Devine,ravi.devine@polarisrobotics.example,portal,Printer offline error,The shared printer keeps showing offline even after restart. on the Customer Portal portal it's listed as online though. please help asap,Customer Portal,medium,Team cannot print client deliverables,false,Device or peripheral behavior remains faulty after a basic restart.,Restarted the device and checked cables/batteries.,Device works reliably enough for normal work.,today 09:00-11:00 local time,""
